"","S1","S2","S3","S4","S5","S6","S7","S8","S9","S10","S11","S12","S13","S14","S15","AAindex:ANDN920101_1","AAindex:ANDN920101_2","AAindex:ANDN920101_3","AAindex:ANDN920101_4","AAindex:ANDN920101_5","AAindex:ANDN920101_6","AAindex:ANDN920101_7","AAindex:ANDN920101_8","AAindex:ANDN920101_9","AAindex:ANDN920101_10","AAindex:ANDN920101_11","AAindex:ANDN920101_12","AAindex:ANDN920101_13","AAindex:ANDN920101_14","AAindex:ANDN920101_15"
"YRSPVQENSSDLNKS ",6,7,8,7,5,4,5,6,6,5,5,6,6,7,8,4.6,4.38,4.5,4.44,3.95,4.37,4.29,4.75,4.5,4.5,4.76,4.17,4.75,4.36,4.5
"PGTKFLNNGTCTAEG ",7,7,5,4,3,4,6,7,7,6,5,5,6,6,7,4.44,3.97,4.35,4.36,4.66,4.17,4.75,4.75,3.97,4.35,4.65,4.35,4.35,4.29,3.97
"DKKSGVINLTEEVLW ",7,7,7,6,6,4,4,4,5,4,4,4,4,4,5,4.76,4.36,4.36,4.5,3.97,3.95,3.95,4.75,4.17,4.35,4.29,4.29,3.95,4.17,4.7
"RGECKISNSSDTVEC ",6,6,5,4,5,4,6,7,8,8,7,6,4,5,6,4.38,3.97,4.29,4.65,4.36,3.95,4.5,4.75,4.5,4.5,4.76,4.35,3.95,4.29,4.65
"GKIDSTGNVTNELRV ",6,5,5,5,8,8,8,7,5,5,5,4,4,4,4,3.97,4.36,3.95,4.76,4.5,4.35,3.97,4.75,3.95,4.35,4.75,4.29,4.17,4.38,3.95
"ATCINPLNGSVCERP ",7,5,5,5,6,7,8,8,7,6,4,5,7,7,7,4.35,4.35,4.65,3.95,4.75,4.44,4.17,4.75,3.97,4.5,3.95,4.65,4.29,4.38,4.44
"SVCERPANHSAKQCR ",7,7,7,7,8,8,8,7,7,7,7,6,6,7,7,4.5,3.95,4.65,4.29,4.38,4.44,4.35,4.75,4.63,4.5,4.35,4.36,4.37,4.65,4.38
"CPPAVTENKTVTATF ",8,8,7,5,5,5,7,8,7,5,5,5,6,6,6,4.65,4.44,4.44,4.35,3.95,4.35,4.29,4.75,4.36,4.35,3.95,4.35,4.35,4.35,4.66
"GSGIYAPNSSRAFHY ",6,5,5,6,6,5,7,8,7,6,4,4,5,5,5,3.97,4.5,3.97,3.95,4.6,4.35,4.44,4.75,4.5,4.5,4.38,4.35,4.66,4.63,4.6
"KLTGVAGNYTVCQKD ",6,6,7,7,7,6,5,7,5,4,5,5,4,4,7,4.36,4.17,4.35,3.97,3.95,4.35,3.97,4.75,4.6,4.35,3.95,4.65,4.37,4.36,4.76
"QDGFSLSNNSLLVPT ",7,7,6,5,5,6,6,7,7,6,5,5,5,5,7,4.37,4.76,3.97,4.66,4.5,4.17,4.5,4.75,4.75,4.5,4.17,4.17,3.95,4.44,4.35
"DERCFLGNGTGYRGV ",7,6,6,6,5,5,7,8,8,7,6,5,5,5,6,4.76,4.29,4.38,4.65,4.66,4.17,3.97,4.75,3.97,4.35,3.97,4.6,4.38,3.97,3.95
"DDGEEKNNATVHEQV ",7,8,8,7,6,7,7,7,6,5,5,4,4,4,3,4.76,4.76,3.97,4.29,4.29,4.36,4.75,4.75,4.35,4.35,3.95,4.63,4.29,4.37,3.95
"LTRTVLENSTSYEEA ",4,4,4,4,4,4,6,7,7,7,6,5,4,4,5,4.17,4.35,4.38,4.35,3.95,4.17,4.29,4.75,4.5,4.35,4.5,4.6,4.29,4.29,4.35
"RGQALLVNSSQPWEP ",6,7,6,4,5,5,4,6,8,8,8,7,5,4,5,4.38,3.97,4.37,4.35,4.17,4.17,3.95,4.75,4.5,4.5,4.37,4.44,4.7,4.29,4.44
"LEAKEAENITTGCAE ",6,5,4,5,6,6,5,4,4,4,5,5,5,5,5,4.17,4.29,4.35,4.36,4.29,4.35,4.29,4.75,3.95,4.35,4.35,3.97,4.65,4.35,4.29
"EHCSLNENITVPDTK ",6,6,6,6,6,7,7,5,5,6,4,7,8,7,7,4.29,4.63,4.65,4.5,4.17,4.75,4.29,4.75,3.95,4.35,3.95,4.44,4.76,4.35,4.36
"SFPHPGFNMSLLENH ",7,8,8,8,8,7,6,5,5,5,6,6,5,5,7,4.5,4.66,4.44,4.63,4.44,3.97,4.66,4.75,4.52,4.5,4.17,4.17,4.29,4.75,4.63
"FNMSLLENHTRQADE ",7,6,5,7,7,6,5,7,6,4,5,5,4,6,7,4.66,4.75,4.52,4.5,4.17,4.17,4.29,4.75,4.63,4.35,4.38,4.37,4.35,4.76,4.29
"WGSIEPENFSFPDDL ",7,7,5,7,8,5,4,4,5,7,8,8,7,7,7,4.7,3.97,4.5,3.95,4.29,4.44,4.29,4.75,4.66,4.5,4.66,4.44,4.76,4.76,4.17
"PKGAFISNFSMTVDG ",8,8,8,7,5,6,6,7,7,8,8,8,8,5,7,4.44,4.36,3.97,4.35,4.66,3.95,4.5,4.75,4.66,4.5,4.52,4.35,3.95,4.76,3.97
"DSTPSWANPSPTPVI ",8,7,7,7,6,5,7,8,8,8,8,8,6,6,8,4.76,4.5,4.35,4.44,4.5,4.7,4.35,4.75,4.44,4.5,4.44,4.35,4.44,3.95,3.95
"RVCREAGNHTSGAGL ",8,8,7,6,4,6,8,8,7,7,7,7,6,5,4,4.38,3.95,4.65,4.38,4.29,4.35,3.97,4.75,4.63,4.35,4.5,3.97,4.35,3.97,4.17
"KEFNNWFNVTGSDKC ",4,4,3,4,4,4,4,5,6,7,8,8,7,6,5,4.36,4.29,4.66,4.75,4.75,4.7,4.66,4.75,3.95,4.35,3.97,4.5,4.76,4.36,4.65
"HVYEKHANWTLTPLK ",4,5,6,7,7,7,6,5,4,4,4,5,6,6,6,4.63,3.95,4.6,4.29,4.36,4.63,4.35,4.75,4.7,4.35,4.17,4.35,4.44,4.17,4.36
"NSQGCGRNATTPLWR ",7,7,7,7,7,7,7,7,7,7,6,5,5,4,4,4.75,4.5,4.37,3.97,4.65,3.97,4.38,4.75,4.35,4.35,4.35,4.44,4.17,4.7,4.38
"ASQLMGENRTMTIHN ",4,4,4,4,5,7,8,8,7,5,4,4,4,6,6,4.35,4.5,4.37,4.17,4.52,3.97,4.29,4.75,4.38,4.35,4.52,4.35,3.95,4.63,4.75
"SRLRLLGNYSLWLEG ",6,4,4,3,3,4,6,6,5,4,4,4,4,4,4,4.5,4.38,4.17,4.38,4.17,4.17,3.97,4.75,4.6,4.5,4.17,4.7,4.17,4.29,3.97
"LKKEGYSNISYIVVN ",5,5,5,6,7,7,6,6,5,4,5,6,6,5,6,4.17,4.36,4.36,4.29,3.97,4.6,4.5,4.75,3.95,4.5,4.6,3.95,3.95,3.95,4.75
"DNTRVVYNRSSGLVS ",8,8,6,4,6,5,5,5,7,7,7,6,5,4,4,4.76,4.75,4.35,4.38,3.95,3.95,4.6,4.75,4.38,4.5,4.5,3.97,4.17,3.95,4.5
"FISTPSFNYTGRDFQ ",4,4,6,7,7,6,5,5,5,6,6,6,6,5,4,4.66,3.95,4.5,4.35,4.44,4.5,4.66,4.75,4.6,4.35,3.97,4.38,4.76,4.66,4.37
"HLNMVFSNLTLEHIN ",4,4,4,4,4,5,6,6,6,6,5,6,6,7,8,4.63,4.17,4.75,4.52,3.95,4.66,4.5,4.75,4.17,4.35,4.17,4.29,4.63,3.95,4.75
"TPKAELSNHTRPVIL ",8,7,6,5,4,4,6,7,7,7,7,5,5,5,4,4.35,4.44,4.36,4.35,4.29,4.17,4.5,4.75,4.63,4.35,4.38,4.44,3.95,3.95,4.17
"DGRGLCVNASAVSRL ",6,7,7,5,4,4,5,5,5,5,4,4,4,4,4,4.76,3.97,4.38,3.97,4.17,4.65,3.95,4.75,4.35,4.5,4.35,3.95,4.5,4.38,4.17
"VPDMVDKNLTCPEEE ",7,7,7,7,5,5,6,6,7,8,8,8,8,8,8,3.95,4.44,4.76,4.52,3.95,4.76,4.36,4.75,4.17,4.35,4.65,4.44,4.29,4.29,4.29
"GSEDASKKDGAVESI ",8,7,6,5,5,7,6,7,7,7,7,4,4,4,5,3.97,4.5,4.29,4.76,4.35,4.5,4.36,4.36,4.76,3.97,4.35,3.95,4.29,4.5,3.95
"EGTKLLPNETSTDNA ",6,7,7,4,4,7,8,7,7,7,7,7,7,5,4,4.29,3.97,4.35,4.36,4.17,4.17,4.44,4.75,4.29,4.35,4.5,4.35,4.76,4.75,4.35
"AQSIIDANDTLKDLT ",4,4,4,4,5,6,7,6,5,4,5,5,4,4,5,4.35,4.37,4.5,3.95,3.95,4.76,4.35,4.75,4.76,4.35,4.17,4.36,4.76,4.17,4.35
"GLSVKVVNSTTGPGE ",6,6,5,4,4,5,4,5,6,7,7,8,8,7,6,3.97,4.17,4.5,3.95,4.36,3.95,3.95,4.75,4.5,4.35,4.35,3.97,4.44,3.97,4.29
"TLDNNVVNGSSPAIR ",5,6,6,6,5,5,5,7,8,7,7,5,4,4,5,4.35,4.17,4.76,4.75,4.75,3.95,3.95,4.75,3.97,4.5,4.5,4.44,4.35,3.95,4.38
"SGKLPTQNITFQTES ",7,8,7,7,7,7,6,6,5,5,5,6,6,6,6,4.5,3.97,4.36,4.17,4.44,4.35,4.37,4.75,3.95,4.35,4.66,4.37,4.35,4.29,4.5
"LVPVLAENYNKSDNC ",5,5,4,4,4,4,4,5,6,7,7,8,7,7,6,4.17,3.95,4.44,3.95,4.17,4.35,4.29,4.75,4.6,4.75,4.36,4.5,4.76,4.75,4.65
"PVLAENYNKSDNCED ",5,3,4,3,4,5,6,7,7,8,7,7,6,6,6,4.44,3.95,4.17,4.35,4.29,4.75,4.6,4.75,4.36,4.5,4.76,4.75,4.65,4.29,4.76
"QQHLFGSNVTDCSGN ",5,4,4,4,6,7,7,6,5,5,5,6,7,7,7,4.37,4.37,4.63,4.17,4.66,3.97,4.5,4.75,3.95,4.35,4.76,4.65,4.5,3.97,4.75
"TTTTKGENFTETDVK ",6,5,5,6,6,6,6,5,5,6,6,6,6,6,5,4.35,4.35,4.35,4.35,4.36,3.97,4.29,4.75,4.66,4.35,4.29,4.35,4.76,3.95,4.36
"AHFFAPQNLTNMNKN ",5,4,5,6,7,6,6,5,5,5,5,6,6,6,6,4.35,4.63,4.66,4.66,4.35,4.44,4.37,4.75,4.17,4.35,4.75,4.52,4.75,4.36,4.75
"VDREERANLSSQALQ ",6,6,4,5,5,5,4,4,5,5,5,4,4,4,5,3.95,4.76,4.38,4.29,4.29,4.38,4.35,4.75,4.17,4.5,4.5,4.37,4.35,4.17,4.37
"LDVDQALNRSHEIWT ",5,6,5,5,5,4,5,6,6,6,6,5,4,3,3,4.17,4.76,3.95,4.76,4.37,4.35,4.17,4.75,4.38,4.5,4.63,4.29,3.95,4.7,4.35
"LYMLCTGNSSHSSWD ",3,4,4,5,5,5,7,8,8,7,7,6,6,5,4,4.17,4.6,4.52,4.17,4.65,4.35,3.97,4.75,4.5,4.5,4.63,4.5,4.5,4.7,4.76
"CTSSATRNTTKQVTP ",4,5,5,7,7,7,7,7,7,7,6,5,5,6,8,4.65,4.35,4.5,4.5,4.35,4.35,4.38,4.75,4.35,4.35,4.36,4.37,3.95,4.35,4.44
"LPPSSYFNASGRAYP ",9,8,8,7,5,4,4,4,4,4,7,5,7,8,8,4.17,4.44,4.44,4.5,4.5,4.6,4.66,4.75,4.35,4.5,3.97,4.38,4.35,4.6,4.44
"CPLLAPLNDTRVVHA ",7,6,4,4,5,6,7,8,8,7,5,5,6,7,7,4.65,4.44,4.17,4.17,4.35,4.44,4.17,4.75,4.76,4.35,4.38,3.95,3.95,4.63,4.35
"AAFNAQNNGSNFQLE ",7,7,6,5,5,6,8,8,8,5,6,7,8,7,7,4.35,4.35,4.66,4.75,4.35,4.37,4.75,4.75,3.97,4.5,4.75,4.66,4.37,4.17,4.29
"CKTKYSLNSTTWKVL ",5,5,5,5,6,6,7,8,7,7,6,6,5,4,3,4.65,4.36,4.35,4.36,4.6,4.5,4.17,4.75,4.5,4.35,4.35,4.7,4.36,3.95,4.17
"AQTPHTHNRTPENFP ",4,5,7,7,7,7,7,8,8,8,8,7,7,7,7,4.35,4.37,4.35,4.44,4.63,4.35,4.63,4.75,4.38,4.35,4.44,4.29,4.75,4.66,4.44
"ALKKPTVNLTTVLIG ",6,6,7,7,7,5,4,5,5,5,5,4,4,5,7,4.35,4.17,4.36,4.36,4.44,4.35,3.95,4.75,4.17,4.35,4.35,3.95,4.17,3.95,3.97
"EGVVKLQNLTLPTNA ",7,5,7,7,7,4,4,5,6,6,7,7,6,5,5,4.29,3.97,3.95,3.95,4.36,4.17,4.37,4.75,4.17,4.35,4.17,4.44,4.35,4.75,4.35
"QNLTLPTNASIKFNP ",5,6,6,6,6,6,7,7,6,5,4,5,6,7,7,4.37,4.75,4.17,4.35,4.17,4.44,4.35,4.75,4.35,4.5,3.95,4.36,4.66,4.75,4.44
"TNASIKFNPGAESVV ",6,6,6,6,6,6,8,8,9,8,7,5,3,4,4,4.35,4.75,4.35,4.5,3.95,4.36,4.66,4.75,4.44,3.97,4.35,4.29,4.5,3.95,3.95
"LLQKKIDNISLTVND ",4,3,7,7,7,7,7,7,7,8,8,8,8,7,5,4.17,4.17,4.37,4.36,4.36,3.95,4.76,4.75,3.95,4.5,4.17,4.35,3.95,4.75,4.76
"RQIIQKVNESVVSIA ",5,4,4,5,7,7,7,8,8,9,9,9,9,9,9,4.38,4.37,3.95,3.95,4.37,4.36,3.95,4.75,4.29,4.5,3.95,3.95,4.5,3.95,4.35
"ILYYESLNKTLSKLK ",8,7,7,7,6,5,4,5,5,5,5,5,7,8,8,3.95,4.17,4.6,4.6,4.29,4.5,4.17,4.75,4.36,4.35,4.17,4.5,4.36,4.17,4.36
"IQESKINNLTVSLEM ",8,8,8,8,8,8,8,8,7,7,6,6,5,5,5,3.95,4.37,4.29,4.5,4.36,3.95,4.75,4.75,4.17,4.35,3.95,4.5,4.17,4.29,4.52
"LEMEDGLNKTMTIIN ",4,3,4,4,5,6,7,7,7,4,6,7,7,6,5,4.17,4.29,4.52,4.29,4.76,3.97,4.17,4.75,4.36,4.35,4.52,4.35,3.95,3.95,4.75
"IPQFHRLNDSIQTLV ",7,5,5,6,5,5,4,5,5,5,3,3,5,7,7,3.95,4.44,4.37,4.66,4.63,4.38,4.17,4.75,4.76,4.5,3.95,4.37,4.35,4.17,3.95
"IPRDEKLNQSNFQKM ",6,5,8,8,7,6,7,7,5,4,5,8,8,8,8,3.95,4.44,4.38,4.76,4.29,4.36,4.17,4.75,4.37,4.5,4.75,4.66,4.37,4.36,4.52
"QKMYQMFNETTSQVR ",8,8,8,8,7,4,5,7,7,7,6,5,4,4,3,4.37,4.36,4.52,4.6,4.37,4.52,4.66,4.75,4.29,4.35,4.35,4.5,4.37,3.95,4.38
"QVRKYQQNMSHLEEK ",3,4,5,5,6,6,6,6,6,6,6,5,5,5,4,4.37,3.95,4.38,4.36,4.6,4.37,4.37,4.75,4.52,4.5,4.63,4.17,4.29,4.29,4.36
"STSVSELNATIPKWI ",4,5,6,5,7,7,5,5,6,6,7,8,8,8,8,4.5,4.35,4.5,3.95,4.5,4.29,4.17,4.75,4.35,4.35,3.95,4.44,4.36,4.7,3.95
"KTQAALSNLTCCIDR ",4,5,5,4,4,4,6,7,6,5,5,5,4,6,6,4.36,4.35,4.37,4.35,4.35,4.17,4.5,4.75,4.17,4.35,4.65,4.65,3.95,4.76,4.38
"VLSNYDANKTGLKEL ",6,7,6,5,4,5,5,7,8,8,8,8,7,5,5,3.95,4.17,4.5,4.75,4.6,4.76,4.35,4.75,4.36,4.35,3.97,4.17,4.36,4.29,4.17
"VSSDFLSNMSMDFQN ",5,5,6,7,8,8,8,7,7,6,5,6,7,7,8,3.95,4.5,4.5,4.76,4.66,4.17,4.5,4.75,4.52,4.5,4.52,4.76,4.66,4.37,4.75
"KCDPSCPNGSCWGAG ",8,8,8,7,7,7,8,7,8,8,7,7,8,8,8,4.36,4.65,4.76,4.44,4.5,4.65,4.44,4.75,3.97,4.5,4.65,4.7,3.97,4.35,3.97
"FKDSLSINATNIKHF ",7,7,7,8,7,7,7,7,6,6,6,6,6,7,7,4.66,4.36,4.76,4.5,4.17,4.5,3.95,4.75,4.35,4.35,4.75,3.95,4.36,4.63,4.66
"TNIKHFKNCTSISGD ",7,6,7,7,5,6,7,7,7,6,6,6,7,7,6,4.35,4.75,3.95,4.36,4.63,4.66,4.36,4.75,4.65,4.35,4.5,3.95,4.5,3.97,4.76
"LIQAWPENRTDLHAF ",5,4,4,5,7,8,8,8,8,7,7,6,6,6,6,4.17,3.95,4.37,4.35,4.7,4.44,4.29,4.75,4.38,4.35,4.76,4.17,4.63,4.35,4.66
"SLAVVSLNITSLGLR ",5,5,5,5,6,7,8,7,7,7,7,8,8,8,8,4.5,4.17,4.35,3.95,3.95,4.5,4.17,4.75,3.95,4.35,4.5,4.17,3.97,4.17,4.38
"RDCVSCRNVSRGREC ",7,6,5,5,5,5,5,5,5,7,8,8,8,7,6,4.38,4.76,4.65,3.95,4.5,4.65,4.38,4.75,3.95,4.5,4.38,3.97,4.38,4.29,4.65
"ECLPQAMNITCTGRG ",5,4,6,7,8,8,8,8,7,7,6,7,8,8,8,4.29,4.65,4.17,4.44,4.37,4.35,4.52,4.75,3.95,4.35,4.65,4.35,3.97,4.38,3.97
"LSLQRMFNNCEVVLG ",7,7,7,7,7,3,5,8,9,8,6,7,8,7,7,4.17,4.5,4.17,4.37,4.38,4.52,4.66,4.75,4.75,4.65,4.29,3.95,3.95,4.17,3.97
"PAGVMGENNTLVWKY ",8,7,7,7,8,8,8,8,8,7,5,5,6,6,5,4.44,4.35,3.97,3.95,4.52,3.97,4.29,4.75,4.75,4.35,4.17,3.95,4.7,4.36,4.6
"VCHLCHPNCTYGCTG ",5,5,5,5,7,8,7,7,7,6,7,8,8,8,8,3.95,4.65,4.63,4.17,4.65,4.63,4.44,4.75,4.65,4.35,4.6,3.97,4.65,4.35,3.97
