"","S1","S2","S3","S4","S5","S6","S7","S8","S9","S10","S11","S12","S13","S14","S15","AAindex:ANDN920101_1","AAindex:ANDN920101_2","AAindex:ANDN920101_3","AAindex:ANDN920101_4","AAindex:ANDN920101_5","AAindex:ANDN920101_6","AAindex:ANDN920101_7","AAindex:ANDN920101_8","AAindex:ANDN920101_9","AAindex:ANDN920101_10","AAindex:ANDN920101_11","AAindex:ANDN920101_12","AAindex:ANDN920101_13","AAindex:ANDN920101_14","AAindex:ANDN920101_15","CTD:C_small","CTD:C_medium","CTD:C_large","CTD:T_small_medium","CTD:T_small_large","CTD:T_medium_large","CTD:D_small_1st","CTD:D_small_25%","CTD:D_small_50%","CTD:D_small_75%","CTD:D_small_100%","CTD:D_medium_1st","CTD:D_medium_25%","CTD:D_medium_50%","CTD:D_medium_75%","CTD:D_medium_100%","CTD:D_large_1st","CTD:D_large_25%","CTD:D_large_50%","CTD:D_large_75%","CTD:D_large_100%","H:1","H:2","H:3","H:4","H:5","H:6","H:7","H:8","H:9","H:10","H:11","H:12","H:13","H:14","H:15","PAC:R","PAC:K","PAC:E","PAC:D","PAC:Q","PAC:N","PAC:W","PAC:G","PAC:A","PAC:S","PAC:T","PAC:P","PAC:H","PAC:Y","PAC:C","PAC:V","PAC:L","PAC:I","PAC:M","PAC:F","PAC:1","PAC:2","PAC:3","PAC:4"
"AERAIPVSREEKPTS.",6,6,6,7,8,7,8,8,8,7,8,8,8,8,8,4.35,4.29,4.38,4.35,3.95,4.44,3.95,4.5,4.38,4.29,4.29,4.36,4.44,4.35,4.5,0.4375,0.3125,0.1875,0.333333333333333,0.2,0.2,0.0625,0.25,0.5,0.875,0,0.125,0.3125,0.4375,0.6875,0,0.1875,0.1875,0.5625,0.75,0,1.81,-6.81,-14.92,1.81,4.92,4.04,4.04,-3.4,-14.92,-6.81,-6.81,-5.55,4.04,-2.57,-3.4,0.108265411520214,0.054132705760107,0.162398117280321,0,0,0,0,0,0.108265411520214,0.108265411520214,0.054132705760107,0.108265411520214,0,0,0,0.054132705760107,0,0.054132705760107,0,0,0.0649876302516508,0.0306154667315153,0.0362064591968961,0.0561998574183327
"KQQEPVTSTSLVFGK.",7,7,7,7,7,7,7,7,7,6,5,5,7,7,6,4.36,4.37,4.37,4.29,4.44,3.95,4.35,4.5,4.35,4.5,4.17,3.95,4.66,3.97,4.36,0.375,0.375,0.1875,0.266666666666667,0.133333333333333,0.133333333333333,0.3125,0.4375,0.5625,0.875,0,0.125,0.1875,0.375,0.75,0,0.0625,0.0625,0.8125,0.9375,0,-5.55,-5.54,-5.54,-6.81,4.04,4.04,-2.57,-3.4,-2.57,-3.4,4.92,4.04,2.98,0.94,-5.55,0,0.103818661384568,0.0519093306922839,0,0.103818661384568,0,0,0.0519093306922839,0,0.103818661384568,0.103818661384568,0.0519093306922839,0,0,0,0.103818661384568,0.0519093306922839,0,0,0.0519093306922839,0.0955215738234033,0.0247124999660249,0.0308856474483214,0.0702403183779914
"STFSFSMTKPSEKES.",6,6,5,5,6,7,7,8,8,8,7,7,6,6,6,4.5,4.35,4.66,4.5,4.66,4.5,4.52,4.35,4.36,4.44,4.5,4.29,4.36,4.29,4.5,0.5,0.125,0.3125,0.133333333333333,0.533333333333333,0.133333333333333,0.0625,0.25,0.5,0.6875,0,0.75,0.75,0.875,0,0,0.1875,0.3125,0.4375,0.8125,0,-3.4,-2.57,2.98,-3.4,2.98,-3.4,2.35,-2.57,-5.55,4.04,-3.4,-6.81,-5.55,-6.81,-3.4,0,0.105309462956024,0.105309462956024,0,0,0,0,0,0,0.26327365739006,0.105309462956024,0.052654731478012,0,0,0,0,0,0,0.052654731478012,0.105309462956024,0.0806366979522825,0.0395366712426905,0.0253792836178655,0.0646263750169813
"AFGAQTSTTADQGAA.",6,5,7,5,5,5,5,6,7,7,8,8,8,7,7,4.35,4.66,3.97,4.35,4.37,4.35,4.5,4.35,4.35,4.35,4.76,4.37,3.97,4.35,4.35,0.75,0.125,0.0625,0.266666666666667,0.133333333333333,0,0.0625,0.375,0.5625,0.8125,0,0.3125,0.3125,0.75,0,0,0.125,0.125,0.125,0,0,1.81,2.98,0.94,1.81,-5.54,-2.57,-3.4,-2.57,-2.57,1.81,-8.72,-5.54,0.94,1.81,1.81,0,0,0,0.0503722531409994,0.100744506281999,0,0,0.100744506281999,0.251861265704997,0.0503722531409994,0.151116759422998,0,0,0,0,0,0,0,0,0.0503722531409994,0.112081352596819,0.0431529421976162,0.0264409552638075,0.0627409528267664
"FGAQTSTTADQGAAK.",6,7,8,7,7,7,7,7,7,8,8,7,7,6,6,4.66,3.97,4.35,4.37,4.35,4.5,4.35,4.35,4.35,4.76,4.37,3.97,4.35,4.35,4.36,0.6875,0.125,0.125,0.266666666666667,0.133333333333333,0,0.125,0.3125,0.5,0.75,0,0.25,0.25,0.6875,0,0,0.0625,0.0625,0.9375,0,0,2.98,0.94,1.81,-5.54,-2.57,-3.4,-2.57,-2.57,1.81,-8.72,-5.54,0.94,1.81,1.81,-5.55,0,0.0558245411273893,0,0.0558245411273893,0.111649082254779,0,0,0.111649082254779,0.223298164509557,0.0558245411273893,0.167473623382168,0,0,0,0,0,0,0,0,0.0558245411273893,0.0459522843068605,0.027011003609375,0.0308231765920272,0.0588454185808977
"FSSPIVKSTEANVLP.",7,7,8,8,7,7,6,6,7,7,7,6,6,7,8,4.66,4.5,4.5,4.44,3.95,3.95,4.36,4.5,4.35,4.29,4.35,4.75,3.95,4.17,4.44,0.4375,0.375,0.125,0.333333333333333,0.133333333333333,0.0666666666666667,0.125,0.1875,0.5,0.6875,0,0.3125,0.375,0.75,0.875,0,0.0625,0.0625,0.4375,0,0,2.98,-3.4,-3.4,4.04,4.92,4.04,-5.55,-3.4,-2.57,-6.81,1.81,-6.64,4.04,4.92,4.04,0,0.056256342410446,0.056256342410446,0,0,0.056256342410446,0,0,0.056256342410446,0.168769027231338,0.056256342410446,0.112512684820892,0,0,0,0.112512684820892,0.056256342410446,0.056256342410446,0,0.056256342410446,0.0553576892367074,0.0289281365550227,0.0238223648638077,0.0480466731877723
"ANVLPPSSIGFTFSV.",8,8,8,8,8,8,8,8,7,7,6,6,5,5,5,4.35,4.75,3.95,4.17,4.44,4.44,4.5,4.5,3.95,3.97,4.66,4.35,4.66,4.5,3.95,0.5,0.3125,0.125,0.333333333333333,0.266666666666667,0,0.0625,0.375,0.5,0.75,0,0.125,0.1875,0.25,0.9375,0,0.6875,0.6875,0.8125,0,0,1.81,-6.64,4.04,4.92,4.04,4.04,-3.4,-3.4,4.92,0.94,2.98,-2.57,2.98,-3.4,4.04,0,0,0,0,0,0.051135464007638,0,0.051135464007638,0.051135464007638,0.153406392022914,0.051135464007638,0.102270928015276,0,0,0,0.102270928015276,0.051135464007638,0.051135464007638,0,0.102270928015276,0.0589602128200525,0.0317185943180065,0.0755975829445314,0.06669164980284
"SSFKFGVSSSSSGPS.",6,6,6,6,6,7,7,7,7,8,8,8,8,8,8,4.5,4.5,4.66,4.36,4.66,3.97,3.95,4.5,4.5,4.5,4.5,4.5,3.97,4.44,4.5,0.6875,0.0625,0.1875,0.133333333333333,0.133333333333333,0,0.0625,0.375,0.625,0.8125,0,0.4375,0.4375,0.4375,0,0,0.1875,0.1875,0.25,0.3125,0,-3.4,-3.4,2.98,-5.55,2.98,0.94,4.04,-3.4,-3.4,-3.4,-3.4,-3.4,0.94,4.04,-3.4,0,0.0524677084127199,0,0,0,0,0,0.10493541682544,0,0.419741667301759,0,0.0524677084127199,0,0,0,0.0524677084127199,0,0,0,0.10493541682544,0.062130895814169,0.0255398823919816,0.0523798135159145,0.0729337820871366
"SFKFGVSSSSSGPSQ.",8,8,8,8,8,7,7,8,8,8,8,8,8,7,7,4.5,4.66,4.36,4.66,3.97,3.95,4.5,4.5,4.5,4.5,4.5,3.97,4.44,4.5,4.37,0.625,0.125,0.1875,0.2,0.133333333333333,0,0.0625,0.4375,0.625,0.8125,0,0.375,0.375,0.9375,0,0,0.125,0.125,0.1875,0.25,0,-3.4,2.98,-5.55,2.98,0.94,4.04,-3.4,-3.4,-3.4,-3.4,-3.4,0.94,4.04,-3.4,-5.54,0,0.0511209870307791,0,0,0.0511209870307791,0,0,0.102241974061558,0,0.357846909215453,0,0.0511209870307791,0,0,0,0.0511209870307791,0,0,0,0.102241974061558,0.0491104407422925,0.0396931436060444,0.0703792991727936,0.0740023110171835
"YDERVLPSITTEILK.",7,7,7,6,6,7,8,7,5,5,4,4,4,5,6,4.6,4.76,4.29,4.38,3.95,4.17,4.44,4.5,3.95,4.35,4.35,4.29,3.95,4.17,4.36,0.3125,0.4375,0.1875,0.333333333333333,0.0666666666666667,0.2,0.125,0.4375,0.5,0.6875,0,0.1875,0.3125,0.5625,0.8125,0,0.0625,0.0625,0.25,0.9375,0,-0.14,-8.72,-6.81,-14.92,4.04,4.92,4.04,-3.4,4.92,-2.57,-2.57,-6.81,4.92,4.92,-5.55,0.0551030539125469,0.0551030539125469,0.110206107825094,0.0551030539125469,0,0,0,0,0,0.0551030539125469,0.110206107825094,0.0551030539125469,0,0.0551030539125469,0,0.0551030539125469,0.110206107825094,0.110206107825094,0,0,0.0407321405883614,0.0385481478840514,0.0474953144194247,0.0466785884199596
"LSRSRNITYLPAGQS.",7,7,7,7,5,5,5,5,5,7,8,8,8,8,8,4.17,4.5,4.38,4.5,4.38,4.75,3.95,4.35,4.6,4.17,4.44,4.35,3.97,4.37,4.5,0.4375,0.3125,0.1875,0.333333333333333,0.266666666666667,0.133333333333333,0.125,0.25,0.6875,0.8125,0,0.0625,0.375,0.4375,0.875,0,0.1875,0.1875,0.3125,0.5625,0,4.92,-3.4,-14.92,-3.4,-14.92,-6.64,4.92,-2.57,-0.14,4.92,4.04,1.81,0.94,-5.54,-3.4,0.105966594004049,0,0,0,0.0529832970020246,0.0529832970020246,0,0.0529832970020246,0.0529832970020246,0.158949891006074,0.0529832970020246,0.0529832970020246,0,0.0529832970020246,0,0,0.105966594004049,0.0529832970020246,0,0,0.0469696483041884,0.0373385053962846,0.0528267037779717,0.0681156874911869
"PIATGYGSKTSLASS.",7,6,7,7,8,8,8,8,8,7,7,7,8,8,8,4.44,3.95,4.35,4.35,3.97,4.6,3.97,4.5,4.36,4.35,4.5,4.17,4.35,4.5,4.5,0.6875,0.125,0.125,0.266666666666667,0.266666666666667,0,0.0625,0.25,0.5,0.8125,0,0.125,0.125,0.75,0,0,0.375,0.375,0.5625,0,0,4.04,4.92,1.81,-2.57,0.94,-0.14,0.94,-3.4,-5.55,-2.57,-3.4,4.92,1.81,-3.4,-3.4,0,0.0524754895417717,0,0,0,0,0,0.104950979083543,0.104950979083543,0.209901958167087,0.104950979083543,0.0524754895417717,0,0.0524754895417717,0,0,0.0524754895417717,0.0524754895417717,0,0,0.0432758249022571,0.0410883459552144,0.0496383806825785,0.0788651053333739
"GTKTESSSRGPYHPS.",8,8,8,8,8,8,8,8,8,8,8,8,8,8,8,3.97,4.35,4.36,4.35,4.29,4.5,4.5,4.5,4.38,3.97,4.44,4.6,4.63,4.44,4.5,0.625,0.0625,0.25,0.133333333333333,0.4,0,0.0625,0.25,0.5,0.875,0,0.3125,0.3125,0.3125,0,0,0.1875,0.5625,0.75,0.8125,0,0.94,-2.57,-5.55,-2.57,-6.81,-3.4,-3.4,-3.4,-14.92,0.94,4.04,-0.14,-4.66,4.04,-3.4,0.0542951858329765,0.0542951858329765,0.0542951858329765,0,0,0,0,0.108590371665953,0,0.217180743331906,0.108590371665953,0.108590371665953,0.0542951858329765,0.0542951858329765,0,0,0,0,0,0,0.0418441027741725,0.0341190848652392,0.0444574898356026,0.0651515350303376
"TSPAAPVSYADMRTG.",8,8,8,8,8,7,7,6,6,7,7,7,7,7,8,4.35,4.5,4.44,4.35,4.35,4.44,3.95,4.5,4.6,4.35,4.76,4.52,4.38,4.35,3.97,0.6875,0.0625,0.1875,0.133333333333333,0.266666666666667,0,0.0625,0.1875,0.375,0.6875,0,0.4375,0.4375,0.4375,0,0,0.5625,0.5625,0.75,0.8125,0,-2.57,-3.4,4.04,1.81,1.81,4.04,4.04,-3.4,-0.14,1.81,-8.72,2.35,-14.92,-2.57,0.94,0.0510046665303578,0,0,0.0510046665303578,0,0,0,0.0510046665303578,0.153013999591073,0.102009333060716,0.102009333060716,0.102009333060716,0,0.0510046665303578,0,0.0510046665303578,0,0,0.0510046665303578,0,0.0399144182953576,0.0734083520825098,0.0394415449825028,0.0821656866842629
"RPTRAVPSSRGDYMT.",8,8,8,7,8,8,8,8,8,8,8,8,7,7,8,4.38,4.44,4.35,4.38,4.35,3.95,4.44,4.5,4.5,4.38,3.97,4.76,4.6,4.52,4.35,0.5625,0.0625,0.3125,0.133333333333333,0.466666666666667,0,0.125,0.3125,0.5,0.75,0,0.375,0.375,0.375,0,0,0.0625,0.25,0.625,0.875,0,-14.92,4.04,-2.57,-14.92,1.81,4.04,4.04,-3.4,-3.4,-14.92,0.94,-8.72,-0.14,2.35,-2.57,0.152990261248216,0,0,0.0509967537494054,0,0,0,0.0509967537494054,0.0509967537494054,0.101993507498811,0.101993507498811,0.101993507498811,0,0.0509967537494054,0,0.0509967537494054,0,0,0.0509967537494054,0,0.0299368570833356,0.0880488310828085,0.0385860058730454,0.0784769997197288
"PTRAVPSSRGDYMTM.",8,7,7,7,7,8,8,8,8,8,8,7,8,8,8,4.44,4.35,4.38,4.35,3.95,4.44,4.5,4.5,4.38,3.97,4.76,4.6,4.52,4.35,4.52,0.5625,0.0625,0.3125,0.133333333333333,0.466666666666667,0,0.0625,0.25,0.4375,0.6875,0,0.3125,0.3125,0.3125,0,0,0.1875,0.5625,0.75,0.9375,0,4.04,-2.57,-14.92,1.81,4.04,4.04,-3.4,-3.4,-14.92,0.94,-8.72,-0.14,2.35,-2.57,2.35,0.102087139689104,0,0,0.0510435698445521,0,0,0,0.0510435698445521,0.0510435698445521,0.102087139689104,0.102087139689104,0.102087139689104,0,0.0510435698445521,0,0.0510435698445521,0,0,0.102087139689104,0,0.0326214940531905,0.104437729725605,0.0364745863162442,0.0608126422366782
"ELAKHAVSEGTKAVT.",8,8,8,8,7,7,7,7,8,8,7,7,7,7,7,4.29,4.17,4.35,4.36,4.63,4.35,3.95,4.5,4.29,3.97,4.35,4.36,4.35,3.95,4.35,0.4375,0.3125,0.1875,0.466666666666667,0.266666666666667,0,0.1875,0.375,0.625,0.8125,0,0.0625,0.125,0.4375,0.875,0,0.25,0.25,0.3125,0.75,0,-6.81,4.92,1.81,-5.55,-4.66,1.81,4.04,-3.4,-6.81,0.94,-2.57,-5.55,1.81,4.04,-2.57,0,0.103092981758698,0.103092981758698,0,0,0,0,0.0515464908793488,0.154639472638046,0.0515464908793488,0.103092981758698,0,0.0515464908793488,0,0,0.103092981758698,0.0515464908793488,0,0,0,0.0427575111296944,0.114422706496745,0.0332990104919776,0.0363234086913511
"NGDEQPLTENPRKYV.",8,8,8,8,8,8,8,8,8,8,9,8,8,8,8,4.75,3.97,4.76,4.29,4.37,4.44,4.17,4.35,4.29,4.75,4.44,4.38,4.36,4.6,3.95,0.3125,0.4375,0.1875,0.466666666666667,0.0666666666666667,0.0666666666666667,0.125,0.1875,0.375,0.6875,0,0.0625,0.25,0.4375,0.625,0,0.75,0.75,0.8125,0.875,0,-6.64,0.94,-8.72,-6.81,-5.54,4.04,4.92,-2.57,-6.81,-6.64,4.04,-14.92,-5.55,-0.14,4.04,0.053380428361511,0.053380428361511,0.106760856723022,0.053380428361511,0.053380428361511,0.106760856723022,0,0.053380428361511,0,0,0.053380428361511,0.106760856723022,0,0.053380428361511,0,0.053380428361511,0.053380428361511,0,0,0,0.0524998862403688,0.0579278860072441,0.0434670226370789,0.0453987796926426
"PAEKSAVSTSVPTKP.",8,8,8,8,8,8,7,7,7,7,8,8,8,8,8,4.44,4.35,4.29,4.36,4.5,4.35,3.95,4.5,4.35,4.5,3.95,4.44,4.35,4.36,4.44,0.625,0.1875,0.125,0.333333333333333,0.2,0.0666666666666667,0.0625,0.3125,0.5625,0.8125,0,0.1875,0.1875,0.4375,0.6875,0,0.25,0.25,0.875,0,0,4.04,1.81,-6.81,-5.55,-3.4,1.81,4.04,-3.4,-2.57,-3.4,4.04,4.04,-2.57,-5.55,4.04,0,0.104386282782448,0.052193141391224,0,0,0,0,0,0.104386282782448,0.156579424173672,0.104386282782448,0.156579424173672,0,0,0,0.104386282782448,0,0,0,0,0.042860056546256,0.0525731913838049,0.0814274434676654,0.0402421877339141
"AEKSAVSTSVPTKPT.",8,8,8,8,8,8,8,8,8,8,8,8,8,8,8,4.35,4.29,4.36,4.5,4.35,3.95,4.5,4.35,4.5,3.95,4.44,4.35,4.36,4.44,4.35,0.625,0.1875,0.125,0.333333333333333,0.2,0.0666666666666667,0.0625,0.3125,0.5625,0.875,0,0.125,0.125,0.375,0.625,0,0.1875,0.1875,0.8125,0,0,1.81,-6.81,-5.55,-3.4,1.81,4.04,-3.4,-2.57,-3.4,4.04,4.04,-2.57,-5.55,4.04,-2.57,0,0.111455185207636,0.0557275926038182,0,0,0,0,0,0.111455185207636,0.167182777811455,0.167182777811455,0.111455185207636,0,0,0,0.111455185207636,0,0,0,0,0.0318312667558484,0.0535877582639843,0.0498055657593194,0.0288615201635744
"MEQPIKVTEWQQTYT.",8,8,8,8,8,7,7,8,8,8,8,7,7,7,7,4.52,4.29,4.37,4.44,3.95,4.36,3.95,4.35,4.29,4.7,4.37,4.37,4.35,4.6,4.35,0.25,0.4375,0.25,0.333333333333333,0.133333333333333,0.333333333333333,0.25,0.5,0.8125,0.9375,0,0.125,0.1875,0.4375,0.6875,0,0.0625,0.375,0.625,0.875,0,2.35,-6.81,-5.54,4.04,4.92,-5.55,4.04,-2.57,-6.81,2.33,-5.54,-5.54,-2.57,-0.14,-2.57,0,0.0504084310668613,0.100816862133723,0,0.151225293200584,0,0.0504084310668613,0,0,0,0.151225293200584,0.0504084310668613,0,0.0504084310668613,0,0.0504084310668613,0,0.0504084310668613,0.0504084310668613,0,0.0533998691133714,0.0815775538265204,0.0821985135919966,0.0266975974651916
"CDCLNGGTCVSNKYF.",7,7,7,7,8,8,7,7,6,6,7,7,7,7,7,4.65,4.76,4.65,4.17,4.75,3.97,3.97,4.35,4.65,3.95,4.5,4.75,4.36,4.6,4.66,0.5,0.25,0.1875,0.333333333333333,0,0.0666666666666667,0.0625,0.1875,0.4375,0.5625,0,0.25,0.3125,0.625,0.75,0,0.8125,0.8125,0.875,0.9375,0,1.28,-8.72,1.28,4.92,-6.64,0.94,0.94,-2.57,1.28,4.04,-3.4,-6.64,-5.55,-0.14,2.98,0,0.0537872757307694,0,0.0537872757307694,0,0.107574551461539,0,0.107574551461539,0,0.0537872757307694,0.0537872757307694,0,0,0.0537872757307694,0.161361827192308,0.0537872757307694,0.0537872757307694,0,0,0.0537872757307694,0.0602710990983094,0.0409259024220332,0.0681885235693715,0.0238053389487456
"PVQLWVDSTPPPGTR.",7,6,6,5,6,6,7,7,8,8,8,8,8,8,7,4.44,3.95,4.37,4.17,4.7,3.95,4.76,4.5,4.35,4.44,4.44,4.44,3.97,4.35,4.38,0.5625,0.25,0.125,0.133333333333333,0.0666666666666667,0.133333333333333,0.0625,0.5,0.625,0.8125,0,0.125,0.1875,0.25,0.375,0,0.3125,0.3125,0.9375,0,0,4.04,4.04,-5.54,4.92,2.33,4.04,-8.72,-3.4,-2.57,4.04,4.04,4.04,0.94,-2.57,-14.92,0.0517614777041085,0,0,0.0517614777041085,0.0517614777041085,0,0.0517614777041085,0.0517614777041085,0,0.0517614777041085,0.103522955408217,0.207045910816434,0,0,0,0.103522955408217,0.0517614777041085,0,0,0,0.0493109842217484,0.031643165667691,0.11726081802889,0.0253628665200423
"AYVYAIPTEIPTSAL.",6,6,6,7,7,8,8,7,7,8,8,8,8,8,8,4.35,4.6,3.95,4.6,4.35,3.95,4.44,4.35,4.29,3.95,4.44,4.35,4.5,4.35,4.17,0.5,0.3125,0.125,0.333333333333333,0.133333333333333,0.133333333333333,0.0625,0.4375,0.6875,0.8125,0,0.1875,0.375,0.5625,0.9375,0,0.125,0.125,0.25,0,0,1.81,-0.14,4.04,-0.14,1.81,4.92,4.04,-2.57,-6.81,4.92,4.04,-2.57,-3.4,1.81,4.92,0,0,0.0519043238992805,0,0,0,0,0,0.155712971697841,0.0519043238992805,0.103808647798561,0.103808647798561,0,0.103808647798561,0,0.0519043238992805,0.0519043238992805,0.103808647798561,0,0,0.0629811883506898,0.0435969107352067,0.0742021182010665,0.0406549242238299
"KRKATEISTAVVQRS.",8,8,8,7,7,7,7,7,7,7,7,6,6,6,7,4.36,4.38,4.36,4.35,4.35,4.29,3.95,4.5,4.35,4.35,3.95,3.95,4.37,4.38,4.5,0.375,0.3125,0.25,0.2,0.133333333333333,0.0666666666666667,0.25,0.3125,0.5625,0.9375,0,0.375,0.4375,0.6875,0.8125,0,0.0625,0.125,0.1875,0.875,0,-5.55,-14.92,-5.55,1.81,-2.57,-6.81,4.92,-3.4,-2.57,1.81,4.04,4.04,-5.54,-14.92,-3.4,0.10208992693085,0.10208992693085,0.0510449634654249,0,0.0510449634654249,0,0,0,0.10208992693085,0.10208992693085,0.10208992693085,0,0,0,0,0.10208992693085,0,0.0510449634654249,0,0,0.0506206631447851,0.0406446884880329,0.107677929560156,0.0353822668256534
"TNLPGTTSTIQTAPS.",8,8,8,8,8,8,8,8,8,8,8,8,8,8,8,4.35,4.75,4.17,4.44,3.97,4.35,4.35,4.5,4.35,3.95,4.37,4.35,4.35,4.44,4.5,0.6875,0.25,0,0.266666666666667,0,0,0.0625,0.3125,0.5,0.8125,0,0.125,0.1875,0.625,0.6875,0,0,0,0,0,0,-2.57,-6.64,4.92,4.04,0.94,-2.57,-2.57,-3.4,-2.57,4.92,-5.54,-2.57,1.81,4.04,-3.4,0,0,0,0,0.054368890030132,0.054368890030132,0,0.054368890030132,0.054368890030132,0.108737780060264,0.27184445015066,0.108737780060264,0,0,0,0,0.054368890030132,0.054368890030132,0,0,0.0284172611729189,0.0427783601480935,0.0626005128999971,0.0506705153270107
"TNYLAPVSASVSPSA.",8,8,8,8,8,8,8,8,8,8,8,8,8,8,8,4.35,4.75,4.6,4.17,4.35,4.44,3.95,4.5,4.35,4.5,3.95,4.5,4.44,4.5,4.35,0.625,0.25,0.0625,0.4,0,0.133333333333333,0.0625,0.375,0.625,0.875,0,0.125,0.25,0.4375,0.6875,0,0.1875,0.1875,0.1875,0,0,-2.57,-6.64,-0.14,4.92,1.81,4.04,4.04,-3.4,1.81,-3.4,4.04,-3.4,4.04,-3.4,1.81,0,0,0,0,0,0.0494528864538456,0,0,0.148358659361537,0.197811545815382,0.0494528864538456,0.0989057729076912,0,0.0494528864538456,0,0.0989057729076912,0.0494528864538456,0,0,0,0.0490235879989562,0.0506840705602723,0.130004535149676,0.028494509483411
"YLAPVSASVSPSAVS.",8,8,8,8,7,8,8,8,8,8,8,8,8,8,8,4.6,4.17,4.35,4.44,3.95,4.5,4.35,4.5,3.95,4.5,4.44,4.5,4.35,3.95,4.5,0.625,0.25,0.0625,0.466666666666667,0,0.0666666666666667,0.1875,0.375,0.625,0.8125,0,0.125,0.3125,0.5625,0.875,0,0.0625,0.0625,0.0625,0,0,-0.14,4.92,1.81,4.04,4.04,-3.4,1.81,-3.4,4.04,-3.4,4.04,-3.4,1.81,4.04,-3.4,0,0,0,0,0,0,0,0,0.161720478863502,0.269534131439169,0,0.107813652575668,0,0.0539068262878339,0,0.161720478863502,0.0539068262878339,0,0,0,0.0357006445285247,0.0583769276940789,0.0769590331737266,0.0203610002861617
"VSASVSPSAVSSANG.",8,8,8,8,8,8,8,8,7,8,8,8,8,8,8,3.95,4.5,4.35,4.5,3.95,4.5,4.44,4.5,4.35,3.95,4.5,4.5,4.35,4.75,3.97,0.6875,0.25,0,0.466666666666667,0,0,0.125,0.25,0.5,0.75,0,0.0625,0.3125,0.625,0.875,0,0,0,0,0,0,4.04,-3.4,1.81,-3.4,4.04,-3.4,4.04,-3.4,1.81,4.04,-3.4,-3.4,1.81,-6.64,0.94,0,0,0,0,0,0.0508131541813909,0,0.0508131541813909,0.152439462544173,0.304878925088345,0,0.0508131541813909,0,0,0,0.152439462544173,0,0,0,0,0.0545882188716003,0.0308969288875525,0.125875262335743,0.0264422771842415
"SVSPSAVSSANGTVL.",8,8,8,8,8,8,8,8,8,8,8,8,8,8,8,4.5,3.95,4.5,4.44,4.5,4.35,3.95,4.5,4.5,4.35,4.75,3.97,4.35,3.95,4.17,0.625,0.3125,0,0.466666666666667,0,0,0.0625,0.25,0.5,0.75,0,0.125,0.4375,0.6875,0.9375,0,0,0,0,0,0,-3.4,4.04,-3.4,4.04,-3.4,1.81,4.04,-3.4,-3.4,1.81,-6.64,0.94,-2.57,4.04,4.92,0,0,0,0,0,0.0549363623841074,0,0.0549363623841074,0.109872724768215,0.274681811920537,0.0549363623841074,0.0549363623841074,0,0,0,0.164809087152322,0.0549363623841074,0,0,0,0.0379861740668457,0.0470057027081351,0.0579496369747719,0.033013050488636
"STDLTQTSSSGTVTL.",8,8,8,7,7,7,8,8,8,8,8,8,7,7,7,4.5,4.35,4.76,4.17,4.35,4.37,4.35,4.5,4.5,4.5,3.97,4.35,3.95,4.35,4.17,0.6875,0.25,0,0.466666666666667,0,0,0.0625,0.1875,0.5,0.6875,0,0.25,0.375,0.8125,0.9375,0,0,0,0,0,0,-3.4,-2.57,-8.72,4.92,-2.57,-5.54,-2.57,-3.4,-3.4,-3.4,0.94,-2.57,4.04,-2.57,4.92,0,0,0,0.0519517520117223,0.0519517520117223,0,0,0.0519517520117223,0,0.207807008046889,0.259758760058612,0,0,0,0,0.0519517520117223,0.103903504023445,0,0,0,0.0591444100683147,0.0506149713287241,0.0790469812567256,0.0319173571704011
"IMTSSVPTTVGGHMM.",7,8,8,8,8,8,7,7,7,7,7,8,8,7,8,3.95,4.52,4.35,4.5,4.5,3.95,4.44,4.35,4.35,3.95,3.97,3.97,4.63,4.52,4.52,0.5,0.1875,0.25,0.266666666666667,0.133333333333333,0.0666666666666667,0.1875,0.3125,0.5,0.6875,0,0.0625,0.0625,0.375,0.625,0,0.125,0.8125,0.875,0.9375,0,4.92,2.35,-2.57,-3.4,-3.4,4.04,4.04,-2.57,-2.57,4.04,0.94,0.94,-4.66,2.35,2.35,0,0,0,0,0,0,0,0.10073989679139,0,0.10073989679139,0.151109845187084,0.0503699483956948,0.0503699483956948,0,0,0.10073989679139,0,0.0503699483956948,0.151109845187084,0,0.0369726772224232,0.0553790465673436,0.122490805990851,0.0296082442839604
"PLLSVNKSTSTPTSP.",8,8,8,8,8,8,8,8,8,8,8,8,8,8,8,4.44,4.17,4.17,4.5,3.95,4.75,4.36,4.5,4.35,4.5,4.35,4.44,4.35,4.5,4.44,0.625,0.25,0.0625,0.2,0.0666666666666667,0.0666666666666667,0.0625,0.5,0.6875,0.875,0,0.125,0.1875,0.3125,0.375,0,0.4375,0.4375,0.4375,0,0,4.04,4.92,4.92,-3.4,4.04,-6.64,-5.55,-3.4,-2.57,-3.4,-2.57,4.04,-2.57,-3.4,4.04,0,0.0521275768452347,0,0,0,0.0521275768452347,0,0,0,0.208510307380939,0.156382730535704,0.156382730535704,0,0,0,0.0521275768452347,0.104255153690469,0,0,0,0.0580230772971399,0.0304620557443306,0.0761275961874807,0.0534736180925281
"KSTSTPTSPGPRTHS.",8,8,8,8,8,8,8,8,8,8,8,8,8,7,7,4.36,4.5,4.35,4.5,4.35,4.44,4.35,4.5,4.44,3.97,4.44,4.38,4.35,4.63,4.5,0.75,0,0.1875,0,0.333333333333333,0,0.125,0.3125,0.5,0.6875,0,0,0,0,0,0,0.0625,0.0625,0.75,0.875,0,-5.55,-3.4,-2.57,-3.4,-2.57,4.04,-2.57,-3.4,4.04,0.94,4.04,-14.92,-2.57,-4.66,-3.4,0.0549804924761097,0.0549804924761097,0,0,0,0,0,0.0549804924761097,0,0.219921969904439,0.219921969904439,0.164941477428329,0.0549804924761097,0,0,0,0,0,0,0,0.031970216639728,0.0287410402006736,0.0696009286582053,0.0449804273597475
"ILTERGYSFVTTAER.",6,7,7,7,7,7,7,6,5,5,5,6,7,7,8,3.95,4.17,4.35,4.29,4.38,3.97,4.6,4.5,4.66,3.95,4.35,4.35,4.35,4.29,4.38,0.375,0.3125,0.25,0.266666666666667,0.266666666666667,0.2,0.1875,0.375,0.6875,0.8125,0,0.0625,0.125,0.25,0.875,0,0.3125,0.4375,0.5625,0.9375,0,4.92,4.92,-2.57,-6.81,-14.92,0.94,-0.14,-3.4,2.98,4.04,-2.57,-2.57,1.81,-6.81,-14.92,0.108133705649758,0,0.108133705649758,0,0,0,0,0.0540668528248792,0.0540668528248792,0.0540668528248792,0.162200558474638,0,0,0.0540668528248792,0,0.0540668528248792,0.0540668528248792,0.0540668528248792,0,0.0540668528248792,0.0633548405790492,0.0237304355550491,0.0755122857852729,0.0263996457074411
"KKFELLPTPPLSPSR.",7,7,7,6,6,7,7,8,8,8,8,8,8,8,8,4.36,4.36,4.66,4.29,4.17,4.17,4.44,4.35,4.44,4.44,4.17,4.5,4.44,4.5,4.38,0.4375,0.25,0.25,0.2,0.0666666666666667,0.0666666666666667,0.4375,0.5,0.625,0.8125,0,0.25,0.3125,0.375,0.6875,0,0.0625,0.125,0.1875,0.9375,0,-5.55,-5.55,2.98,-6.81,4.92,4.92,4.04,-2.57,4.04,4.04,4.92,-3.4,4.04,-3.4,-14.92,0.0533175318218459,0.106635063643692,0.0533175318218459,0,0,0,0,0,0,0.106635063643692,0.0533175318218459,0.213270127287384,0,0,0,0,0.159952595465538,0,0,0.0533175318218459,0.03258402555327,0.0330613337595804,0.0917810477430635,0.042810615616398
"VFQTQPVSSQPQPEG.",7,7,7,8,8,7,7,7,7,8,8,8,8,8,8,3.95,4.66,4.37,4.35,4.37,4.44,3.95,4.5,4.5,4.37,4.44,4.37,4.44,4.29,3.97,0.4375,0.4375,0.0625,0.733333333333333,0,0.133333333333333,0.25,0.375,0.5625,0.8125,0,0.0625,0.1875,0.4375,0.75,0,0.125,0.125,0.125,0,0,4.04,2.98,-5.54,-2.57,-5.54,4.04,4.04,-3.4,-3.4,-5.54,4.04,-5.54,4.04,-6.81,0.94,0,0,0.0533609834243285,0,0.213443933697314,0,0,0.0533609834243285,0,0.106721966848657,0.0533609834243285,0.160082950272986,0,0,0,0.106721966848657,0,0,0,0.0533609834243285,0.0757470505883038,0.0345821917368333,0.0546412075318543,0.0346147987780811
"GANEAVPTPVVDPDA.",8,8,8,7,7,7,8,8,8,8,8,8,8,8,8,3.97,4.35,4.75,4.29,4.35,3.95,4.44,4.35,4.44,3.95,3.95,4.76,4.44,4.76,4.35,0.625,0.3125,0,0.4,0,0,0.0625,0.3125,0.5625,0.875,0,0.1875,0.25,0.375,0.6875,0,0,0,0,0,0,0.94,1.81,-6.64,-6.81,1.81,4.04,4.04,-2.57,4.04,4.04,4.04,-8.72,4.04,-8.72,1.81,0,0,0.0517035128272199,0.10340702565444,0,0.0517035128272199,0,0.0517035128272199,0.15511053848166,0,0.0517035128272199,0.15511053848166,0,0,0,0.15511053848166,0,0,0,0,0.0961576842018503,0.0280317246272145,0.0629232718742559,0.0373346268883814
"TRTVVQPSVGAAAGP.",8,8,7,7,7,8,8,8,8,8,7,8,8,8,8,4.35,4.38,4.35,3.95,3.95,4.37,4.44,4.5,3.95,3.97,4.35,4.35,4.35,3.97,4.44,0.625,0.25,0.0625,0.266666666666667,0.133333333333333,0,0.0625,0.4375,0.6875,0.875,0,0.25,0.3125,0.375,0.5625,0,0.125,0.125,0.125,0,0,-2.57,-14.92,-2.57,4.04,4.04,-5.54,4.04,-3.4,4.04,0.94,1.81,1.81,1.81,0.94,4.04,0.0538990625852375,0,0,0,0.0538990625852375,0,0,0.107798125170475,0.161697187755713,0.0538990625852375,0.107798125170475,0.107798125170475,0,0,0,0.161697187755713,0,0,0,0,0.0767657083459117,0.0210791932117265,0.0536578800379979,0.0400112796258013
"IVSISASSTTGVAMH.",7,7,7,7,8,8,8,8,8,7,7,6,6,6,6,3.95,3.95,4.5,3.95,4.5,4.35,4.5,4.5,4.35,4.35,3.97,3.95,4.35,4.52,4.63,0.5625,0.25,0.125,0.333333333333333,0.0666666666666667,0,0.1875,0.375,0.5,0.6875,0,0.0625,0.125,0.25,0.75,0,0.875,0.875,0.9375,0,0,4.92,4.04,-3.4,4.92,-3.4,1.81,-3.4,-3.4,-2.57,-2.57,0.94,4.04,1.81,2.35,-4.66,0,0,0,0,0,0,0,0.0525143492311857,0.105028698462371,0.210057396924743,0.105028698462371,0,0.0525143492311857,0,0,0.105028698462371,0,0.105028698462371,0.0525143492311857,0,0.0565688410648677,0.0340406399263212,0.0729297368323237,0.0487455437087021
"VSISASSTTGVAMHT.",6,7,7,8,8,8,8,8,8,7,7,6,6,6,7,3.95,4.5,3.95,4.5,4.35,4.5,4.5,4.35,4.35,3.97,3.95,4.35,4.52,4.63,4.35,0.625,0.1875,0.125,0.333333333333333,0.133333333333333,0,0.125,0.3125,0.5,0.75,0,0.0625,0.0625,0.1875,0.6875,0,0.8125,0.8125,0.875,0,0,4.04,-3.4,4.92,-3.4,1.81,-3.4,-3.4,-2.57,-2.57,0.94,4.04,1.81,2.35,-4.66,-2.57,0,0,0,0,0,0,0,0.0515194635851354,0.103038927170271,0.206077854340542,0.154558390755406,0,0.0515194635851354,0,0,0.103038927170271,0,0.0515194635851354,0.0515194635851354,0,0.0710531032329744,0.0325810381449693,0.0615444601924173,0.062029444652608
"SISASSTTGVAMHTS.",7,8,8,8,8,8,8,8,8,8,8,8,8,8,8,4.5,3.95,4.5,4.35,4.5,4.5,4.35,4.35,3.97,3.95,4.35,4.52,4.63,4.35,4.5,0.6875,0.125,0.125,0.266666666666667,0.133333333333333,0,0.0625,0.25,0.4375,0.6875,0,0.125,0.125,0.625,0,0,0.75,0.75,0.8125,0,0,-3.4,4.92,-3.4,1.81,-3.4,-3.4,-2.57,-2.57,0.94,4.04,1.81,2.35,-4.66,-2.57,-3.4,0,0,0,0,0,0,0,0.0540731521974229,0.108146304394846,0.270365760987115,0.162219456592269,0,0.0540731521974229,0,0,0.0540731521974229,0,0.0540731521974229,0.0540731521974229,0,0.0738045967918614,0.0252871257001731,0.056173500617301,0.033637493929321
"TTGVAMHTSTSSSVT.",8,8,8,8,8,8,8,8,8,8,8,7,6,6,7,4.35,4.35,3.97,3.95,4.35,4.52,4.63,4.35,4.5,4.35,4.5,4.5,4.5,3.95,4.35,0.6875,0.125,0.125,0.266666666666667,0.133333333333333,0,0.0625,0.1875,0.5625,0.75,0,0.25,0.25,0.875,0,0,0.375,0.375,0.4375,0,0,-2.57,-2.57,0.94,4.04,1.81,2.35,-4.66,-2.57,-3.4,-2.57,-3.4,-3.4,-3.4,4.04,-2.57,0,0,0,0,0,0,0,0.0535709266633794,0.0535709266633794,0.214283706653518,0.267854633316897,0,0.0535709266633794,0,0,0.107141853326759,0,0,0.0535709266633794,0,0.069445039347642,0.02348384626903,0.065929931942759,0.037577282489878
"TGVAMHTSTSSSVTK.",7,7,7,7,7,8,8,8,8,8,8,8,8,8,8,4.35,3.97,3.95,4.35,4.52,4.63,4.35,4.5,4.35,4.5,4.5,4.5,3.95,4.35,4.36,0.625,0.125,0.1875,0.266666666666667,0.2,0,0.0625,0.25,0.5625,0.75,0,0.1875,0.1875,0.8125,0,0,0.3125,0.3125,0.375,0.9375,0,-2.57,0.94,4.04,1.81,2.35,-4.66,-2.57,-3.4,-2.57,-3.4,-3.4,-3.4,4.04,-2.57,-5.55,0,0.0476133061403496,0,0,0,0,0,0.0476133061403496,0.0476133061403496,0.190453224561399,0.190453224561399,0,0.0476133061403496,0,0,0.0952266122806993,0,0,0.0476133061403496,0,0.0977646254052359,0.0296737946533502,0.0835895138692069,0.0747724739669625
"GVAMHTSTSSSVTKS.",8,8,8,8,8,8,8,8,8,8,8,8,8,8,8,3.97,3.95,4.35,4.52,4.63,4.35,4.5,4.35,4.5,4.5,4.5,3.95,4.35,4.36,4.5,0.625,0.125,0.1875,0.266666666666667,0.266666666666667,0,0.0625,0.375,0.5625,0.8125,0,0.125,0.125,0.75,0,0,0.25,0.25,0.3125,0.875,0,0.94,4.04,1.81,2.35,-4.66,-2.57,-3.4,-2.57,-3.4,-3.4,-3.4,4.04,-2.57,-5.55,-3.4,0,0.0520391120816185,0,0,0,0,0,0.0520391120816185,0.0520391120816185,0.260195560408092,0.156117336244855,0,0.0520391120816185,0,0,0.104078224163237,0,0,0.0520391120816185,0,0.0529814252317512,0.0313413860267257,0.084421443119496,0.0506690643977501
"VAMHTSTSSSVTKSY.",8,8,8,8,8,8,8,8,8,8,8,8,8,8,8,3.95,4.35,4.52,4.63,4.35,4.5,4.35,4.5,4.5,4.5,3.95,4.35,4.36,4.5,4.6,0.5625,0.125,0.25,0.2,0.333333333333333,0,0.125,0.375,0.5,0.75,0,0.0625,0.0625,0.6875,0,0,0.1875,0.25,0.8125,0.9375,0,4.04,1.81,2.35,-4.66,-2.57,-3.4,-2.57,-3.4,-3.4,-3.4,4.04,-2.57,-5.55,-3.4,-0.14,0,0.0526061554970863,0,0,0,0,0,0,0.0526061554970863,0.263030777485432,0.157818466491259,0,0.0526061554970863,0.0526061554970863,0,0.105212310994173,0,0,0.0526061554970863,0,0.043820709026099,0.022805420674478,0.0694937606012961,0.0747877772418318
"TSTSSSVTKSYISSQ.",8,8,8,8,8,8,8,8,8,8,7,7,8,7,8,4.35,4.5,4.35,4.5,4.5,4.5,3.95,4.35,4.36,4.5,4.6,3.95,4.5,4.5,4.37,0.625,0.1875,0.125,0.266666666666667,0.2,0.0666666666666667,0.0625,0.1875,0.375,0.8125,0,0.4375,0.4375,0.75,0.9375,0,0.5625,0.5625,0.6875,0,0,-2.57,-3.4,-2.57,-3.4,-3.4,-3.4,4.04,-2.57,-5.55,-3.4,-0.14,4.92,-3.4,-3.4,-5.54,0,0.0535222619387361,0,0,0.0535222619387361,0,0,0,0,0.374655833571152,0.160566785816208,0,0,0.0535222619387361,0,0.0535222619387361,0,0.0535222619387361,0,0,0.059151083452251,0.0241658614876048,0.0535341835625318,0.0603149424165713
"TSSSVTKSYISSQTN.",8,8,8,7,8,8,8,8,7,8,8,8,8,8,8,4.35,4.5,4.5,4.5,3.95,4.35,4.36,4.5,4.6,3.95,4.5,4.5,4.37,4.35,4.75,0.5625,0.25,0.125,0.4,0.2,0.0666666666666667,0.0625,0.1875,0.375,0.75,0,0.3125,0.625,0.8125,0.9375,0,0.4375,0.4375,0.5625,0,0,-2.57,-3.4,-3.4,-3.4,4.04,-2.57,-5.55,-3.4,-0.14,4.92,-3.4,-3.4,-5.54,-2.57,-6.64,0,0.0547643996024381,0,0,0.0547643996024381,0.0547643996024381,0,0,0,0.328586397614629,0.164293198807314,0,0,0.0547643996024381,0,0.0547643996024381,0,0.0547643996024381,0,0,0.0492502148314378,0.0328871302904887,0.0584903645975142,0.0379062962439874
"SVTKSYISSQTNDTH.",7,7,8,8,8,8,8,8,8,8,8,8,8,8,8,4.5,3.95,4.35,4.36,4.5,4.6,3.95,4.5,4.5,4.37,4.35,4.75,4.76,4.35,4.63,0.5,0.25,0.1875,0.466666666666667,0.266666666666667,0.0666666666666667,0.0625,0.3125,0.5625,0.8125,0,0.125,0.4375,0.625,0.75,0,0.25,0.25,0.375,0.9375,0,-3.4,4.04,-2.57,-5.55,-3.4,-0.14,4.92,-3.4,-3.4,-5.54,-2.57,-6.64,-8.72,-2.57,-4.66,0,0.0543110067703683,0,0.0543110067703683,0.0543110067703683,0.0543110067703683,0,0,0,0.217244027081473,0.162933020311105,0,0.0543110067703683,0.0543110067703683,0,0.0543110067703683,0,0.0543110067703683,0,0,0.0650610637435616,0.0288378106965511,0.0376821109084169,0.0537539130959459
"KSYISSQTNDTHKRD.",8,8,7,7,7,8,8,8,7,7,7,7,7,8,8,4.36,4.5,4.6,3.95,4.5,4.5,4.37,4.35,4.75,4.76,4.35,4.63,4.36,4.38,4.76,0.4375,0.1875,0.3125,0.333333333333333,0.266666666666667,0.0666666666666667,0.125,0.3125,0.5,0.6875,0,0.25,0.25,0.4375,0.5625,0,0.0625,0.1875,0.75,0.875,0,-5.55,-3.4,-0.14,4.92,-3.4,-3.4,-5.54,-2.57,-6.64,-8.72,-2.57,-4.66,-5.55,-14.92,-8.72,0.0534392199517658,0.106878439903532,0,0.106878439903532,0.0534392199517658,0.0534392199517658,0,0,0,0.160317659855297,0.106878439903532,0,0.0534392199517658,0.0534392199517658,0,0,0,0.0534392199517658,0,0,0.0678317077379867,0.0286679904852331,0.0550956367183559,0.0468163657819369
"NDTHKRDTYAATPRA.",8,8,8,8,8,8,8,8,7,7,7,8,7,7,7,4.75,4.76,4.35,4.63,4.36,4.38,4.76,4.35,4.6,4.35,4.35,4.35,4.44,4.38,4.35,0.5625,0.0625,0.3125,0.0666666666666667,0.4,0,0.125,0.4375,0.625,0.8125,0,0.0625,0.0625,0.0625,0,0,0.25,0.3125,0.375,0.875,0,-6.64,-8.72,-2.57,-4.66,-5.55,-14.92,-8.72,-2.57,-0.14,1.81,1.81,-2.57,4.04,-14.92,1.81,0.10824421076319,0.0541221053815951,0,0.10824421076319,0,0.0541221053815951,0,0,0.162366316144785,0,0.162366316144785,0.0541221053815951,0.0541221053815951,0.0541221053815951,0,0,0,0,0,0,0.0677436207575257,0.0387377196798582,0.0211745594646073,0.0605125193740827
"KRDTYAATPRAHEVS.",7,7,7,8,8,7,7,8,8,8,8,8,8,8,8,4.36,4.38,4.76,4.35,4.6,4.35,4.35,4.35,4.44,4.38,4.35,4.63,4.29,3.95,4.5,0.5,0.125,0.3125,0.0666666666666667,0.4,0.0666666666666667,0.1875,0.375,0.5,0.6875,0,0.8125,0.8125,0.875,0,0,0.0625,0.125,0.3125,0.75,0,-5.55,-14.92,-8.72,-2.57,-0.14,1.81,1.81,-2.57,4.04,-14.92,1.81,-4.66,-6.81,4.04,-3.4,0.114322472394012,0.0571612361970058,0.0571612361970058,0.0571612361970058,0,0,0,0,0.171483708591017,0.0571612361970058,0.114322472394012,0.0571612361970058,0.0571612361970058,0.0571612361970058,0,0.0571612361970058,0,0,0,0,0.0496721993108585,0.0365996287283506,0.0185281258747631,0.037781503130941
"TPRAHEVSEISVRTV.",8,8,8,8,8,8,8,7,7,6,6,7,7,7,7,4.35,4.44,4.38,4.35,4.63,4.29,3.95,4.5,4.29,3.95,4.5,3.95,4.38,4.35,3.95,0.375,0.375,0.1875,0.333333333333333,0.266666666666667,0.133333333333333,0.0625,0.125,0.5,0.875,0,0.375,0.4375,0.625,0.9375,0,0.1875,0.1875,0.3125,0.8125,0,-2.57,4.04,-14.92,1.81,-4.66,-6.81,4.04,-3.4,-6.81,4.92,-3.4,4.04,-14.92,-2.57,4.04,0.109779181022138,0,0.109779181022138,0,0,0,0,0,0.0548895905110692,0.109779181022138,0.109779181022138,0.0548895905110692,0.0548895905110692,0,0,0.164668771533208,0,0.0548895905110692,0,0,0.0671082551522058,0.0340661167452789,0.0204586198610414,0.0550231505754359
"AHEVSEISVRTVYPP.",7,7,7,6,6,6,5,4,5,7,7,7,8,8,8,4.35,4.63,4.29,3.95,4.5,4.29,3.95,4.5,3.95,4.38,4.35,3.95,4.6,4.44,4.44,0.375,0.375,0.1875,0.333333333333333,0.2,0.2,0.0625,0.3125,0.6875,0.9375,0,0.1875,0.25,0.4375,0.75,0,0.125,0.125,0.625,0.8125,0,1.81,-4.66,-6.81,4.04,-3.4,-6.81,4.92,-3.4,4.04,-14.92,-2.57,4.04,-0.14,4.04,4.04,0.0559355272176531,0,0.111871054435306,0,0,0,0,0,0.0559355272176531,0.111871054435306,0.0559355272176531,0.111871054435306,0.0559355272176531,0.0559355272176531,0,0.167806581652959,0,0.0559355272176531,0,0,0.0611520705403183,0.0329671427181506,0.0158981859953334,0.0509496924814006
"VSEISVRTVYPPEEE.",8,7,6,6,7,7,7,7,8,8,8,8,8,8,8,3.95,4.5,4.29,3.95,4.5,3.95,4.38,4.35,3.95,4.6,4.44,4.44,4.29,4.29,4.29,0.3125,0.5,0.125,0.4,0.133333333333333,0.133333333333333,0.125,0.3125,0.5,0.75,0,0.0625,0.25,0.5625,0.875,0,0.4375,0.4375,0.625,0,0,4.04,-3.4,-6.81,4.92,-3.4,4.04,-14.92,-2.57,4.04,-0.14,4.04,4.04,-6.81,-6.81,-6.81,0.0555615817697827,0,0.222246327079131,0,0,0,0,0,0,0.111123163539565,0.0555615817697827,0.111123163539565,0,0.0555615817697827,0,0.166684745309348,0,0.0555615817697827,0,0,0.0552036052957333,0.0365278140062266,0.0172416868038049,0.0576031673474946
"PLGKVVSTLPSTVLG.",8,7,7,6,6,6,6,7,8,8,7,7,7,8,8,4.44,4.17,3.97,4.36,3.95,3.95,4.5,4.35,4.17,4.44,4.5,4.35,3.95,4.17,3.97,0.5,0.375,0.0625,0.466666666666667,0.0666666666666667,0.0666666666666667,0.0625,0.4375,0.625,0.75,0,0.125,0.3125,0.5625,0.875,0,0.25,0.25,0.25,0,0,4.04,4.92,0.94,-5.55,4.04,4.04,-3.4,-2.57,4.92,4.04,-3.4,-2.57,4.04,4.92,0.94,0,0.054665622992631,0,0,0,0,0,0.109331245985262,0,0.109331245985262,0.109331245985262,0.109331245985262,0,0,0,0.163996868977893,0.163996868977893,0,0,0,0.0634032462653317,0.0386191797390451,0.0182472424079006,0.059745986698258
"GEIKEETTVSPPHTS.",8,7,7,8,8,8,8,8,8,8,8,8,8,8,8,3.97,4.29,3.95,4.36,4.29,4.29,4.35,4.35,3.95,4.5,4.44,4.44,4.63,4.35,4.5,0.5,0.3125,0.125,0.266666666666667,0.133333333333333,0.133333333333333,0.0625,0.5,0.6875,0.875,0,0.125,0.1875,0.3125,0.5625,0,0.25,0.25,0.8125,0,0,0.94,-6.81,4.92,-5.55,-6.81,-6.81,-2.57,-2.57,4.04,-3.4,4.04,4.04,-4.66,-2.57,-3.4,0,0.0530018755890144,0.159005626767043,0,0,0,0,0.0530018755890144,0,0.106003751178029,0.159005626767043,0.106003751178029,0.0530018755890144,0,0,0.0530018755890144,0,0.0530018755890144,0,0,0.096429158913042,0.0309800401440981,0.0219758925514009,0.0555867745562426
"SSSEDSTTPSAQTQE.",8,8,8,8,8,8,8,8,8,8,8,8,8,8,8,4.5,4.5,4.5,4.29,4.76,4.5,4.35,4.35,4.44,4.5,4.35,4.37,4.35,4.37,4.29,0.6875,0.25,0,0.333333333333333,0,0,0.0625,0.1875,0.4375,0.625,0,0.25,0.75,0.875,0.9375,0,0,0,0,0,0,-3.4,-3.4,-3.4,-6.81,-8.72,-3.4,-2.57,-2.57,4.04,-3.4,1.81,-5.54,-2.57,-5.54,-6.81,0,0,0.105594734382565,0.0527973671912823,0.105594734382565,0,0,0,0.0527973671912823,0.263986835956412,0.158392101573847,0.0527973671912823,0,0,0,0,0,0,0,0,0.1029179899581,0.0349384720204277,0.0167926195452779,0.0533904106069591
"SAQTQEKTEGPTPIP.",8,8,8,8,8,8,8,8,8,8,8,8,8,8,8,4.5,4.35,4.37,4.35,4.37,4.29,4.36,4.35,4.29,3.97,4.44,4.35,4.44,3.95,4.44,0.5625,0.3125,0.0625,0.466666666666667,0.0666666666666667,0.0666666666666667,0.0625,0.25,0.625,0.8125,0,0.1875,0.3125,0.375,0.875,0,0.4375,0.4375,0.4375,0,0,-3.4,1.81,-5.54,-2.57,-5.54,-6.81,-5.55,-2.57,-6.81,0.94,4.04,-2.57,4.04,4.92,4.04,0,0.0539215264259655,0.107843052851931,0,0.107843052851931,0,0,0.0539215264259655,0.0539215264259655,0.0539215264259655,0.161764579277896,0.161764579277896,0,0,0,0,0,0.0539215264259655,0,0,0.0707241269826123,0.0472066617808767,0.0317893039452795,0.0414570109017493
"QEKTEGPTPIPSLAK.",8,8,8,8,9,9,8,8,8,8,7,7,6,6,6,4.37,4.29,4.36,4.35,4.29,3.97,4.44,4.35,4.44,3.95,4.44,4.5,4.17,4.35,4.36,0.5,0.3125,0.125,0.4,0.133333333333333,0.0666666666666667,0.25,0.4375,0.5625,0.75,0,0.0625,0.125,0.3125,0.8125,0,0.1875,0.1875,0.9375,0,0,-5.54,-6.81,-5.55,-2.57,-6.81,0.94,4.04,-2.57,4.04,4.92,4.04,-3.4,4.92,1.81,-5.55,0,0.101956099892655,0.101956099892655,0,0.0509780499463275,0,0,0.0509780499463275,0.0509780499463275,0.0509780499463275,0.101956099892655,0.152934149838983,0,0,0,0,0.0509780499463275,0.0509780499463275,0,0,0.105619285933342,0.0348078518942754,0.0364548829255764,0.0584472300518936
"SLAKPGVTVTFSDFQ.",6,7,8,8,8,8,8,8,8,8,8,8,8,8,8,4.5,4.17,4.35,4.36,4.44,3.97,3.95,4.35,3.95,4.35,4.66,4.5,4.76,4.66,4.37,0.5,0.25,0.1875,0.4,0.333333333333333,0.0666666666666667,0.0625,0.3125,0.5,0.75,0,0.125,0.4375,0.5625,0.9375,0,0.25,0.25,0.6875,0.875,0,-3.4,4.92,1.81,-5.55,4.04,0.94,4.04,-2.57,4.04,-2.57,2.98,-3.4,-8.72,2.98,-5.54,0,0.0534305118056658,0,0.0534305118056658,0.0534305118056658,0,0,0.0534305118056658,0.0534305118056658,0.106861023611332,0.106861023611332,0.0534305118056658,0,0,0,0.106861023611332,0.0534305118056658,0,0,0.106861023611332,0.086929000505297,0.0301401605399842,0.0385799053604253,0.0428932565093061
"QDSDLIATMMPPISP.",8,8,8,8,7,7,6,7,7,8,8,8,8,8,8,4.37,4.76,4.5,4.76,4.17,3.95,4.35,4.35,4.52,4.52,4.44,4.44,3.95,4.5,4.44,0.5625,0.25,0.125,0.333333333333333,0.133333333333333,0,0.125,0.25,0.5,0.875,0,0.0625,0.3125,0.375,0.8125,0,0.5625,0.5625,0.625,0,0,-5.54,-8.72,-3.4,-8.72,4.92,4.92,1.81,-2.57,2.35,2.35,4.04,4.04,4.92,-3.4,4.04,0,0,0,0.105722457421552,0.0528612287107758,0,0,0,0.0528612287107758,0.105722457421552,0.0528612287107758,0.158583686132327,0,0,0,0,0.0528612287107758,0.105722457421552,0.105722457421552,0,0.0910505967899642,0.0360319087493417,0.0191361161173103,0.0608629476817468
"ATMMPPISPAPIQSD.",8,8,8,8,8,8,8,8,8,8,8,8,8,8,8,4.35,4.35,4.52,4.52,4.44,4.44,3.95,4.5,4.44,4.35,4.44,3.95,4.37,4.5,4.76,0.625,0.1875,0.125,0.266666666666667,0.133333333333333,0,0.0625,0.3125,0.5625,0.875,0,0.4375,0.4375,0.75,0.8125,0,0.1875,0.1875,0.25,0,0,1.81,-2.57,2.35,2.35,4.04,4.04,4.92,-3.4,4.04,1.81,4.04,4.92,-5.54,-3.4,-8.72,0,0,0,0.0516366877159397,0.0516366877159397,0,0,0,0.103273375431879,0.103273375431879,0.0516366877159397,0.206546750863759,0,0,0,0,0,0.103273375431879,0.103273375431879,0,0.0693159965369969,0.0513279281602433,0.0340608020273825,0.0707449575362824
"DWIPDIQIDPNGLSF.",8,8,8,8,8,7,7,7,8,8,8,8,8,8,7,4.76,4.7,3.95,4.44,4.76,3.95,4.37,3.95,4.76,4.44,4.75,3.97,4.17,4.5,4.66,0.4375,0.375,0.125,0.466666666666667,0.133333333333333,0.0666666666666667,0.0625,0.25,0.5625,0.75,0,0.1875,0.375,0.5,0.8125,0,0.125,0.125,0.9375,0,0,-8.72,2.33,4.92,4.04,-8.72,4.92,-5.54,4.92,-8.72,4.04,-6.64,0.94,4.92,-3.4,2.98,0,0,0,0.153689087140636,0.0512296957135454,0.0512296957135454,0.0512296957135454,0.0512296957135454,0,0.0512296957135454,0,0.102459391427091,0,0,0,0,0.0512296957135454,0.153689087140636,0,0.0512296957135454,0.0897965698035556,0.0514435611977558,0.0413664263466767,0.0489480069488311
"SVSEINPTTQMKESY.",7,7,7,7,7,7,7,7,6,6,6,6,6,6,7,4.5,3.95,4.5,4.29,3.95,4.75,4.44,4.35,4.35,4.37,4.52,4.36,4.29,4.5,4.6,0.375,0.375,0.1875,0.4,0.0666666666666667,0.133333333333333,0.0625,0.1875,0.5,0.875,0,0.125,0.25,0.375,0.8125,0,0.6875,0.6875,0.75,0.9375,0,-3.4,4.04,-3.4,-6.81,4.92,-6.64,4.04,-2.57,-2.57,-5.54,2.35,-5.55,-6.81,-3.4,-0.14,0,0.0541404440534875,0.108280888106975,0,0.0541404440534875,0.0541404440534875,0,0,0,0.162421332160462,0.108280888106975,0.0541404440534875,0,0.0541404440534875,0,0.0541404440534875,0,0.0541404440534875,0.0541404440534875,0,0.0769574444005129,0.0342821854907351,0.0352312100336048,0.0414224992728355
"LAPMQGVSLGQTSSS.",7,8,8,8,8,8,7,7,7,7,7,8,8,8,8,4.17,4.35,4.44,4.52,4.37,3.97,3.95,4.5,4.17,3.97,4.37,4.35,4.5,4.5,4.5,0.5625,0.3125,0.0625,0.533333333333333,0.0666666666666667,0.0666666666666667,0.125,0.375,0.625,0.875,0,0.0625,0.3125,0.4375,0.6875,0,0.25,0.25,0.25,0,0,4.92,1.81,4.04,2.35,-5.54,0.94,4.04,-3.4,4.92,0.94,-5.54,-2.57,-3.4,-3.4,-3.4,0,0,0,0,0.105348589993348,0,0,0.105348589993348,0.0526742949966741,0.210697179986696,0.0526742949966741,0.0526742949966741,0,0,0,0.0526742949966741,0.105348589993348,0,0.0526742949966741,0,0.0956489621711991,0.0372951127136548,0.0253793905612121,0.0515621096038231
"TCPYCKDSEGRGSGD.",7,8,8,8,8,8,8,8,8,8,8,8,8,8,7,4.35,4.65,4.44,4.6,4.65,4.36,4.76,4.5,4.29,3.97,4.38,3.97,4.5,3.97,4.76,0.6875,0.0625,0.1875,0.133333333333333,0.4,0,0.0625,0.1875,0.5,0.8125,0,0.5625,0.5625,0.5625,0,0,0.25,0.25,0.375,0.6875,0,-2.57,1.28,4.04,-0.14,1.28,-5.55,-8.72,-3.4,-6.81,0.94,-14.92,0.94,-3.4,0.94,-8.72,0.0540768147454377,0.0540768147454377,0.0540768147454377,0.108153629490875,0,0,0,0.162230444236313,0,0.108153629490875,0.0540768147454377,0.0540768147454377,0,0.0540768147454377,0.108153629490875,0,0,0,0,0,0.0525558311596463,0.0543407171955727,0.0443444979509489,0.0376067325122672
"CGKVYGKTSHLRAHL.",7,6,4,4,5,7,7,6,5,5,6,6,5,4,4,4.65,3.97,4.36,3.95,4.6,3.97,4.36,4.35,4.5,4.63,4.17,4.38,4.35,4.63,4.17,0.375,0.1875,0.375,0,0.466666666666667,0.333333333333333,0.0625,0.125,0.5,0.8125,0,0.25,0.25,0.6875,0.9375,0,0.1875,0.3125,0.625,0.875,0,1.28,0.94,-5.55,4.04,-0.14,0.94,-5.55,-2.57,-3.4,-4.66,4.92,-14.92,1.81,-4.66,4.92,0.0544073829079395,0.108814765815879,0,0,0,0,0,0.108814765815879,0.0544073829079395,0.0544073829079395,0.0544073829079395,0,0.108814765815879,0.0544073829079395,0.0544073829079395,0.0544073829079395,0.108814765815879,0,0,0,0.0483823290935741,0.0558713195547927,0.0357950441141542,0.0438405636183869
"GKVYGKTSHLRAHLR.",4,5,5,7,8,8,8,8,7,7,7,8,7,6,6,3.97,4.36,3.95,4.6,3.97,4.36,4.35,4.5,4.63,4.17,4.38,4.35,4.63,4.17,4.38,0.3125,0.1875,0.4375,0,0.466666666666667,0.4,0.0625,0.3125,0.4375,0.75,0,0.1875,0.1875,0.625,0.875,0,0.125,0.25,0.5625,0.8125,0,0.94,-5.55,4.04,-0.14,0.94,-5.55,-2.57,-3.4,-4.66,4.92,-14.92,1.81,-4.66,4.92,-14.92,0.106323610719673,0.106323610719673,0,0,0,0,0,0.106323610719673,0.0531618053598366,0.0531618053598366,0.0531618053598366,0,0.106323610719673,0.0531618053598366,0,0.0531618053598366,0.106323610719673,0,0,0,0.0584995899329691,0.0375822321092146,0.0430106455031844,0.0634804520570828
"CPKRFMRSDHLSKHI.",7,7,6,5,5,5,7,7,7,7,7,7,7,7,5,4.65,4.44,4.36,4.38,4.66,4.52,4.38,4.5,4.76,4.63,4.17,4.5,4.36,4.63,3.95,0.3125,0.125,0.5,0.0666666666666667,0.266666666666667,0.133333333333333,0.0625,0.125,0.5,0.75,0,0.6875,0.6875,0.9375,0,0,0.1875,0.3125,0.4375,0.8125,0,1.28,4.04,-5.55,-14.92,2.98,2.35,-14.92,-3.4,-8.72,-4.66,4.92,-3.4,-5.55,-4.66,4.92,0.10303368916067,0.10303368916067,0,0.0515168445803352,0,0,0,0,0,0.10303368916067,0,0.0515168445803352,0.10303368916067,0,0.0515168445803352,0,0.0515168445803352,0.0515168445803352,0.0515168445803352,0.0515168445803352,0.0835436518931963,0.0429046276853953,0.0323333290520529,0.0684657226643272
"FMRSDHLSKHIKTHQ.",5,5,7,7,7,7,5,4,4,4,4,4,5,6,8,4.66,4.52,4.38,4.5,4.76,4.63,4.17,4.5,4.36,4.63,3.95,4.36,4.35,4.63,4.37,0.25,0.1875,0.5,0.0666666666666667,0.333333333333333,0.266666666666667,0.25,0.3125,0.5,0.8125,0,0.4375,0.4375,0.6875,0.9375,0,0.0625,0.1875,0.5625,0.75,0,2.98,2.35,-14.92,-3.4,-8.72,-4.66,4.92,-3.4,-5.55,-4.66,4.92,-5.55,-2.57,-4.66,-5.54,0.0510196476999741,0.102039295399948,0,0.0510196476999741,0.0510196476999741,0,0,0,0,0.102039295399948,0.0510196476999741,0,0.153058943099922,0,0,0,0.0510196476999741,0.0510196476999741,0.0510196476999741,0.0510196476999741,0.077310127008069,0.0543068564151409,0.0477919099663938,0.0552963911107854
"DKFLASVSTVLTSKY.",8,8,8,7,7,7,7,7,7,6,7,7,7,7,6,4.76,4.36,4.66,4.17,4.35,4.5,3.95,4.5,4.35,3.95,4.17,4.35,4.5,4.36,4.6,0.4375,0.25,0.25,0.333333333333333,0.133333333333333,0.0666666666666667,0.0625,0.3125,0.5,0.75,0,0.25,0.4375,0.625,0.6875,0,0.125,0.1875,0.875,0.9375,0,-8.72,-5.55,2.98,4.92,1.81,-3.4,4.04,-3.4,-2.57,4.04,4.92,-2.57,-3.4,-5.55,-0.14,0,0.104805318243163,0,0.0524026591215814,0,0,0,0,0.0524026591215814,0.157207977364744,0.104805318243163,0,0,0.0524026591215814,0,0.104805318243163,0.104805318243163,0,0,0.0524026591215814,0.0496021967367899,0.0520583711088468,0.0646233347606617,0.0476762105699805
"ALERMFLSFPTTKTY.",6,5,5,5,5,6,7,7,8,8,7,7,7,7,7,4.35,4.17,4.29,4.38,4.52,4.66,4.17,4.5,4.66,4.44,4.35,4.35,4.36,4.35,4.6,0.375,0.1875,0.375,0.133333333333333,0.333333333333333,0.133333333333333,0.0625,0.5,0.6875,0.875,0,0.125,0.125,0.1875,0.4375,0,0.25,0.3125,0.5625,0.9375,0,1.81,4.92,-6.81,-14.92,2.35,2.98,4.92,-3.4,2.98,4.04,-2.57,-2.57,-5.55,-2.57,-0.14,0.0530590261798797,0.0530590261798797,0.0530590261798797,0,0,0,0,0,0.0530590261798797,0.0530590261798797,0.159177078539639,0.0530590261798797,0,0.0530590261798797,0,0,0.106118052359759,0,0.0530590261798797,0.106118052359759,0.0409190655045457,0.0334983998403422,0.0648759977589759,0.0648211441979402
"ISPPDAASAAPLRTI.",8,8,9,8,7,7,7,7,7,7,8,7,7,7,7,3.95,4.5,4.44,4.44,4.76,4.35,4.35,4.5,4.35,4.35,4.44,4.17,4.38,4.35,3.95,0.6875,0.1875,0.0625,0.2,0.0666666666666667,0.0666666666666667,0.125,0.25,0.4375,0.625,0,0.0625,0.0625,0.75,0.9375,0,0.8125,0.8125,0.8125,0,0,4.92,-3.4,4.04,4.04,-8.72,1.81,1.81,-3.4,1.81,1.81,4.04,4.92,-14.92,-2.57,4.92,0.051678974610716,0,0,0.051678974610716,0,0,0,0,0.206715898442864,0.103357949221432,0.051678974610716,0.155036923832148,0,0,0,0,0.051678974610716,0.103357949221432,0,0,0.0512081334648378,0.0427191882783222,0.0514374584989857,0.0794506005971144
"QGPPASPTASPEPPP.",8,8,8,8,8,8,8,8,8,9,8,8,9,9,9,4.37,3.97,4.44,4.44,4.35,4.5,4.44,4.35,4.35,4.5,4.44,4.29,4.44,4.44,4.44,0.8125,0.125,0,0.2,0,0,0.125,0.3125,0.5,0.8125,0,0.0625,0.0625,0.75,0,0,0,0,0,0,0,-5.54,0.94,4.04,4.04,1.81,-3.4,4.04,-2.57,1.81,-3.4,4.04,-6.81,4.04,4.04,4.04,0,0,0.0519261315189248,0,0.0519261315189248,0,0,0.0519261315189248,0.10385226303785,0.10385226303785,0.0519261315189248,0.363482920632473,0,0,0,0,0,0,0,0,0.0630452405083274,0.053950481317737,0.0351696019025035,0.0689427034875603
"PPASPTASPEPPPPE.",9,8,8,8,8,8,8,9,9,9,9,9,9,9,8,4.44,4.44,4.35,4.5,4.44,4.35,4.35,4.5,4.44,4.29,4.44,4.44,4.44,4.44,4.29,0.8125,0.125,0,0.2,0,0,0.0625,0.25,0.4375,0.75,0,0.625,0.625,0.9375,0,0,0,0,0,0,0,4.04,4.04,1.81,-3.4,4.04,-2.57,1.81,-3.4,4.04,-6.81,4.04,4.04,4.04,4.04,-6.81,0,0,0.111198981515148,0,0,0,0,0,0.111198981515148,0.111198981515148,0.0555994907575741,0.444795926060593,0,0,0,0,0,0,0,0,0.0349731177221131,0.058393202660505,0.0406204456503994,0.0320208726033705
"STENCAKSTVTTTTT.",8,8,8,8,8,8,8,8,7,7,7,8,8,8,8,4.5,4.35,4.29,4.75,4.65,4.35,4.36,4.5,4.35,3.95,4.35,4.35,4.35,4.35,4.35,0.6875,0.1875,0.0625,0.266666666666667,0.133333333333333,0,0.0625,0.3125,0.5625,0.8125,0,0.1875,0.1875,0.25,0.625,0,0.4375,0.4375,0.4375,0,0,-3.4,-2.57,-6.81,-6.64,1.28,1.81,-5.55,-3.4,-2.57,4.04,-2.57,-2.57,-2.57,-2.57,-2.57,0,0.0552737021023856,0.0552737021023856,0,0,0.0552737021023856,0,0,0.0552737021023856,0.110547404204771,0.386915914716699,0,0,0,0.0552737021023856,0.0552737021023856,0,0,0,0,0.0417224503444139,0.040044598960053,0.0440764530058614,0.0450509661538877
"CAKSTVTTTTTTVTK.",8,8,8,8,8,8,7,7,7,7,7,7,7,7,7,4.65,4.35,4.36,4.5,4.35,3.95,4.35,4.35,4.35,4.35,4.35,4.35,3.95,4.35,4.36,0.6875,0.125,0.125,0.266666666666667,0.2,0,0.0625,0.25,0.5,0.6875,0,0.375,0.375,0.8125,0,0,0.1875,0.1875,0.9375,0,0,1.28,1.81,-5.55,-3.4,-2.57,4.04,-2.57,-2.57,-2.57,-2.57,-2.57,-2.57,4.04,-2.57,-5.55,0,0.104467665043042,0,0,0,0,0,0,0.0522338325215211,0.0522338325215211,0.417870660172169,0,0,0,0.0522338325215211,0.104467665043042,0,0,0,0,0.053365876945829,0.0676859212761836,0.0571279661043166,0.0383127478508548
"KVMVAPISGSVTTGT.",7,5,5,5,7,8,8,8,8,8,8,8,8,8,8,4.36,3.95,4.52,3.95,4.35,4.44,3.95,4.5,3.97,4.5,3.95,4.35,4.35,3.97,4.35,0.5625,0.25,0.125,0.333333333333333,0,0.2,0.3125,0.5,0.625,0.875,0,0.125,0.25,0.4375,0.6875,0,0.0625,0.0625,0.1875,0,0,-5.55,4.04,2.35,4.04,1.81,4.04,4.92,-3.4,0.94,-3.4,4.04,-2.57,-2.57,0.94,-2.57,0,0.0500229694909968,0,0,0,0,0,0.100045938981994,0.0500229694909968,0.100045938981994,0.150068908472991,0.0500229694909968,0,0,0,0.150068908472991,0,0.0500229694909968,0.0500229694909968,0,0.0547064281606257,0.0658119641542187,0.0948000486809994,0.0343370166392039
"GTKMVLTTKVGSPAT.",8,7,6,5,5,5,5,4,5,7,7,8,8,8,8,3.97,4.35,4.36,4.52,3.95,4.17,4.35,4.35,4.36,3.95,3.97,4.5,4.44,4.35,4.35,0.5625,0.1875,0.1875,0.133333333333333,0.133333333333333,0.133333333333333,0.0625,0.4375,0.6875,0.875,0,0.3125,0.3125,0.375,0.625,0,0.1875,0.1875,0.25,0.5625,0,0.94,-2.57,-5.55,2.35,4.04,4.92,-2.57,-2.57,-5.55,4.04,0.94,-3.4,4.04,1.81,-2.57,0,0.103462945898528,0,0,0,0,0,0.103462945898528,0.051731472949264,0.051731472949264,0.206925891797056,0.051731472949264,0,0,0,0.103462945898528,0.051731472949264,0,0.051731472949264,0,0.032393736119794,0.0788702346681088,0.0537069293501213,0.0590570056230154
"VGSPATVTFQQNKNF.",8,8,8,8,7,6,6,7,7,7,7,8,8,8,8,3.95,3.97,4.5,4.44,4.35,4.35,3.95,4.35,4.66,4.37,4.37,4.75,4.36,4.75,4.66,0.375,0.375,0.1875,0.2,0.0666666666666667,0.266666666666667,0.125,0.1875,0.3125,0.5,0,0.0625,0.4375,0.6875,0.875,0,0.5625,0.5625,0.8125,0.9375,0,4.04,0.94,-3.4,4.04,1.81,-2.57,4.04,-2.57,2.98,-5.54,-5.54,-6.64,-5.55,-6.64,2.98,0,0.0482752392851222,0,0,0.0965504785702443,0.0965504785702443,0,0.0482752392851222,0.0482752392851222,0.0482752392851222,0.0965504785702443,0.0482752392851222,0,0,0,0.0965504785702443,0,0,0,0.0965504785702443,0.0764482080258157,0.0852093904796968,0.06532290306846,0.048890909149195
"EGFSIPVSADGFKFG.",8,8,8,8,8,7,7,7,8,8,8,7,7,7,7,4.29,3.97,4.66,4.5,3.95,4.44,3.95,4.5,4.35,4.76,3.97,4.66,4.36,4.66,3.97,0.5,0.1875,0.25,0.333333333333333,0.266666666666667,0,0.125,0.375,0.5625,0.6875,0,0.0625,0.0625,0.3125,0.4375,0,0.1875,0.75,0.8125,0.875,0,-6.81,0.94,2.98,-3.4,4.92,4.04,4.04,-3.4,1.81,-8.72,0.94,2.98,-5.55,2.98,0.94,0,0.0500957781327374,0.0500957781327374,0.0500957781327374,0,0,0,0.150287334398212,0.0500957781327374,0.100191556265475,0,0.0500957781327374,0,0,0,0.0500957781327374,0,0.0500957781327374,0,0.150287334398212,0.0620863067215034,0.0773229182616581,0.0614856149390055,0.0476684880867715
"KETALPSTKAEFTSP.",7,6,7,7,8,8,8,8,7,6,6,5,7,8,8,4.36,4.29,4.35,4.35,4.17,4.44,4.5,4.35,4.36,4.35,4.29,4.66,4.35,4.5,4.44,0.5625,0.1875,0.1875,0.266666666666667,0.2,0.133333333333333,0.1875,0.375,0.5,0.875,0,0.125,0.125,0.3125,0.6875,0,0.0625,0.0625,0.5625,0.75,0,-5.55,-6.81,-2.57,1.81,4.92,4.04,-3.4,-2.57,-5.55,1.81,-6.81,2.98,-2.57,-3.4,4.04,0,0.103459612092179,0.103459612092179,0,0,0,0,0,0.103459612092179,0.103459612092179,0.155189418138269,0.103459612092179,0,0,0,0,0.0517298060460897,0,0,0.0517298060460897,0.0545601657847575,0.0763022384785584,0.0507624664507571,0.0424280385945813
"LPPSRNSTSSQSQTS.",8,8,8,8,8,8,8,8,8,8,8,8,8,8,8,4.17,4.44,4.44,4.5,4.38,4.75,4.5,4.35,4.5,4.5,4.37,4.5,4.37,4.35,4.5,0.625,0.25,0.0625,0.4,0.0666666666666667,0.0666666666666667,0.125,0.25,0.5625,0.875,0,0.0625,0.375,0.6875,0.8125,0,0.3125,0.3125,0.3125,0,0,4.92,4.04,4.04,-3.4,-14.92,-6.64,-3.4,-2.57,-3.4,-3.4,-5.54,-3.4,-5.54,-2.57,-3.4,0.0500106388656322,0,0,0,0.100021277731264,0.0500106388656322,0,0,0,0.300063833193793,0.100021277731264,0.100021277731264,0,0,0,0,0.0500106388656322,0,0,0,0.0631981754915963,0.0682635575555507,0.0475228320425922,0.0708558519257785
"PPSRNSTSSQSQTST.",8,8,8,8,8,8,8,8,8,8,8,7,7,8,8,4.44,4.44,4.5,4.38,4.75,4.5,4.35,4.5,4.5,4.37,4.5,4.37,4.35,4.5,4.35,0.6875,0.1875,0.0625,0.333333333333333,0.0666666666666667,0.0666666666666667,0.0625,0.1875,0.5,0.8125,0,0.3125,0.3125,0.625,0.75,0,0.25,0.25,0.25,0,0,4.04,4.04,-3.4,-14.92,-6.64,-3.4,-2.57,-3.4,-3.4,-5.54,-3.4,-5.54,-2.57,-3.4,-2.57,0.0472382890896528,0,0,0,0.0944765781793056,0.0472382890896528,0,0,0,0.283429734537917,0.141714867268958,0.0944765781793056,0,0,0,0,0,0,0,0,0.0398814403451297,0.102273884665109,0.0617934349004503,0.0874769037445191
"STRSSVATTSGKAPP.",8,8,8,8,7,6,5,5,7,8,8,8,8,8,8,4.5,4.35,4.38,4.5,4.5,3.95,4.35,4.35,4.35,4.5,3.97,4.36,4.35,4.44,4.44,0.75,0.0625,0.125,0.133333333333333,0.266666666666667,0,0.0625,0.3125,0.5625,0.8125,0,0.375,0.375,0.375,0,0,0.1875,0.1875,0.75,0,0,-3.4,-2.57,-14.92,-3.4,-3.4,4.04,1.81,-2.57,-2.57,-3.4,0.94,-5.55,1.81,4.04,4.04,0.0472148359174402,0.0472148359174402,0,0,0,0,0,0.0472148359174402,0.0944296718348804,0.188859343669761,0.141644507752321,0.0944296718348804,0,0,0,0.0472148359174402,0,0,0,0,0.0560297278781344,0.102784741355009,0.0600962053590522,0.0728667866462016
"TRSSVATTSGKAPPN.",8,8,7,7,7,8,8,8,8,8,8,8,8,8,8,4.35,4.38,4.5,4.5,3.95,4.35,4.35,4.35,4.5,3.97,4.36,4.35,4.44,4.44,4.75,0.6875,0.125,0.125,0.2,0.266666666666667,0,0.0625,0.25,0.5,0.75,0,0.3125,0.3125,0.9375,0,0,0.125,0.125,0.6875,0,0,-2.57,-14.92,-3.4,-3.4,4.04,1.81,-2.57,-2.57,-3.4,0.94,-5.55,1.81,4.04,4.04,-6.64,0.0502571583640689,0.0502571583640689,0,0,0,0.0502571583640689,0,0.0502571583640689,0.100514316728138,0.150771475092207,0.150771475092207,0.100514316728138,0,0,0,0.0502571583640689,0,0,0,0,0.0542316074636447,0.0975146569944732,0.0285916731833677,0.0658046868974802
"NPCLNGGSCKDDINS.",8,8,8,8,8,8,8,8,7,7,7,7,7,7,7,4.75,4.44,4.65,4.17,4.75,3.97,3.97,4.5,4.65,4.36,4.76,4.76,3.95,4.75,4.5,0.5625,0.3125,0.0625,0.333333333333333,0.133333333333333,0,0.125,0.375,0.5,0.75,0,0.0625,0.25,0.3125,0.875,0,0.625,0.625,0.625,0,0,-6.64,4.04,1.28,4.92,-6.64,0.94,0.94,-3.4,1.28,-5.55,-8.72,-8.72,4.92,-6.64,-3.4,0,0.0526400835771716,0,0.105280167154343,0,0.157920250731515,0,0.105280167154343,0,0.105280167154343,0,0.0526400835771716,0,0,0.105280167154343,0,0.0526400835771716,0.0526400835771716,0,0,0.0513420885799841,0.0514115049338079,0.0347236555554592,0.0729214972731754
"DVDYVNSTEAETILD.",7,7,7,7,8,8,8,8,8,8,7,7,7,8,8,4.76,3.95,4.76,4.6,3.95,4.75,4.5,4.35,4.29,4.35,4.29,4.35,3.95,4.17,4.76,0.4375,0.4375,0.0625,0.6,0.0666666666666667,0.0666666666666667,0.0625,0.1875,0.5,0.75,0,0.125,0.3125,0.5625,0.8125,0,0.25,0.25,0.25,0,0,-8.72,4.04,-8.72,-0.14,4.04,-6.64,-3.4,-2.57,-6.81,1.81,-6.81,-2.57,4.92,4.92,-8.72,0,0,0.0992108399147241,0.148816259872086,0,0.049605419957362,0,0,0.049605419957362,0.049605419957362,0.0992108399147241,0,0,0.049605419957362,0,0.0992108399147241,0.049605419957362,0.049605419957362,0,0,0.0549972885355672,0.0743687570520728,0.0370460448334664,0.089506610218463
"ETILDNITQSTQSFN.",8,7,7,7,7,6,6,7,7,8,8,8,8,8,7,4.29,4.35,3.95,4.17,4.76,4.75,3.95,4.35,4.37,4.5,4.35,4.37,4.5,4.66,4.75,0.375,0.5,0.0625,0.6,0.0666666666666667,0.0666666666666667,0.125,0.3125,0.625,0.8125,0,0.0625,0.25,0.4375,0.75,0,0.875,0.875,0.875,0,0,-6.81,-2.57,4.92,4.92,-8.72,-6.64,4.92,-2.57,-5.54,-3.4,-2.57,-5.54,-3.4,2.98,-6.64,0,0,0.0494100038448606,0.0494100038448606,0.0988200076897212,0.0988200076897212,0,0,0,0.0988200076897212,0.148230011534582,0,0,0,0,0,0.0494100038448606,0.0988200076897212,0,0.0494100038448606,0.056919307105112,0.0902705039457408,0.0502082061639393,0.0614519251122992
"VDGDQCESNPCLNGG.",7,7,7,7,7,7,8,8,8,8,8,8,8,8,8,3.95,4.76,3.97,4.76,4.37,4.65,4.29,4.5,4.75,4.44,4.65,4.17,4.75,3.97,3.97,0.5625,0.375,0,0.6,0,0,0.125,0.25,0.5,0.875,0,0.0625,0.3125,0.5625,0.8125,0,0,0,0,0,0,4.04,-8.72,0.94,-8.72,-5.54,1.28,-6.81,-3.4,-6.64,4.04,1.28,4.92,-6.64,0.94,0.94,0,0,0.0500509384212768,0.100101876842554,0.0500509384212768,0.100101876842554,0,0.15015281526383,0,0.0500509384212768,0,0.0500509384212768,0,0,0.100101876842554,0.0500509384212768,0.0500509384212768,0,0,0,0.0676164077782014,0.0910741772257039,0.026181342745849,0.0643639959310941
"TTIIKQVSQAQTTVQ.",7,6,5,6,6,7,7,7,7,7,7,7,7,7,7,4.35,4.35,3.95,3.95,4.36,4.37,3.95,4.5,4.37,4.35,4.37,4.35,4.35,3.95,4.37,0.375,0.5,0.0625,0.466666666666667,0,0.133333333333333,0.0625,0.125,0.625,0.8125,0,0.1875,0.375,0.5625,0.875,0,0.3125,0.3125,0.3125,0,0,-2.57,-2.57,4.92,4.92,-5.55,-5.54,4.04,-3.4,-5.54,1.81,-5.54,-2.57,-2.57,4.04,-5.54,0,0.0535889363634599,0,0,0.21435574545384,0,0,0,0.0535889363634599,0.0535889363634599,0.21435574545384,0,0,0,0,0.10717787272692,0,0.10717787272692,0,0,0.0618945002726639,0.0644224548418322,0.0323409913091148,0.0375080081244907
"EGFSIPVSADGFKFG..1",8,8,8,7,7,7,6,6,7,8,8,8,7,8,8,4.29,3.97,4.66,4.5,3.95,4.44,3.95,4.5,4.35,4.76,3.97,4.66,4.36,4.66,3.97,0.5,0.1875,0.25,0.333333333333333,0.266666666666667,0,0.125,0.375,0.5625,0.6875,0,0.0625,0.0625,0.3125,0.4375,0,0.1875,0.75,0.8125,0.875,0,-6.81,0.94,2.98,-3.4,4.92,4.04,4.04,-3.4,1.81,-8.72,0.94,2.98,-5.55,2.98,0.94,0,0.0530079641163081,0.0530079641163081,0.0530079641163081,0,0,0,0.159023892348924,0.0530079641163081,0.106015928232616,0,0.0530079641163081,0,0,0,0.0530079641163081,0,0.0530079641163081,0,0.159023892348924,0.0571617581108533,0.0647513837305654,0.036187438196243,0.0467799582177168
"TKASDVDTSSSTLRK.",8,8,8,8,8,8,8,7,7,7,7,8,8,8,8,4.35,4.36,4.35,4.5,4.76,3.95,4.76,4.35,4.5,4.5,4.5,4.35,4.17,4.38,4.36,0.625,0.125,0.1875,0.2,0.133333333333333,0.0666666666666667,0.0625,0.25,0.5,0.6875,0,0.375,0.375,0.8125,0,0,0.125,0.125,0.875,0.9375,0,-2.57,-5.55,1.81,-3.4,-8.72,4.04,-8.72,-2.57,-3.4,-3.4,-3.4,-2.57,4.92,-14.92,-5.55,0.0526717104995796,0.105343420999159,0,0.105343420999159,0,0,0,0,0.0526717104995796,0.210686841998318,0.158015131498739,0,0,0,0,0.0526717104995796,0.0526717104995796,0,0,0,0.0318235267730419,0.0802484863445431,0.0265585442275278,0.0712937851611929
"KASDVDTSSSTLRKI.",8,8,8,8,8,8,8,8,8,8,7,7,7,7,7,4.36,4.35,4.5,4.76,3.95,4.76,4.35,4.5,4.5,4.5,4.35,4.17,4.38,4.36,3.95,0.5625,0.1875,0.1875,0.2,0.0666666666666667,0.133333333333333,0.125,0.25,0.4375,0.625,0,0.3125,0.3125,0.75,0.9375,0,0.0625,0.0625,0.8125,0.875,0,-5.55,1.81,-3.4,-8.72,4.04,-8.72,-2.57,-3.4,-3.4,-3.4,-2.57,4.92,-14.92,-5.55,4.92,0.0496601924241586,0.0993203848483173,0,0.0993203848483173,0,0,0,0,0.0496601924241586,0.198640769696635,0.0993203848483173,0,0,0,0,0.0496601924241586,0.0496601924241586,0.0496601924241586,0,0,0.0548858231840261,0.0804543412727778,0.0505245929086767,0.0692323562721399
"AGLRVNTSEGVVLLS.",8,8,8,7,8,8,8,8,8,7,7,6,6,6,6,4.35,3.97,4.17,4.38,3.95,4.75,4.35,4.5,4.29,3.97,3.95,3.95,4.17,4.17,4.5,0.375,0.5,0.0625,0.4,0,0.133333333333333,0.0625,0.125,0.5,0.9375,0,0.1875,0.375,0.6875,0.8125,0,0.25,0.25,0.25,0,0,1.81,0.94,4.92,-14.92,4.04,-6.64,-2.57,-3.4,-6.81,0.94,4.04,4.04,4.92,4.92,-3.4,0.0515904485051394,0,0.0515904485051394,0,0,0.0515904485051394,0,0.103180897010279,0.0515904485051394,0.103180897010279,0.0515904485051394,0,0,0,0,0.154771345515418,0.154771345515418,0,0,0,0.035636518008259,0.075810262372483,0.0491246036841457,0.0655718883580217
"LSVSTPVTQGGTVKV.",6,6,6,7,7,7,7,8,8,8,8,7,7,7,6,4.17,4.5,3.95,4.5,4.35,4.44,3.95,4.35,4.37,3.97,3.97,4.35,3.95,4.36,3.95,0.5,0.375,0.0625,0.533333333333333,0,0.133333333333333,0.125,0.3125,0.5,0.6875,0,0.0625,0.1875,0.5625,0.9375,0,0.875,0.875,0.875,0,0,4.92,-3.4,4.04,-3.4,-2.57,4.04,4.04,-2.57,-5.54,0.94,0.94,-2.57,4.04,-5.55,4.04,0,0.0505336172299105,0,0,0.0505336172299105,0,0,0.101067234459821,0,0.101067234459821,0.151600851689731,0.0505336172299105,0,0,0,0.202134468919642,0.0505336172299105,0,0,0,0.0576857287469668,0.0744026535339861,0.0509940073283438,0.0589133519420465
"GLPIPSPSPIHPAHH.",7,7,8,8,8,8,8,8,8,8,8,8,8,8,8,3.97,4.17,4.44,3.95,4.44,4.5,4.44,4.5,4.44,3.95,4.63,4.44,4.35,4.63,4.63,0.5625,0.1875,0.1875,0.333333333333333,0.133333333333333,0.0666666666666667,0.0625,0.3125,0.4375,0.75,0,0.125,0.125,0.25,0.625,0,0.6875,0.6875,0.875,0.9375,0,0.94,4.92,4.04,4.92,4.04,-3.4,4.04,-3.4,4.04,4.92,-4.66,4.04,1.81,-4.66,-4.66,0,0,0,0,0,0,0,0.0496622863592557,0.0496622863592557,0.0993245727185115,0,0.248311431796279,0.148986859077767,0,0,0,0.0496622863592557,0.0993245727185115,0,0,0.0817644516129774,0.049229601709584,0.0426751438957649,0.0813965073928376
"SSGLTSKTSSEASVS.",8,8,7,7,7,7,7,8,8,8,8,7,7,7,7,4.5,4.5,3.97,4.17,4.35,4.5,4.36,4.35,4.5,4.5,4.29,4.35,4.5,3.95,4.5,0.6875,0.1875,0.0625,0.4,0.133333333333333,0,0.0625,0.1875,0.5,0.75,0,0.25,0.25,0.6875,0.875,0,0.4375,0.4375,0.4375,0,0,-3.4,-3.4,0.94,4.92,-2.57,-3.4,-5.55,-2.57,-3.4,-3.4,-6.81,1.81,-3.4,4.04,-3.4,0,0.0499486052790103,0.0499486052790103,0,0,0,0,0.0499486052790103,0.0499486052790103,0.349640236953072,0.0998972105580206,0,0,0,0,0.0499486052790103,0.0499486052790103,0,0,0,0.0801029676255589,0.0625457344772655,0.051427815705797,0.0566944030062244
"TSLLTPKSSSSTNTS.",7,7,7,8,8,8,8,8,8,8,8,8,8,8,8,4.35,4.5,4.17,4.17,4.35,4.44,4.36,4.5,4.5,4.5,4.5,4.35,4.75,4.35,4.5,0.6875,0.1875,0.0625,0.266666666666667,0.133333333333333,0,0.0625,0.3125,0.5625,0.75,0,0.1875,0.1875,0.25,0.8125,0,0.4375,0.4375,0.4375,0,0,-2.57,-3.4,4.92,4.92,-2.57,4.04,-5.55,-3.4,-3.4,-3.4,-3.4,-2.57,-6.64,-2.57,-3.4,0,0.0526487168053102,0,0,0,0.0526487168053102,0,0,0,0.315892300831861,0.210594867221241,0.0526487168053102,0,0,0,0,0.10529743361062,0,0,0,0.0758730712971453,0.0356804689697942,0.039121262154962,0.0595944454984452
"ASKSSSQTSGSLVSK.",8,8,8,8,8,8,8,8,8,8,7,6,6,7,7,4.35,4.5,4.36,4.5,4.5,4.5,4.37,4.35,4.5,3.97,4.5,4.17,3.95,4.5,4.36,0.625,0.1875,0.125,0.266666666666667,0.2,0,0.0625,0.25,0.5,0.6875,0,0.4375,0.4375,0.75,0.8125,0,0.1875,0.1875,0.9375,0,0,1.81,-3.4,-5.55,-3.4,-3.4,-3.4,-5.54,-2.57,-3.4,0.94,-3.4,4.92,4.04,-3.4,-5.55,0,0.112538836934663,0,0,0.0562694184673317,0,0,0.0562694184673317,0.0562694184673317,0.393885929271322,0.0562694184673317,0,0,0,0,0.0562694184673317,0.0562694184673317,0,0,0,0.0267421815611035,0.0237286718071653,0.0612678847194585,0.0442199849022971
"ASHLQQGTASGSSKA.",8,7,7,6,7,7,8,8,8,8,8,8,7,7,5,4.35,4.5,4.63,4.17,4.37,4.37,3.97,4.35,4.35,4.5,3.97,4.5,4.5,4.36,4.35,0.625,0.1875,0.125,0.0666666666666667,0.2,0.0666666666666667,0.0625,0.4375,0.625,0.8125,0,0.25,0.25,0.3125,0.375,0,0.1875,0.1875,0.875,0,0,1.81,-3.4,-4.66,4.92,-5.54,-5.54,0.94,-2.57,1.81,-3.4,0.94,-3.4,-3.4,-5.55,1.81,0,0.0550957055713651,0,0,0.11019141114273,0,0,0.11019141114273,0.165287116714095,0.22038282228546,0.0550957055713651,0,0.0550957055713651,0,0,0,0.0550957055713651,0,0,0,0.0280550881788505,0.0495797155664181,0.0508321578024193,0.0450974548818359
"VNKSGPSTVSEPAKS.",5,7,8,8,8,8,8,8,8,8,8,8,8,8,8,3.95,4.75,4.36,4.5,3.97,4.44,4.5,4.35,3.95,4.5,4.29,4.44,4.35,4.36,4.5,0.5625,0.25,0.125,0.266666666666667,0.2,0.0666666666666667,0.25,0.375,0.5,0.8125,0,0.0625,0.125,0.5625,0.6875,0,0.1875,0.1875,0.875,0,0,4.04,-6.64,-5.55,-3.4,0.94,4.04,-3.4,-2.57,4.04,-3.4,-6.81,4.04,1.81,-5.55,-3.4,0,0.114491308382661,0.0572456541913303,0,0,0.0572456541913303,0,0.0572456541913303,0.0572456541913303,0.228982616765321,0.0572456541913303,0.114491308382661,0,0,0,0.114491308382661,0,0,0,0,0.0226760903130463,0.040922652058452,0.0411707132995138,0.0365457314590336
"PQIRVPATATQTKVV.",8,8,8,8,8,7,7,7,7,7,7,7,7,7,7,4.44,4.37,3.95,4.38,3.95,4.44,4.35,4.35,4.35,4.35,4.37,4.35,4.36,3.95,3.95,0.4375,0.375,0.125,0.266666666666667,0.0666666666666667,0.2,0.0625,0.375,0.5,0.625,0,0.125,0.1875,0.6875,0.9375,0,0.25,0.25,0.8125,0,0,4.04,-5.54,4.92,-14.92,4.04,4.04,1.81,-2.57,1.81,-2.57,-5.54,-2.57,-5.55,4.04,4.04,0.0536891655441146,0.0536891655441146,0,0,0.107378331088229,0,0,0,0.107378331088229,0,0.161067496632344,0.107378331088229,0,0,0,0.161067496632344,0,0.0536891655441146,0,0,0.0230809211809952,0.0567652529125373,0.0480159952170308,0.0668003475277183
"SDELQTIQEDSAATS.",7,8,8,7,7,6,7,7,8,8,8,8,8,8,8,4.5,4.76,4.29,4.17,4.37,4.35,3.95,4.37,4.29,4.76,4.5,4.35,4.35,4.35,4.5,0.5625,0.375,0,0.266666666666667,0,0,0.0625,0.375,0.6875,0.875,0,0.1875,0.25,0.4375,0.5625,0,0,0,0,0,0,-3.4,-8.72,-6.81,4.92,-5.54,-2.57,4.92,-5.54,-6.81,-8.72,-3.4,1.81,1.81,-2.57,-3.4,0,0,0.100471248377122,0.100471248377122,0.100471248377122,0,0,0,0.100471248377122,0.150706872565684,0.100471248377122,0,0,0,0,0,0.0502356241885612,0.0502356241885612,0,0,0.0307598295453539,0.0463496493931258,0.0586276942868109,0.110728463946292
"LQTIQEDSAATSESL.",8,8,8,8,8,8,8,8,7,7,7,7,7,7,7,4.17,4.37,4.35,3.95,4.37,4.29,4.76,4.5,4.35,4.35,4.35,4.5,4.29,4.5,4.17,0.5,0.4375,0,0.4,0,0,0.1875,0.5,0.625,0.75,0,0.0625,0.125,0.3125,0.8125,0,0,0,0,0,0,4.92,-5.54,-2.57,4.92,-5.54,-6.81,-8.72,-3.4,1.81,1.81,-2.57,-3.4,-6.81,-3.4,4.92,0,0,0.103794034335296,0.051897017167648,0.103794034335296,0,0,0,0.103794034335296,0.155691051502944,0.103794034335296,0,0,0,0,0,0.103794034335296,0.051897017167648,0,0,0.03505135772045,0.0181867933012765,0.0443422155499599,0.123964375913593
"HSLEQKPTDAPPKVL.",7,7,7,7,7,7,8,8,8,8,8,8,7,6,5,4.63,4.5,4.17,4.29,4.37,4.36,4.44,4.35,4.76,4.35,4.44,4.44,4.36,3.95,4.17,0.4375,0.3125,0.1875,0.0666666666666667,0.2,0.133333333333333,0.125,0.4375,0.5625,0.6875,0,0.1875,0.25,0.3125,0.9375,0,0.0625,0.0625,0.375,0.8125,0,-4.66,-3.4,4.92,-6.81,-5.54,-5.55,4.04,-2.57,-8.72,1.81,4.04,4.04,-5.55,4.04,4.92,0,0.10084007355154,0.0504200367757701,0.0504200367757701,0.0504200367757701,0,0,0,0.0504200367757701,0.0504200367757701,0.0504200367757701,0.15126011032731,0.0504200367757701,0,0,0.0504200367757701,0.10084007355154,0,0,0,0.0324472342100539,0.0232850577504932,0.0718180634979929,0.116149092904909
"LELEDPSSGLGVTKQ.",5,6,6,7,8,8,8,8,7,6,5,5,5,6,6,4.17,4.29,4.17,4.29,4.76,4.44,4.5,4.5,3.97,4.17,3.97,3.95,4.35,4.36,4.37,0.4375,0.4375,0.0625,0.333333333333333,0.0666666666666667,0.0666666666666667,0.3125,0.375,0.5,0.6875,0,0.0625,0.125,0.25,0.75,0,0.875,0.875,0.875,0,0,4.92,-6.81,4.92,-6.81,-8.72,4.04,-3.4,-3.4,0.94,4.92,0.94,4.04,-2.57,-5.55,-5.54,0,0.0565053532885511,0.113010706577102,0.0565053532885511,0.0565053532885511,0,0,0.113010706577102,0,0.113010706577102,0.0565053532885511,0.0565053532885511,0,0,0,0.0565053532885511,0.169516059865653,0,0,0,0.0218945297360194,0.0309956321224708,0.0590370963971992,0.0404924424160439
"TEPPVPVSINSNITR.",6,8,8,8,8,7,6,6,6,7,8,8,7,7,6,4.35,4.29,4.44,4.44,3.95,4.44,3.95,4.5,3.95,4.75,4.5,4.75,3.95,4.35,4.38,0.4375,0.4375,0.0625,0.666666666666667,0.0666666666666667,0,0.0625,0.1875,0.375,0.6875,0,0.125,0.3125,0.5625,0.75,0,0.9375,0.9375,0.9375,0,0,-2.57,-6.81,4.04,4.04,4.04,4.04,4.04,-3.4,4.92,-6.64,-3.4,-6.64,4.92,-2.57,-14.92,0.0558199396242175,0,0.0558199396242175,0,0,0.111639879248435,0,0,0,0.111639879248435,0.111639879248435,0.167459818872653,0,0,0,0.111639879248435,0,0.111639879248435,0,0,0.0351132720180696,0.0302759204405683,0.0621663128782063,0.0351454002998927
"MMSKPQTSGAYVLNK.",6,6,7,7,7,7,7,7,7,6,5,5,6,8,8,4.52,4.52,4.5,4.36,4.44,4.37,4.35,4.5,3.97,4.35,4.6,3.95,4.17,4.75,4.36,0.375,0.25,0.3125,0.133333333333333,0.266666666666667,0.133333333333333,0.1875,0.3125,0.5,0.625,0,0.375,0.75,0.8125,0.875,0,0.0625,0.125,0.25,0.9375,0,2.35,2.35,-3.4,-5.55,4.04,-5.54,-2.57,-3.4,0.94,1.81,-0.14,4.04,4.92,-6.64,-5.55,0,0.110274352404923,0,0,0.0551371762024617,0.0551371762024617,0,0.0551371762024617,0.0551371762024617,0.110274352404923,0.0551371762024617,0.0551371762024617,0,0.0551371762024617,0,0.0551371762024617,0.0551371762024617,0,0.110274352404923,0,0.0315058295586799,0.0378538617479717,0.0726943436436229,0.0308883220128007
"ERHVIPVSSSDFNNK.",7,6,5,5,5,6,6,6,6,6,6,6,7,7,8,4.29,4.38,4.63,3.95,3.95,4.44,3.95,4.5,4.5,4.5,4.76,4.66,4.75,4.75,4.36,0.3125,0.375,0.25,0.2,0.0666666666666667,0.266666666666667,0.375,0.5,0.5625,0.6875,0,0.0625,0.25,0.4375,0.875,0,0.125,0.1875,0.75,0.9375,0,-6.81,-14.92,-4.66,4.04,4.92,4.04,4.04,-3.4,-3.4,-3.4,-8.72,2.98,-6.64,-6.64,-5.55,0.0571964285004692,0.0571964285004692,0.0571964285004692,0.0571964285004692,0,0.114392857000938,0,0,0,0.171589285501408,0,0.0571964285004692,0.0571964285004692,0,0,0.114392857000938,0,0.0571964285004692,0,0.0571964285004692,0.0325120415265202,0.0292610598292808,0.04849583170504,0.0317846394321213
"TTEKTYTSTSNNSIS.",8,8,8,8,8,8,8,8,7,8,8,8,7,7,6,4.35,4.35,4.29,4.36,4.35,4.6,4.35,4.5,4.35,4.5,4.75,4.75,4.5,3.95,4.5,0.5625,0.25,0.125,0.333333333333333,0.2,0.0666666666666667,0.0625,0.3125,0.5,0.8125,0,0.1875,0.6875,0.75,0.875,0,0.25,0.25,0.375,0,0,-2.57,-2.57,-6.81,-5.55,-2.57,-0.14,-2.57,-3.4,-2.57,-3.4,-6.64,-6.64,-3.4,4.92,-3.4,0,0.0551770283511605,0.0551770283511605,0,0,0.110354056702321,0,0,0,0.220708113404642,0.275885141755802,0,0,0.0551770283511605,0,0,0,0.0551770283511605,0,0,0.0243256613773717,0.0405801836003671,0.0567945552417727,0.0506441745130816
"ALQSLLGTQLPPQGR.",6,5,6,7,7,8,8,8,7,7,8,8,8,7,6,4.35,4.17,4.37,4.5,4.17,4.17,3.97,4.35,4.37,4.17,4.44,4.44,4.37,3.97,4.38,0.4375,0.4375,0.0625,0.533333333333333,0.0666666666666667,0,0.0625,0.25,0.5,0.75,0,0.125,0.1875,0.375,0.625,0,0.9375,0.9375,0.9375,0,0,1.81,4.92,-5.54,-3.4,4.92,4.92,0.94,-2.57,-5.54,4.92,4.04,4.04,-5.54,0.94,-14.92,0.0546197125509848,0,0,0,0.163859137652954,0,0,0.10923942510197,0.0546197125509848,0.0546197125509848,0.0546197125509848,0.10923942510197,0,0,0,0,0.218478850203939,0,0,0,0.0327637124879832,0.0488430700004282,0.0367415570551814,0.0623559721916353
"CVRRAPPTTAVPSRT.",6,7,7,8,8,8,8,7,7,6,7,7,7,7,7,4.65,3.95,4.38,4.38,4.35,4.44,4.44,4.35,4.35,4.35,3.95,4.44,4.5,4.38,4.35,0.625,0.125,0.1875,0.2,0.2,0.0666666666666667,0.0625,0.375,0.5625,0.8125,0,0.125,0.125,0.6875,0,0,0.1875,0.1875,0.25,0.875,0,1.28,4.04,-14.92,-14.92,1.81,4.04,4.04,-2.57,-2.57,1.81,4.04,4.04,-3.4,-14.92,-2.57,0.165506863864694,0,0,0,0,0,0,0,0.11033790924313,0.0551689546215648,0.165506863864694,0.165506863864694,0,0,0.0551689546215648,0.11033790924313,0,0,0,0,0.022570166016933,0.046894396194077,0.0283254062966836,0.0746757121688345
"VRRAPPTTAVPSRTS.",7,7,8,8,8,8,7,7,7,7,8,8,8,8,8,3.95,4.38,4.38,4.35,4.44,4.44,4.35,4.35,4.35,3.95,4.44,4.5,4.38,4.35,4.5,0.625,0.125,0.1875,0.133333333333333,0.2,0.0666666666666667,0.25,0.375,0.5625,0.875,0,0.0625,0.0625,0.625,0,0,0.125,0.125,0.1875,0.8125,0,4.04,-14.92,-14.92,1.81,4.04,4.04,-2.57,-2.57,1.81,4.04,4.04,-3.4,-14.92,-2.57,-3.4,0.163045191262331,0,0,0,0,0,0,0,0.108696794174887,0.108696794174887,0.163045191262331,0.163045191262331,0,0,0,0.108696794174887,0,0,0,0,0.0280245392658003,0.0432382133557315,0.049818469018654,0.0636928220481611
"PPTTAVPSRTSLVLT.",8,8,8,8,7,7,7,7,7,7,6,5,5,5,6,4.44,4.44,4.35,4.35,4.35,3.95,4.44,4.5,4.38,4.35,4.5,4.17,3.95,4.17,4.35,0.625,0.25,0.0625,0.266666666666667,0.133333333333333,0,0.0625,0.1875,0.4375,0.6875,0,0.375,0.75,0.8125,0.875,0,0.5625,0.5625,0.5625,0,0,4.04,4.04,-2.57,-2.57,1.81,4.04,4.04,-3.4,-14.92,-2.57,-3.4,4.92,4.04,4.92,-2.57,0.0554231407565183,0,0,0,0,0,0,0,0.0554231407565183,0.110846281513037,0.221692563026073,0.166269422269555,0,0,0,0.110846281513037,0.110846281513037,0,0,0,0.0206536530863233,0.0324499964508207,0.0395764738327023,0.0759727652823797
"NFTASARTTGSGLLK.",6,6,6,6,6,6,6,7,8,8,7,6,6,5,5,4.75,4.66,4.35,4.35,4.5,4.35,4.38,4.35,4.35,3.97,4.5,3.97,4.17,4.17,4.36,0.5625,0.1875,0.1875,0.0666666666666667,0.2,0.133333333333333,0.1875,0.3125,0.5,0.6875,0,0.0625,0.0625,0.8125,0.875,0,0.125,0.125,0.4375,0.9375,0,-6.64,2.98,-2.57,1.81,-3.4,1.81,-14.92,-2.57,-2.57,0.94,-3.4,0.94,4.92,4.92,-5.55,0.0539540526644813,0.0539540526644813,0,0,0,0.0539540526644813,0,0.107908105328963,0.107908105328963,0.107908105328963,0.161862157993444,0,0,0,0,0,0.107908105328963,0,0,0.0539540526644813,0.0318452310007448,0.0466890228097511,0.0429457637404607,0.069209192481824
"TARLTLSSPAPPACD.",5,5,5,5,5,6,7,7,7,8,8,7,7,6,7,4.35,4.35,4.38,4.17,4.35,4.17,4.5,4.5,4.44,4.35,4.44,4.44,4.35,4.65,4.76,0.75,0.125,0.0625,0.2,0.0666666666666667,0.0666666666666667,0.0625,0.4375,0.625,0.8125,0,0.25,0.25,0.375,0,0,0.1875,0.1875,0.1875,0,0,-2.57,1.81,-14.92,4.92,-2.57,4.92,-3.4,-3.4,4.04,1.81,4.04,4.04,1.81,1.28,-8.72,0.0534090740432809,0,0,0.0534090740432809,0,0,0,0,0.160227222129843,0.106818148086562,0.106818148086562,0.160227222129843,0,0,0.0534090740432809,0,0.106818148086562,0,0,0,0.0249352878950069,0.0686749965575901,0.0484309182329054,0.0568226866652842
"RGLFPGPSRRTLGAP.",7,8,8,8,8,8,8,6,6,5,6,7,8,8,8,4.38,3.97,4.17,4.66,4.44,3.97,4.44,4.5,4.38,4.38,4.35,4.17,3.97,4.35,4.44,0.5625,0.125,0.25,0.2,0.266666666666667,0.0666666666666667,0.125,0.375,0.5,0.875,0,0.1875,0.1875,0.75,0,0,0.0625,0.25,0.5625,0.625,0,-14.92,0.94,4.92,2.98,4.04,0.94,4.04,-3.4,-14.92,-14.92,-2.57,4.92,0.94,1.81,4.04,0.161285372031249,0,0,0,0,0,0,0.161285372031249,0.0537617906770831,0.0537617906770831,0.0537617906770831,0.161285372031249,0,0,0,0,0.107523581354166,0,0,0.0537617906770831,0.0315359927436481,0.0597977822957794,0.0549190194272227,0.0473203453771033
"PEVHPLPTPVLLPAV.",8,7,7,8,8,8,8,8,7,6,6,6,7,6,5,4.44,4.29,3.95,4.63,4.44,4.17,4.44,4.35,4.44,3.95,4.17,4.17,4.44,4.35,3.95,0.4375,0.4375,0.0625,0.4,0.0666666666666667,0.0666666666666667,0.0625,0.3125,0.5,0.8125,0,0.125,0.1875,0.625,0.75,0,0.25,0.25,0.25,0,0,4.04,-6.81,4.04,-4.66,4.04,4.92,4.04,-2.57,4.04,4.04,4.92,4.92,4.04,1.81,4.04,0,0,0.0517946347011497,0,0,0,0,0,0.0517946347011497,0,0.0517946347011497,0.258973173505749,0.0517946347011497,0,0,0.155383904103449,0.155383904103449,0,0,0,0.028171382733835,0.0505926075587402,0.0591914870396749,0.0851250021505036
"MAALQGNGSERTCCP.",4,5,5,6,7,8,8,8,7,6,5,4,5,6,7,4.52,4.35,4.35,4.17,4.37,3.97,4.75,3.97,4.5,4.29,4.38,4.35,4.65,4.65,4.44,0.5625,0.25,0.125,0.333333333333333,0.133333333333333,0.0666666666666667,0.125,0.375,0.5625,0.875,0,0.25,0.3125,0.4375,0.625,0,0.0625,0.0625,0.6875,0,0,2.35,1.81,1.81,4.92,-5.54,0.94,-6.64,0.94,-3.4,-6.81,-14.92,-2.57,1.28,1.28,4.04,0.0531905360089479,0,0.0531905360089479,0,0.0531905360089479,0.0531905360089479,0,0.106381072017896,0.106381072017896,0.0531905360089479,0.0531905360089479,0.0531905360089479,0,0,0.106381072017896,0,0.0531905360089479,0,0.0531905360089479,0,0.030158881222599,0.050881517993928,0.0403107567235983,0.0807908039256562
"LRETFSNFTASTEAQ.",7,7,6,6,7,7,6,6,5,5,7,7,6,5,4,4.17,4.38,4.29,4.35,4.66,4.5,4.75,4.66,4.35,4.35,4.5,4.35,4.29,4.35,4.37,0.4375,0.3125,0.1875,0.333333333333333,0.2,0.2,0.25,0.375,0.625,0.75,0,0.0625,0.1875,0.4375,0.9375,0,0.125,0.125,0.3125,0.5,0,4.92,-14.92,-6.81,-2.57,2.98,-3.4,-6.64,2.98,-2.57,1.81,-3.4,-2.57,-6.81,1.81,-5.54,0.0572120494004948,0,0.11442409880099,0,0.0572120494004948,0.0572120494004948,0,0,0.11442409880099,0.11442409880099,0.171636148201484,0,0,0,0,0,0.0572120494004948,0,0,0.11442409880099,0.0263657702304109,0.0322005067639929,0.0412172673282267,0.0420357146699474
"IKLGHYATQLQKTYD.",4,4,4,7,7,7,7,6,6,6,3,3,4,5,6,3.95,4.36,4.17,3.97,4.63,4.6,4.35,4.35,4.37,4.17,4.37,4.36,4.35,4.6,4.76,0.3125,0.3125,0.3125,0.133333333333333,0.333333333333333,0.2,0.25,0.4375,0.5,0.9375,0,0.0625,0.1875,0.5625,0.6875,0,0.125,0.3125,0.375,0.875,0,4.92,-5.55,4.92,0.94,-4.66,-0.14,1.81,-2.57,-5.54,4.92,-5.54,-5.55,-2.57,-0.14,-8.72,0,0.104675435732512,0,0.0523377178662562,0.104675435732512,0,0,0.0523377178662562,0.0523377178662562,0,0.104675435732512,0,0.0523377178662562,0.104675435732512,0,0,0.104675435732512,0.0523377178662562,0,0,0.0268191476584903,0.0353301005404937,0.099186798625909,0.0535981851812646
