"","PAC.1","PAC.I","H.9","PAC.Y","PAC.Q","PAC.2","PAC.M","AAindex.ANDN920101_13","PAC.V","H.5","AAindex.ANDN920101_1","S6","H.4","PAC.C","PAC.T","AAindex.ANDN920101_8","H.14","PAC.S","CTD.T_small_medium","H.3","H.2","AAindex.ANDN920101_10","H.11","PAC.W","H.7","CTD.D_medium_75.","H.15","PAC.3","S2","S15","PAC.D","CTD.D_medium_1st","PAC.H","H.6","PAC.R","S9","PAC.E","PAC.A","CTD.D_large_50.","AAindex.ANDN920101_12","PAC.P","PAC.F","PAC.N","AAindex.ANDN920101_9","CTD.D_small_50.","AAindex.ANDN920101_11","H.1","AAindex.ANDN920101_7","S4","S12","PAC.K","H.10","CTD.D_small_75.","AAindex.ANDN920101_3","AAindex.ANDN920101_15","AAindex.ANDN920101_4","AAindex.ANDN920101_6","PAC.L","AAindex.ANDN920101_14","H.13","H.12","AAindex.ANDN920101_2","AAindex.ANDN920101_5","PAC.G","CTD.D_large_1st","CTD.D_small_1st","H.8","S14","CTD.T_small_large","CTD.D_medium_50.","S7","CTD.T_medium_large","S1","S10","CTD.D_small_25.","class"
"1",0.0835907060927176,0,1.81,0,0.14623900923279,0.0766762706224563,0,4.29,0.0487463364109299,-5.54,3.95,7,4.04,0,0.0974926728218599,4.7,-2.57,0,0.266666666666667,4.04,-5.55,4.37,2.33,0.0974926728218599,-2.57,0.9375,-5.54,0.0412961943328439,7,7,0,0.0625,0,2.98,0,8,0.0487463364109299,0.0487463364109299,0.5,4.66,0.0974926728218599,0.0974926728218599,0,4.35,0.4375,4.7,4.04,4.35,7,8,0.0487463364109299,-5.54,0.875,4.44,4.37,4.44,4.66,0,4.35,-6.81,2.98,4.36,4.37,0,0.125,0.1875,2.33,8,0.266666666666667,0.625,8,0.266666666666667,6,8,0.25,1
"2",0.0669548575464907,0,-3.4,0.0457185719117438,0,0.0685912654290254,0,4.75,0.0914371438234876,4.04,4.65,7,-6.81,0.0914371438234876,0,4.7,0.94,0.0914371438234876,0.2,-14.92,4.04,4.5,2.33,0.0914371438234876,-14.92,0.8125,-4.66,0.0891026349499179,6,7,0,0.125,0.0457185719117438,1.28,0.0914371438234876,7,0.0457185719117438,0,0.6875,4.6,0,0,0.0457185719117438,4.5,0.5625,4.7,1.28,4.38,6,7,0,-3.4,0.875,4.38,4.63,4.29,4.65,0,3.97,-6.64,-0.14,3.95,3.95,0.0457185719117438,0.1875,0.0625,2.33,7,0.266666666666667,0.3125,7,0.2,7,7,0.375,1
"3",0.0536000018398618,0,-2.57,0,0.092294961081361,0.0824933844720095,0,4.76,0,-14.92,4.35,8,4.04,0.092294961081361,0.092294961081361,4.7,-6.81,0,0.4,-5.54,1.28,4.29,2.33,0.092294961081361,-5.54,0.875,-8.72,0.0851229981464403,6,8,0.092294961081361,0.1875,0,1.28,0.0461474805406805,7,0.092294961081361,0,0.6875,4.66,0.0461474805406805,0.0461474805406805,0,4.35,0.375,4.7,-2.57,4.37,7,7,0,-6.81,0.8125,4.37,4.76,4.44,4.65,0,4.29,-8.72,2.98,4.65,4.38,0,0.3125,0.0625,2.33,8,0.266666666666667,0.625,8,0.133333333333333,6,7,0.125,1
"4",0.0843226829150484,0,-2.57,0,0.0472636103714345,0.0871817956452703,0,4.76,0.0472636103714345,-5.55,4.38,7,4.04,0.094527220742869,0.0472636103714345,4.7,4.04,0,0.4,-5.54,1.28,4.29,2.33,0.094527220742869,-6.81,0.875,-8.72,0.0855664967615225,8,8,0.094527220742869,0.1875,0,1.28,0.0472636103714345,7,0.094527220742869,0,0.5,4.66,0.0472636103714345,0.0472636103714345,0,4.35,0.5625,4.7,-14.92,4.29,8,8,0.0472636103714345,-6.81,0.9375,4.37,4.76,4.44,4.65,0,3.95,-8.72,2.98,4.65,4.36,0,0.0625,0.125,2.33,8,0.333333333333333,0.625,7,0.133333333333333,8,7,0.25,1
"5",0.106766245751516,0,-3.4,0.0458391310782169,0.0458391310782169,0.0829876056892563,0,4.76,0,-5.54,3.97,7,4.04,0.0916782621564338,0,4.7,-0.14,0.0916782621564338,0.4,-6.81,1.28,4.29,2.33,0.0916782621564338,1.81,0.75,-3.4,0.0388333114738507,8,8,0.0458391310782169,0.1875,0,1.28,0,6,0.0916782621564338,0.0458391310782169,0.6875,4.17,0.0458391310782169,0,0,4.5,0.4375,4.7,0.94,4.35,8,7,0,-6.81,0.8125,4.29,4.5,4.44,4.65,0.0458391310782169,4.6,-8.72,4.92,4.65,4.37,0.0458391310782169,0.5,0.0625,2.33,8,0.266666666666667,0.625,6,0.133333333333333,8,6,0.25,1
"6",0.140655312800479,0,-3.4,0.0435643873700529,0.0435643873700529,0.036906228022125,0,4.76,0,-5.54,3.97,6,4.04,0.0871287747401057,0,4.7,-0.14,0.0871287747401057,0.4,-6.81,1.28,4.29,2.33,0.0871287747401057,1.81,0.75,-3.4,0.0849042641170849,7,8,0.0435643873700529,0.1875,0,1.28,0,7,0.0871287747401057,0.0435643873700529,0.6875,4.17,0.0435643873700529,0,0,4.5,0.4375,4.7,0.94,4.35,7,8,0,-6.81,0.8125,4.29,4.5,4.44,4.65,0.0435643873700529,4.6,-8.72,4.92,4.65,4.37,0.0435643873700529,0.5,0.0625,2.33,8,0.266666666666667,0.625,7,0.133333333333333,7,7,0.25,1
"7",0.0728745509112484,0,-3.4,0.0445626535191877,0.0445626535191877,0.0868498223563259,0,4.76,0,-5.54,3.97,7,4.04,0.0891253070383754,0,4.7,-0.14,0.0891253070383754,0.4,-6.81,1.28,4.29,2.33,0.0891253070383754,1.81,0.75,-3.4,0.0836434792669873,7,8,0.0445626535191877,0.1875,0,1.28,0,7,0.0891253070383754,0.0445626535191877,0.6875,4.17,0.0445626535191877,0,0,4.5,0.4375,4.7,0.94,4.35,7,6,0,-6.81,0.8125,4.29,4.5,4.44,4.65,0.0445626535191877,4.6,-8.72,4.92,4.65,4.37,0.0445626535191877,0.5,0.0625,2.33,8,0.266666666666667,0.625,7,0.133333333333333,7,6,0.25,1
"8",0.0622446697677469,0,-3.4,0.0472480399419846,0.0472480399419846,0.0871530746485512,0,4.76,0,-5.54,3.97,6,4.04,0.0944960798839691,0,4.7,-0.14,0.0944960798839691,0.4,-6.81,1.28,4.29,2.33,0.0944960798839691,1.81,0.75,-3.4,0.102806764166528,8,8,0.0472480399419846,0.1875,0,1.28,0,7,0.0944960798839691,0.0472480399419846,0.6875,4.17,0.0472480399419846,0,0,4.5,0.4375,4.7,0.94,4.35,7,8,0,-6.81,0.8125,4.29,4.5,4.44,4.65,0.0472480399419846,4.6,-8.72,4.92,4.65,4.37,0.0472480399419846,0.5,0.0625,2.33,8,0.266666666666667,0.625,6,0.133333333333333,8,7,0.25,1
"9",0.0720808513447122,0,-3.4,0.0915162991616445,0,0.0828409960041285,0,4.5,0.0457581495808223,-3.4,4.76,7,-0.14,0,0,4.7,4.04,0.228790747904111,0.2,-0.14,-14.92,4.29,2.33,0.0915162991616445,-3.4,0,4.04,0.0696715356534664,7,8,0.0457581495808223,0.625,0,-3.4,0.0457581495808223,5,0.0457581495808223,0.0457581495808223,0.25,4.35,0.0457581495808223,0,0,4.5,0.5625,4.7,-8.72,4.5,6,6,0,-6.81,0.8125,4.6,4.44,4.6,4.5,0,3.95,-3.4,1.81,4.38,4.5,0,0.125,0.0625,2.33,8,0.333333333333333,0.875,6,0.0666666666666667,8,5,0.375,1
"10",0.0814271218443753,0,-3.4,0.0462479471161857,0.0462479471161857,0.0391796461482767,0,3.97,0,-0.14,4.37,8,2.98,0.0924958942323714,0.0462479471161857,4.7,1.28,0.0462479471161857,0.266666666666667,-8.72,2.33,4.29,1.28,0.0924958942323714,4.04,0.75,-2.57,0.0874318984252212,7,8,0.0462479471161857,0.0625,0,1.81,0,7,0.0462479471161857,0.0462479471161857,0.3125,4.75,0.0462479471161857,0.0462479471161857,0.0462479471161857,4.5,0.6875,4.65,-5.54,4.44,8,8,0,-6.81,0.875,4.76,4.35,4.66,4.35,0,4.65,0.94,-6.64,4.7,4.6,0.0462479471161857,0.125,0.1875,2.33,8,0.333333333333333,0.625,8,0.0666666666666667,8,7,0.4375,1
"11",0.0722578859536902,0,-3.4,0,0,0.0895141790054782,0,4.5,0.045929735212465,-8.72,4.35,8,4.04,0.045929735212465,0,4.7,2.33,0.18371894084986,0.133333333333333,0.94,0.94,4.65,2.33,0.137789205637395,0.94,0,-3.4,0.0780642875884536,8,6,0.045929735212465,0.25,0,0.94,0,5,0,0.045929735212465,0.6875,4.5,0,0,0,4.5,0.4375,4.7,1.81,3.97,8,7,0,1.28,0.75,3.97,4.5,3.95,3.97,0,4.7,-3.4,-3.4,3.97,4.76,0.18371894084986,0.5,0.0625,2.33,7,0.4,0.25,7,0,8,5,0.1875,1
"12",0.0806217995550191,0,-3.4,0,0,0.0892738745726005,0,4.44,0.0967955659302048,2.33,3.95,6,0.94,0.0967955659302048,0,4.7,1.28,0.19359113186041,0.133333333333333,0.94,-8.72,4.5,2.33,0.145193348895307,1.28,0,4.04,0.0661321251626339,7,8,0.0483977829651024,0.0625,0,-3.4,0,5,0,0,0.5,4.5,0.0483977829651024,0,0,4.5,0.5625,4.7,4.04,4.65,6,6,0,-3.4,0.8125,3.97,3.95,3.97,4.5,0,4.65,4.04,-3.4,4.76,4.7,0.0967955659302048,0.3125,0.125,2.33,8,0.4,0.9375,6,0,6,5,0.25,1
"13",0.0961415780390423,0,-3.4,0,0.0460833172329978,0.0834296826625995,0,4.37,0.0460833172329978,2.33,3.97,7,1.28,0.0921666344659957,0,4.7,0.94,0.184333268931991,0.133333333333333,-3.4,2.33,4.44,1.28,0.138249951698994,-3.4,0,-5.55,0.042988394681718,7,8,0,0.75,0,-3.4,0,5,0,0,0.5,3.95,0.0460833172329978,0,0,4.5,0.4375,4.65,0.94,4.5,7,5,0.0460833172329978,4.04,0.6875,4.5,4.36,4.65,4.5,0,3.97,-5.54,4.04,4.7,4.7,0.0921666344659957,0.125,0.0625,2.33,7,0.466666666666667,0.8125,7,0,8,4,0.25,1
"14",0.0336692221451449,0.14752475404323,4.92,0,0,0.0779683191983261,0,4.35,0,-3.4,3.97,4,4.92,0.0983498360288199,0,4.7,-4.66,0.14752475404323,0.2,4.92,4.92,4.17,-3.4,0.0491749180144099,1.28,0.625,1.28,0.0853238842605278,4,7,0,0.125,0.0491749180144099,-3.4,0,5,0,0.0983498360288199,0.875,4.35,0,0,0,3.95,0.6875,4.5,0.94,4.65,4,8,0,4.92,0.8125,4.17,4.65,3.95,4.5,0.0983498360288199,4.63,1.81,1.81,3.95,4.5,0.0491749180144099,0.5,0.0625,2.33,6,0.2,0.25,5,0.0666666666666667,6,5,0.375,0
"15",0.0465890770009943,0.0922095807694577,0.94,0,0.0461047903847289,0.11945113760432,0,3.97,0.0461047903847289,4.92,4.35,8,0.94,0.0461047903847289,0.0461047903847289,4.7,-5.54,0.0461047903847289,0.466666666666667,4.04,4.92,4.17,0.94,0.0461047903847289,-3.4,0.875,-5.55,0.0765552107468289,9,5,0,0.125,0,4.92,0,5,0,0,0.9375,4.65,0,0,0,3.97,0.5625,3.97,-2.57,4.5,9,7,0.0461047903847289,4.92,0.75,3.95,4.36,3.97,3.95,0.0922095807694577,4.37,0.94,1.28,4.17,3.95,0.184419161538915,0.5,0.0625,2.33,5,0.133333333333333,0.375,7,0.0666666666666667,8,6,0.25,0
"16",0.0598647164383208,0.0476570161244752,4.92,0.0476570161244752,0,0.116537350676541,0.0476570161244752,4.52,0.0476570161244752,-0.14,4.36,9,-6.64,0,0.0476570161244752,4.7,-14.92,0,0.266666666666667,-2.57,4.04,4.38,-8.72,0.0476570161244752,-8.72,0.75,4.04,0.0516080440432658,6,7,0.0953140322489504,0.125,0,4.92,0.0953140322489504,9,0,0,0.625,4.75,0.0476570161244752,0,0.0953140322489504,3.95,0.6875,4.76,-5.55,4.76,8,5,0.0476570161244752,-14.92,0.9375,4.35,4.44,4.75,4.17,0.0476570161244752,4.38,2.35,-6.64,3.95,4.6,0,0.0625,0.1875,2.33,8,0.2,0.375,9,0.4,5,8,0.4375,0
"17",0.0521866361733591,0.0966104134298971,-5.54,0,0.0483052067149486,0.07415114823174,0,4.66,0,-3.4,4.35,8,1.81,0,0,4.7,1.81,0.0483052067149486,0.266666666666667,4.92,-8.72,4.35,1.81,0.0483052067149486,4.04,0.75,-5.55,0.0708471446088122,5,4,0.0483052067149486,0.1875,0.0483052067149486,-4.66,0,5,0,0.241526033574743,0.8125,3.95,0.0483052067149486,0.0483052067149486,0,4.37,0.4375,4.35,1.81,4.44,6,3,0.0483052067149486,1.81,0.6875,3.95,4.36,4.35,4.63,0,4.35,2.98,4.92,4.76,4.5,0,0.375,0.0625,2.33,4,0.333333333333333,0.5625,7,0.133333333333333,7,4,0.25,0
"18",0.0621091100383026,0,-8.72,0,0.0908381886678435,0.106911226802233,0,4.35,0.0454190943339218,-5.54,4.17,6,-5.54,0,0.0454190943339218,4.7,-6.81,0,0.333333333333333,-4.66,-6.81,4.17,0.94,0.0908381886678435,-14.92,0.75,2.33,0.0667640985127707,6,6,0.0454190943339218,0.0625,0.0454190943339218,-6.81,0.0454190943339218,7,0.136257283001765,0,0.5,3.95,0,0,0,4.76,0.6875,3.97,4.92,4.38,6,7,0,4.92,0.8125,4.63,4.7,4.37,4.29,0.0908381886678435,4.29,-2.57,4.04,4.29,4.37,0.0454190943339218,0.1875,0.5625,2.33,6,0.0666666666666667,0.375,6,0.266666666666667,5,7,0.5625,0
"19",0.0457500252408623,0,-2.57,0,0,0.0579799025420589,0,4.35,0.0498609414106452,-3.4,4.17,8,-3.4,0.0498609414106452,0.0498609414106452,4.7,-3.4,0.299165648463871,0.266666666666667,4.04,-3.4,4.65,-3.4,0.0997218828212904,-6.64,0.4375,2.33,0.0815780382561469,6,7,0,0.0625,0,1.81,0,7,0,0.0997218828212904,0.9375,4.5,0,0,0.0498609414106452,4.35,0.625,4.5,4.92,4.75,7,7,0,1.28,0.8125,3.95,4.7,4.5,4.35,0.0498609414106452,4.5,1.81,-3.4,4.5,4.5,0,0.5,0.125,2.33,7,0.133333333333333,0.1875,8,0.0666666666666667,6,7,0.3125,0
"20",0.0626317496065057,0,4.04,0,0.095065244975048,0.0698650587635178,0,4.17,0.095065244975048,4.04,4.7,5,0.94,0,0.047532622487524,4.7,-5.54,0.095065244975048,0.466666666666667,4.92,-8.72,4.37,-3.4,0.095065244975048,-6.81,0.875,-6.81,0.0754450493928642,7,4,0.047532622487524,0.1875,0,-2.57,0,4,0.095065244975048,0,0.5,4.5,0,0,0,3.95,0.375,4.5,2.33,4.29,7,5,0,-5.54,0.75,4.17,4.29,3.97,4.35,0.095065244975048,4.37,4.92,-3.4,4.76,3.95,0.047532622487524,0.0625,0.125,2.33,4,0.0666666666666667,0.625,4,0.133333333333333,7,4,0.25,0
"21",0.066862601979678,0.0484482276128599,-3.4,0,0,0.06720820911839,0.0484482276128599,4.44,0,-3.4,4.38,7,-14.92,0.0484482276128599,0,4.7,2.35,0.14534468283858,0,1.28,1.81,4.66,4.92,0.0484482276128599,-14.92,0,-3.4,0.084703315129104,5,7,0,0.6875,0,4.04,0.19379291045144,4,0,0.0484482276128599,0.5,4.38,0.0968964552257198,0.0484482276128599,0,4.5,0.375,3.95,-14.92,4.38,7,6,0,2.98,0.8125,4.65,4.5,4.38,4.44,0,4.52,4.04,-14.92,4.35,4.5,0,0.0625,0.125,2.33,6,0.6,0.6875,6,0.133333333333333,5,4,0.1875,0
"22",0.0996583326768561,0,4.92,0.0454154763689564,0,0.0785248843785242,0,4.65,0,4.92,4.29,4,4.04,0.0454154763689564,0.0454154763689564,4.7,2.98,0.0454154763689564,0.266666666666667,-3.4,-14.92,4.44,-2.57,0.0454154763689564,-6.81,0.75,-0.14,0.0772300313754654,7,4,0,0.0625,0,4.92,0.0454154763689564,4,0.0908309527379127,0,0.875,4.17,0.0908309527379127,0.0454154763689564,0,4.17,0.625,4.35,-6.81,4.29,6,5,0,4.04,0.8125,4.5,4.6,4.44,4.17,0.181661905475825,4.66,1.28,4.92,4.38,4.17,0,0.125,0.1875,2.33,4,0.133333333333333,0.4375,4,0.2,7,4,0.25,0
"23",0.094252853539894,0,4.04,0.0490812709018034,0,0.0707962261735382,0,4.35,0.0981625418036069,-6.64,4.35,7,-5.55,0,0.0490812709018034,4.7,4.92,0.0981625418036069,0.333333333333333,-3.4,-0.14,3.95,-3.4,0.0490812709018034,4.92,0.875,-8.72,0.0556303696256516,5,4,0.0981625418036069,0.3125,0,-8.72,0,6,0,0.0490812709018034,0.5,4.36,0,0,0.0490812709018034,3.95,0.6875,4.5,1.81,4.17,8,4,0.0981625418036069,4.04,0.9375,4.5,4.76,4.36,4.76,0.0981625418036069,4.17,-2.57,-5.55,4.6,4.75,0,0.125,0.0625,2.33,4,0.333333333333333,0.5625,5,0.2,4,5,0.1875,0
"24",0.0689134626278217,0.0970473104642925,-5.55,0,0,0.081787028342013,0,4.5,0,1.81,4.35,7,-6.64,0,0.0485236552321462,4.7,-3.4,0.145570965696439,0.333333333333333,0.94,4.92,4.17,4.92,0.0485236552321462,4.04,0.75,-3.4,0.0792202206620894,6,6,0,0.125,0,-14.92,0.0485236552321462,4,0,0.0485236552321462,0.5,3.95,0.0485236552321462,0,0.0485236552321462,4.36,0.4375,4.17,-2.57,4.44,7,4,0.0485236552321462,4.92,0.875,3.97,4.5,4.75,4.38,0.0970473104642925,4.5,-3.4,4.92,3.95,4.35,0.0485236552321462,0.375,0.0625,2.33,5,0.2,0.625,7,0.0666666666666667,5,4,0.1875,0
"25",0.0697846128633451,0.0902244774772286,4.04,0,0.0451122387386143,0.088909683416336,0,4.17,0.0902244774772286,-3.4,3.95,4,-8.72,0,0,4.7,4.04,0.135336716215843,0.4,-5.54,-3.4,4.36,-8.72,0.0451122387386143,-3.4,0.875,-6.64,0.0960036725960928,6,7,0.0902244774772286,0.0625,0,-6.81,0,7,0.0451122387386143,0,0.625,3.95,0,0,0.0451122387386143,3.95,0.3125,4.76,4.92,4.5,7,7,0.0451122387386143,-5.55,0.6875,4.37,4.75,4.76,4.29,0.0451122387386143,3.95,4.92,4.92,4.5,4.5,0,0.5,0.125,2.33,6,0.133333333333333,0.75,5,0.133333333333333,6,8,0.25,0
"26",0.0576477404754949,0.134757361777932,4.92,0,0,0.0857816377797139,0.0449191205926441,4.17,0.0449191205926441,4.04,4.35,8,2.35,0,0.0449191205926441,4.7,4.92,0.0449191205926441,0.2,1.81,4.92,4.66,4.92,0.0449191205926441,-3.4,0.8125,-14.92,0.087977780955356,7,7,0,0.125,0,4.92,0.0449191205926441,9,0,0.0449191205926441,0.625,3.95,0,0.0449191205926441,0,3.95,0.1875,4.17,-2.57,4.5,8,9,0,2.98,0.4375,4.35,4.38,4.52,4.17,0.179676482370577,4.17,4.92,4.92,3.95,3.95,0,0.25,0.0625,2.33,8,0.133333333333333,0.6875,8,0.333333333333333,7,9,0.0625,0
"27",0.0639914692221724,0.131033663881052,4.92,0.0873557759207015,0,0.0765834581785473,0,4.17,0,-2.57,4.76,7,-14.92,0,0.0873557759207015,4.7,-2.57,0,0.266666666666667,1.81,-0.14,4.17,4.92,0.0873557759207015,-0.14,0.9375,4.92,0.102837750947061,5,9,0.0436778879603508,0.5625,0,2.33,0.0436778879603508,9,0,0.0436778879603508,0.375,3.97,0,0,0,3.95,0.3125,3.95,-8.72,4.6,5,9,0,4.92,0.875,4.35,3.95,4.38,4.7,0.0873557759207015,4.35,4.92,0.94,4.6,4.35,0.0436778879603508,0.125,0.0625,2.33,9,0.333333333333333,0.6875,8,0.0666666666666667,6,9,0.1875,0
"28",0.0678271168963465,0,1.81,0.0968282784441489,0,0.0682784607015731,0.0484141392220745,4.44,0,-2.57,3.97,8,1.81,0,0.0484141392220745,4.7,-8.72,0,0,2.98,1.81,4.52,-5.55,0.0484141392220745,-0.14,0,-8.72,0.0483753659219903,9,7,0.0968282784441489,0,0,-0.14,0,4,0,0.145242417666223,0.5,4.36,0.0484141392220745,0.0484141392220745,0,4.35,0.5625,4.36,0.94,4.6,8,8,0.0968282784441489,2.35,0.875,4.66,4.76,4.35,4.6,0,4.76,4.04,-5.55,4.35,4.35,0.0484141392220745,0.1875,0.0625,2.33,8,0.4,0,7,0,9,5,0.25,0
"29",0.0597086739255062,0.0471134914958316,1.28,0,0,0.0786012689138293,0,4.35,0,1.28,4.65,8,-14.92,0.235567457479158,0,4.7,4.92,0,0.266666666666667,4.92,1.28,4.17,-6.81,0.0471134914958316,2.98,0.875,-5.55,0.0746120246983761,7,5,0,0.1875,0,1.28,0.0471134914958316,8,0.0471134914958316,0.0471134914958316,0.5,4.75,0,0.0471134914958316,0.0471134914958316,4.65,0.375,4.29,1.28,4.66,9,5,0.0471134914958316,4.92,0.8125,4.17,4.36,4.38,4.65,0.0942269829916632,3.95,1.81,-6.64,4.65,4.65,0,0.25,0.0625,2.33,5,0.2,0.6875,8,0.133333333333333,6,8,0.125,0
"30",0.0832269637878489,0.0457517609408523,-8.72,0,0,0.0973423422997062,0.0915035218817046,4.52,0,2.35,4.17,6,-2.57,0,0.0457517609408523,4.35,-14.92,0.0457517609408523,0.266666666666667,-6.81,-3.4,3.95,2.33,0.0457517609408523,-5.55,0.9375,-6.64,0.0539999869279945,5,4,0.0457517609408523,0.0625,0,-14.92,0.0915035218817046,6,0.0457517609408523,0.0457517609408523,0.6875,4.17,0,0,0.0457517609408523,4.76,0.5,4.7,4.92,4.36,5,4,0.0457517609408523,4.92,0.5625,4.29,4.75,4.35,4.38,0.0915035218817046,4.38,2.35,4.92,4.5,4.52,0,0.3125,0.125,1.81,4,0.133333333333333,0.625,6,0.266666666666667,5,4,0.25,0
"31",0.0720366813423793,0.146513009827258,4.92,0.0976753398848387,0,0.0682000823207951,0,3.95,0,0.94,3.95,6,0.94,0,0.0488376699424194,3.97,-0.14,0,0.4,-4.66,-2.57,4.6,-6.81,0,-6.64,0.8125,-4.66,0.0310620517197029,7,4,0,0.0625,0.0976753398848387,1.81,0,4,0.0488376699424194,0.0976753398848387,0.875,4.35,0,0,0.0488376699424194,3.95,0.375,4.29,4.92,4.75,7,4,0,-0.14,0.75,4.63,4.63,3.97,4.35,0,4.6,4.92,1.81,4.35,3.97,0.146513009827258,0.1875,0.125,0.94,4,0.133333333333333,0.5625,6,0.2,5,3,0.25,0
"32",0.0970914709603939,0,-3.4,0.045703246934121,0,0.0785534008993386,0,4.63,0,-3.4,4.5,8,2.98,0,0,4.6,-3.4,0.228516234670605,0,-3.4,-4.66,4.66,-6.81,0,0.94,0,0.94,0.0646494246464747,6,8,0,0.6875,0.091406493868242,4.04,0.045703246934121,5,0.045703246934121,0,0.625,4.38,0.045703246934121,0.091406493868242,0,4.5,0.4375,4.29,-3.4,3.97,7,6,0,2.98,0.875,4.5,3.97,4.66,4.44,0,4.5,-4.66,-14.92,4.63,4.5,0.091406493868242,0.125,0.0625,-0.14,8,0.533333333333333,0.6875,8,0.133333333333333,6,5,0.3125,0
"33",0.10770140091559,0.045882790160569,-3.4,0.091765580321138,0,0.0876601152108906,0,3.97,0.045882790160569,4.04,4.75,5,2.98,0,0,4.63,-0.14,0.183531160642276,0.0666666666666667,4.04,4.92,4.66,-3.4,0,-3.4,0.3125,-3.4,0.0583809848047917,7,7,0,0.0625,0.045882790160569,-0.14,0,5,0,0,0.5,4.44,0.091765580321138,0.091765580321138,0.045882790160569,4.5,0.6875,4.5,-6.64,4.5,5,7,0,2.98,0.8125,4.44,4.5,4.66,4.6,0,4.6,0.94,4.04,3.95,3.95,0.045882790160569,0.25,0.1875,-4.66,6,0.533333333333333,0.125,7,0.133333333333333,8,6,0.4375,0
"34",0.0516998416774215,0,-2.57,0,0.0496257384339511,0.0685349423138368,0,3.97,0,4.04,3.97,7,-5.54,0,0.0496257384339511,4.7,4.04,0.0496257384339511,0.4,4.92,-5.55,4.5,4.92,0.0496257384339511,-8.72,0.9375,4.92,0.0932818979545004,6,7,0.0992514768679021,0.1875,0,-6.81,0,5,0.0496257384339511,0,0.5,4.76,0.0992514768679021,0,0,4.35,0.625,4.17,0.94,4.76,7,8,0.0496257384339511,-3.4,0.8125,4.17,4.17,4.37,4.29,0.148877215301853,4.44,0.94,-8.72,4.36,4.44,0.0992514768679021,0.125,0.0625,2.33,7,0.2,0.375,6,0.0666666666666667,7,5,0.4375,0
"35",0.0497161382489897,0,4.92,0,0,0.0570750064482392,0.0502515564475755,4.52,0.0502515564475755,4.04,4.5,4,4.92,0,0.0502515564475755,4.7,-14.92,0.100503112895151,0.266666666666667,1.81,0.94,4.29,-14.92,0.0502515564475755,1.81,0.625,-3.4,0.0607231586183934,6,6,0,0.25,0,4.04,0.100503112895151,7,0.0502515564475755,0.100503112895151,0.8125,4.35,0.0502515564475755,0,0,4.17,0.3125,4.38,-3.4,4.35,6,7,0,-6.81,0.75,4.35,4.5,4.17,3.95,0.100503112895151,4.38,2.35,-2.57,3.97,4.44,0.0502515564475755,0.5,0.0625,2.33,5,0.266666666666667,0.5625,4,0.133333333333333,6,7,0.125,0
"36",0.0605176354258382,0,4.92,0.0508967020892301,0,0.0462976911496207,0,4.75,0.0508967020892301,-0.14,4.5,5,4.92,0.0508967020892301,0,4.7,4.04,0.0508967020892301,0.2,0.94,4.92,4.17,2.98,0.10179340417846,1.28,0.875,4.92,0.0682301049019721,7,5,0,0.125,0,4.04,0,5,0,0,0.6875,4.7,0.0508967020892301,0.0508967020892301,0.0508967020892301,4.17,0.375,4.66,-3.4,4.65,6,7,0,4.92,0.4375,3.97,4.17,4.17,4.44,0.254483510446151,3.95,-6.64,2.33,4.17,4.6,0.0508967020892301,0.3125,0.0625,2.33,7,0.133333333333333,0.625,4,0.266666666666667,6,7,0.1875,0
"37",0.0723303884321014,0,-5.55,0.0512578763818146,0,0.0595697753506798,0,3.95,0.0512578763818146,-14.92,4.29,5,-2.57,0,0.0512578763818146,4.7,-3.4,0.102515752763629,0.2,1.81,-3.4,4.63,-0.14,0.102515752763629,-5.55,0.9375,4.92,0.0301887532780619,5,5,0,0.0625,0.0512578763818146,-14.92,0.102515752763629,6,0.0512578763818146,0.0512578763818146,0.5625,4.7,0,0,0,4.36,0.25,4.6,-6.81,4.36,5,5,0.102515752763629,-4.66,0.875,4.35,4.17,4.35,4.38,0.0512578763818146,4.5,4.04,2.33,4.5,4.38,0,0.3125,0.125,2.33,5,0.0666666666666667,0.8125,5,0.0666666666666667,5,6,0.1875,0
"38",0.0798194886770345,0,4.04,0.0485191422658748,0,0.050837588627751,0,3.97,0.0485191422658748,-5.55,4.38,6,2.33,0.0485191422658748,0.0485191422658748,4.7,1.28,0.0485191422658748,0.133333333333333,-5.55,-14.92,4.5,4.92,0.0970382845317497,-0.14,0,-2.57,0.0650335967611564,6,7,0,0.5625,0.0485191422658748,-4.66,0.0970382845317497,4,0,0,0.3125,4.36,0,0,0,3.95,0.875,4.17,-14.92,4.6,6,5,0.145557426797625,-3.4,0.9375,4.36,4.35,4.7,4.63,0.0485191422658748,4.65,0.94,-5.55,4.38,4.36,0.0485191422658748,0.0625,0.625,2.33,7,0.0666666666666667,0.6875,5,0.133333333333333,5,5,0.8125,0
"39",0.0800525638612811,0.0491865620012734,-4.66,0.0491865620012734,0,0.0761297821967663,0,4.35,0.0491865620012734,-6.81,4.76,7,-3.4,0,0,4.6,4.92,0.0491865620012734,0.466666666666667,-6.81,1.81,4.17,-8.72,0,-4.66,0.875,-5.55,0.0272830968467619,7,5,0.0983731240025469,0.1875,0.0983731240025469,-6.81,0,6,0.14755968600382,0.0983731240025469,0.5625,3.95,0,0,0,4.63,0.25,4.76,-8.72,4.63,7,4,0.0491865620012734,4.92,0.8125,4.29,4.36,4.5,4.29,0.0491865620012734,3.95,1.81,4.04,4.35,4.29,0,0.4375,0.0625,-0.14,5,0,0.625,7,0.2,7,5,0.125,0
"40",0.0881933225336035,0.0949746372607801,-6.81,0,0.14246195589117,0.0610770163721363,0,4.29,0.0474873186303901,4.92,3.95,3,-5.54,0,0,4.7,-5.54,0,0.133333333333333,-8.72,4.92,4.37,-6.64,0.0474873186303901,4.04,0.75,2.98,0.0772078200541017,4,5,0.0474873186303901,0.0625,0,2.98,0,5,0.0949746372607801,0,0.5,4.17,0,0.0949746372607801,0.0474873186303901,4.29,0.1875,4.75,4.92,3.95,4,4,0,-5.54,0,4.76,4.66,4.37,4.66,0.0949746372607801,4.37,-6.81,4.92,4.17,3.95,0,0.375,0.1875,2.33,5,0,0.5625,3,0.333333333333333,5,5,0.1875,0
