"","PAC.1","PAC.I","H.9","PAC.Y","PAC.Q","PAC.2","PAC.M","AAindex.ANDN920101_13","PAC.V","H.5","AAindex.ANDN920101_1","S6","H.4","PAC.C","PAC.T","AAindex.ANDN920101_8","H.14","PAC.S","CTD.T_small_medium","H.3","H.2","AAindex.ANDN920101_10","H.11","PAC.W","H.7","CTD.D_medium_75.","H.15","PAC.3","S2","S15","PAC.D","CTD.D_medium_1st","PAC.H","H.6","PAC.R","S9","PAC.E","PAC.A","CTD.D_large_50.","AAindex.ANDN920101_12","PAC.P","PAC.F","PAC.N","AAindex.ANDN920101_9","CTD.D_small_50.","AAindex.ANDN920101_11","H.1","AAindex.ANDN920101_7","S4","S12","class"
"1",0.0633748287220589,0,-3.4,0.0517163619222159,0.0517163619222159,0.0538353718179797,0,4.75,0.0517163619222159,4.04,4.6,4,4.04,0,0,4.75,-5.55,0.206865447688864,0.2,-3.4,-14.92,4.5,-8.72,0,-6.81,0.8125,-3.4,0.0425459010943406,7,8,0.0517163619222159,0.3125,0,-5.54,0.0517163619222159,6,0.0517163619222159,0,0.125,4.17,0.0517163619222159,0,0.103432723844432,4.5,0.625,4.76,-0.14,4.29,7,6,1
"2",0.0694608477920017,0,0.94,0,0,0.0523063632049436,0,4.35,0,2.98,4.44,4,-5.55,0.0516049421903459,0.154814826571038,4.75,-6.81,0,0.2,-2.57,0.94,4.35,1.28,0,-6.64,0.875,0.94,0.0527368825566917,7,7,0,0.375,0,4.92,0,7,0.0516049421903459,0.0516049421903459,0.3125,4.35,0.0516049421903459,0.0516049421903459,0.103209884380692,3.97,0.625,4.65,4.04,4.75,4,5,1
"3",0.0702852337619687,0.0512449476737357,4.92,0,0,0.0398251373927949,0,3.95,0.102489895347471,0.94,4.76,4,-3.4,0,0.0512449476737357,4.75,4.92,0.0512449476737357,0.2,-5.55,-5.55,4.35,-6.81,0.0512449476737357,4.92,0.8125,2.33,0.0522706851531129,7,5,0.0512449476737357,0.375,0,4.04,0,5,0.102489895347471,0,0.1875,4.29,0,0,0.0512449476737357,4.17,0.3125,4.29,-8.72,3.95,6,4,1
"4",0.049173095973322,0.0547622019932016,-3.4,0,0,0.0383161056325164,0,3.95,0.0547622019932016,-5.55,4.38,4,1.28,0.109524403986403,0.0547622019932016,4.75,-6.81,0.164286605979605,0.466666666666667,-6.81,0.94,4.5,-8.72,0,-3.4,0.875,1.28,0.0510066540907498,6,6,0.0547622019932016,0.1875,0,4.92,0.0547622019932016,8,0.109524403986403,0,0.3125,4.35,0,0,0.0547622019932016,4.5,0.625,4.76,-14.92,4.5,4,6,1
"5",0.0560534646272133,0.0533544809101297,4.04,0,0,0.0394058916514086,0,4.17,0.106708961820259,-3.4,3.97,8,-8.72,0,0.106708961820259,4.75,-14.92,0.0533544809101297,0.266666666666667,4.92,-5.55,4.35,-6.64,0,0.94,0.8125,4.04,0.0468784986655316,5,4,0.0533544809101297,0.1875,0,-2.57,0.0533544809101297,5,0.0533544809101297,0,0.875,4.29,0,0,0.106708961820259,3.95,0.375,4.75,0.94,3.97,5,4,1
"6",0.0565693929477657,0.0514197069471654,0.94,0,0,0.0514217096569432,0,4.29,0.0514197069471654,-6.64,4.35,7,4.92,0.102839413894331,0.0514197069471654,4.75,-14.92,0.0514197069471654,0.466666666666667,1.28,-2.57,4.5,4.04,0,4.92,0.8125,4.04,0.056533726212124,5,7,0,0.25,0,4.04,0.0514197069471654,7,0.0514197069471654,0.0514197069471654,0.875,4.65,0.102839413894331,0,0.102839413894331,3.97,0.5625,3.95,1.81,4.17,5,5,1
"7",0.0516815238462027,0,-4.66,0,0.0515084273901373,0.0635923319012385,0,4.37,0.0515084273901373,-14.92,4.5,8,-6.81,0.103016854780275,0,4.75,1.28,0.103016854780275,0.333333333333333,1.28,4.04,4.5,1.81,0,1.81,0.8125,-14.92,0.0552578064707056,7,7,0,0.125,0.0515084273901373,4.04,0.103016854780275,7,0.0515084273901373,0.103016854780275,0.75,4.36,0.0515084273901373,0,0.0515084273901373,4.63,0.4375,4.35,-3.4,4.35,7,6,1
"8",0.0424148888510541,0,-5.55,0,0,0.0931816799604133,0,4.35,0.100656122137614,4.04,4.65,5,1.81,0.0503280610688071,0.201312244275228,4.75,-2.57,0,0.333333333333333,4.04,4.04,4.35,4.04,0,-6.81,0.6875,2.98,0.0488933351449352,8,6,0,0.3125,0,-2.57,0,7,0.0503280610688071,0.100656122137614,0.9375,4.35,0.100656122137614,0.0503280610688071,0.0503280610688071,4.36,0.375,3.95,1.28,4.29,5,5,1
"9",0.0471009931583386,0.0521208210858233,-3.4,0.104241642171647,0,0.0661277923640127,0,4.66,0,-0.14,3.97,5,4.92,0,0,4.75,-4.66,0.15636246325747,0.2,0.94,-3.4,4.5,-14.92,0,4.04,0,-0.14,0.041642505848313,5,5,0,0.25,0.0521208210858233,1.81,0.0521208210858233,7,0,0.104241642171647,0.8125,4.35,0.0521208210858233,0.0521208210858233,0.0521208210858233,4.5,0.4375,4.38,0.94,4.44,6,4,1
"10",0.0830543058911462,0,-0.14,0.0513172815538295,0.0513172815538295,0.0450123147393698,0,4.37,0.102634563107659,4.04,4.36,6,0.94,0.0513172815538295,0.102634563107659,4.75,-5.55,0,0.466666666666667,-2.57,4.92,4.35,4.04,0,0.94,0.8125,-8.72,0.0479797723635765,6,7,0.0513172815538295,0.125,0,1.81,0,5,0,0.0513172815538295,0.5625,4.65,0,0,0.0513172815538295,4.6,0.4375,3.95,-5.55,3.97,7,5,1
"11",0.0889656695961419,0,-6.64,0,0.0494491802645379,0.0576495346752079,0,3.95,0.0494491802645379,-3.4,4.37,6,2.98,0,0.0494491802645379,4.75,4.04,0.148347540793614,0.466666666666667,0.94,-8.72,4.5,4.92,0,-3.4,0.75,-2.57,0.0496600530320706,7,7,0.0494491802645379,0.0625,0,4.92,0,7,0,0,0.25,4.17,0.0494491802645379,0.0494491802645379,0.0988983605290758,4.75,0.4375,4.17,-5.54,4.5,5,5,1
"12",0.0864117351173008,0,0.94,0.0484362570643763,0,0.0719339402487861,0,4.38,0.0484362570643763,2.98,4.76,5,1.28,0.0484362570643763,0.0484362570643763,4.75,0.94,0,0.333333333333333,-14.92,-6.81,4.35,0.94,0,0.94,0.9375,4.04,0.044849152462399,6,6,0.0484362570643763,0.125,0,4.92,0.0968725141287527,8,0.0484362570643763,0,0.75,4.6,0,0.0484362570643763,0.0484362570643763,3.97,0.5625,3.97,-8.72,3.97,6,5,1
"13",0.0820969309402167,0,1.81,0,0.0501713665992665,0.0555247542102329,0,4.29,0.100342733198533,-6.81,4.76,7,-6.81,0,0.0501713665992665,4.75,-5.54,0,0.2,0.94,-8.72,4.35,4.04,0,-6.64,0.875,4.04,0.0689754027290266,8,3,0.100342733198533,0.25,0.0501713665992665,-5.55,0,6,0.1505140997978,0.0501713665992665,0.75,4.63,0,0,0.100342733198533,4.35,0.1875,3.95,-8.72,4.75,7,4,1
"14",0.0380818394107568,0,-3.4,0.0518336023415122,0,0.0777650837935486,0,4.29,0.0518336023415122,4.04,4.17,4,-2.57,0,0.155500807024537,4.75,-6.81,0.103667204683024,0.266666666666667,-14.92,-2.57,4.35,-3.4,0,-6.81,0.8125,1.81,0.0436519000266417,4,5,0,0.0625,0,4.92,0.0518336023415122,7,0.155500807024537,0.0518336023415122,0.75,4.6,0,0,0.0518336023415122,4.5,0.625,4.5,4.92,4.29,4,5,1
"15",0.0541520757586458,0,-3.4,0,0.099764116714749,0.073122301002542,0,4.7,0.0498820583573745,4.92,4.38,5,1.81,0,0,4.75,-6.81,0.099764116714749,0.466666666666667,-5.54,0.94,4.5,-5.54,0.0498820583573745,4.04,0.6875,4.04,0.0609805797077206,7,5,0,0.1875,0,4.92,0.0498820583573745,8,0.0498820583573745,0.0498820583573745,0.8125,4.44,0.099764116714749,0,0.0498820583573745,4.5,0.625,4.37,-14.92,3.95,4,7,1
"16",0.0440018820197751,0.0503397567376347,4.92,0,0,0.0737091237645611,0,4.65,0,-6.81,4.17,6,-5.55,0.0503397567376347,0.100679513475269,4.75,1.81,0,0.333333333333333,1.81,-6.81,4.35,-2.57,0,-6.81,0.5625,-6.81,0.0525177844994239,5,5,0,0.0625,0,1.81,0,4,0.201359026950539,0.151019270212904,0.25,3.97,0,0,0.0503397567376347,3.95,0.6875,4.35,4.92,4.29,5,5,1
"17",0.104028921046023,0.0499578095332031,4.92,0,0,0.0651936500941096,0,4.76,0.0499578095332031,4.92,4.29,7,-3.4,0.0499578095332031,0.0999156190664062,4.75,-2.57,0.0499578095332031,0.266666666666667,1.28,-4.66,4.35,4.04,0,-6.81,0.5625,-5.55,0.0356597779515891,6,7,0.0499578095332031,0.0625,0.0499578095332031,-6.64,0,5,0.0999156190664062,0,0.9375,4.44,0.0499578095332031,0,0.0999156190664062,3.95,0.75,3.95,-6.81,4.29,6,7,1
"18",0.0402591463899086,0,2.35,0,0,0.0866141131923821,0.0495644633943386,4.29,0,4.04,4.5,7,-4.66,0,0,4.75,-6.64,0.0991289267886773,0.0666666666666667,4.04,2.98,4.5,4.92,0,2.98,0.875,-4.66,0.051312112283662,8,7,0,0.5,0.0991289267886773,0.94,0,5,0.0495644633943386,0,0.4375,4.17,0.0991289267886773,0.0991289267886773,0.0991289267886773,4.52,0.3125,4.17,-3.4,4.66,8,6,1
"19",0.0643404611946159,0,-4.66,0,0.0505644377032637,0.0719191242310592,0.0505644377032637,4.35,0,4.92,4.66,6,-3.4,0,0.0505644377032637,4.75,-8.72,0.0505644377032637,0.2,2.35,-6.64,4.35,-14.92,0,-6.81,0.75,-6.81,0.0420328439506927,6,7,0.0505644377032637,0.125,0.0505644377032637,4.92,0.0505644377032637,6,0.101128875406527,0.0505644377032637,0.5625,4.37,0,0.0505644377032637,0.101128875406527,4.63,0.8125,4.38,2.98,4.29,7,5,1
"20",0.0530489484553709,0.0514750949686399,2.98,0,0,0.0817949619318225,0,4.76,0,-6.81,4.7,5,4.92,0,0,4.75,-8.72,0.10295018993728,0.266666666666667,-3.4,0.94,4.5,2.98,0.0514750949686399,-6.81,0.9375,4.92,0.0377914127901165,7,7,0.10295018993728,0.25,0,4.04,0,5,0.10295018993728,0,0.5625,4.44,0.10295018993728,0.10295018993728,0.0514750949686399,4.66,0.625,4.66,2.33,4.29,7,8,1
"21",0.04787683537287,0.0508118334042581,2.98,0,0,0.0792286503163698,0.0508118334042581,3.95,0.0508118334042581,2.98,4.44,6,1.81,0,0.0508118334042581,4.75,-8.72,0.101623666808516,0.266666666666667,0.94,-5.55,4.5,2.35,0,-3.4,0.8125,0.94,0.0674219493670097,8,7,0.0508118334042581,0.375,0,4.92,0,7,0,0.0508118334042581,0.5625,4.35,0.0508118334042581,0.101623666808516,0.0508118334042581,4.66,0.625,4.52,4.04,4.5,7,8,1
"22",0.0553138040323588,0.0507842234522672,4.04,0,0,0.0636564025662768,0,4.44,0.0507842234522672,-3.4,4.76,5,4.04,0,0.101568446904534,4.75,4.04,0.152352670356801,0.2,-2.57,-3.4,4.5,4.04,0.0507842234522672,1.81,0.9375,4.92,0.0706755792321705,7,8,0.0507842234522672,0.5,0,2.33,0,8,0,0.0507842234522672,0.375,4.35,0.203136893809069,0,0.0507842234522672,4.44,0.4375,4.44,-8.72,4.35,7,8,1
"23",0.0527052037942941,0,-4.66,0,0,0.0520557306691669,0,4.35,0.0508104027299157,-6.81,4.38,6,-14.92,0.0508104027299157,0.0508104027299157,4.75,0.94,0.0508104027299157,0.266666666666667,1.28,4.04,4.35,-3.4,0,0.94,0.9375,4.92,0.0640218399023504,8,4,0,0.125,0.0508104027299157,1.81,0.101620805459831,7,0.0508104027299157,0.101620805459831,0.25,3.97,0,0,0.0508104027299157,4.63,0.6875,4.5,-14.92,3.97,6,7,1
"24",0.0475908440851132,0,4.04,0,0,0.0536650251485496,0,4.76,0.0499093944411438,-6.64,4.36,4,-6.64,0.0499093944411438,0.0499093944411438,4.75,-5.55,0.0499093944411438,0.0666666666666667,2.98,-6.81,4.35,0.94,0.0499093944411438,2.98,0.5625,1.28,0.0854630449945538,4,5,0.0499093944411438,0.125,0,2.33,0,6,0.0499093944411438,0,0.375,4.5,0,0.0998187888822876,0.149728183323431,3.95,0.75,3.97,-5.55,4.66,4,8,1
"25",0.0592364888226832,0,2.33,0.0488223573776398,0,0.072439156926461,0,4.44,0.0488223573776398,-5.55,4.63,7,-6.81,0,0.0976447147552796,4.75,4.92,0,0.266666666666667,-0.14,4.04,4.35,4.92,0.0488223573776398,1.81,0.875,-5.55,0.0839611284938176,5,6,0,0.125,0.0976447147552796,-4.66,0,4,0.0488223573776398,0.0488223573776398,0.375,4.35,0.0488223573776398,0,0.0488223573776398,4.7,0.75,4.17,-4.66,4.35,7,5,1
"26",0.0820217320777914,0,1.81,0,0.0481213320144,0.0696481689464862,0,4.17,0,1.28,4.75,7,0.94,0.0481213320144,0.0962426640288,4.75,2.33,0.0481213320144,0.333333333333333,-5.54,-3.4,4.35,-2.57,0.0481213320144,-14.92,0.8125,-14.92,0.0768441210340373,7,4,0,0.0625,0,0.94,0.0962426640288,7,0,0.0481213320144,0.875,4.44,0.0481213320144,0,0.0962426640288,4.35,0.5625,4.35,-6.64,4.38,7,5,1
"27",0.0598485406933202,0.0465252841668394,-14.92,0,0.0465252841668394,0.118082319058306,0.0930505683336788,3.95,0,2.35,4.35,7,4.92,0,0.0930505683336788,4.75,-4.66,0.0465252841668394,0.2,-5.54,-3.4,4.35,2.35,0,-6.81,0.9375,-6.64,0.0637452164149224,4,6,0,0.1875,0.0465252841668394,0.94,0.0465252841668394,7,0.0465252841668394,0.0465252841668394,0.6875,4.35,0,0,0.0930505683336788,4.38,0.375,4.52,1.81,4.29,4,4,1
"28",0.055197025380647,0,-0.14,0.0481303744173824,0,0.0866141032371137,0,4.17,0,4.92,4.5,4,-14.92,0,0,4.75,-6.81,0.0962607488347649,0.266666666666667,4.92,-14.92,4.5,4.92,0.0481303744173824,0.94,0.8125,0.94,0.0726131257125218,4,4,0,0.1875,0,4.92,0.0962607488347649,5,0.0481303744173824,0,0.5625,4.7,0,0,0.0481303744173824,4.6,0.625,4.17,-3.4,3.97,3,4,1
"29",0.0329721636882914,0.100913623321704,4.92,0.100913623321704,0,0.115935430986198,0,3.95,0.100913623321704,0.94,4.17,7,-6.81,0,0,4.75,4.04,0.100913623321704,0.2,-5.55,-5.55,4.5,-0.14,0,-3.4,0.875,-6.64,0.0491122314554347,5,6,0,0.0625,0,-0.14,0,5,0.0504568116608519,0,0.375,3.95,0,0,0.100913623321704,3.95,0.4375,4.6,4.92,4.5,6,6,1
"30",0.0455167772353714,0,-14.92,0.0516107801525676,0,0.0911198366026599,0,4.17,0.154832340457703,4.04,4.76,5,-14.92,0,0.0516107801525676,4.75,4.04,0.154832340457703,0.266666666666667,-2.57,-6.64,4.5,-3.4,0,-0.14,0.875,-3.4,0.0379322472803662,8,4,0.0516107801525676,0.125,0,4.04,0.103221560305135,7,0,0,0.4375,3.97,0,0,0.103221560305135,4.38,0.6875,4.5,-8.72,4.6,4,6,1
"31",0.0580322934116497,0.0532704082437378,-0.14,0.0532704082437378,0.0532704082437378,0.0717158915962513,0,4.76,0,4.04,4.66,6,-2.57,0,0.106540816487476,4.75,2.98,0.106540816487476,0.0666666666666667,-3.4,4.92,4.35,0.94,0,2.98,0.9375,-5.54,0.0266035008360033,4,4,0.0532704082437378,0.125,0,-3.4,0.0532704082437378,5,0,0,0.5625,4.38,0.0532704082437378,0.159811224731214,0.0532704082437378,4.6,0.375,3.97,2.98,4.66,7,6,1
"32",0.0612060387350342,0.0508592816253264,4.92,0,0,0.0681037994979091,0.0508592816253264,4.63,0.0508592816253264,4.04,4.63,5,2.35,0,0.0508592816253264,4.75,4.92,0.0508592816253264,0.2,-6.64,4.92,4.35,4.92,0,-3.4,0.875,-6.64,0.0548839625379246,4,8,0,0.125,0.101718563250653,2.98,0,6,0.0508592816253264,0,0.375,4.29,0,0.0508592816253264,0.152577844875979,4.17,0.625,4.17,-4.66,4.5,4,6,1
"33",0.0634903177445541,0.051524006509104,-4.66,0,0,0.0732732177284025,0,3.95,0.051524006509104,-6.81,4.35,4,1.81,0,0.103048013018208,4.75,4.92,0.051524006509104,0.266666666666667,-5.55,4.04,4.35,-14.92,0,-3.4,0.9375,4.92,0.0384961443799565,7,4,0,0.3125,0.051524006509104,4.92,0.051524006509104,7,0.051524006509104,0.051524006509104,0.5625,4.44,0.103048013018208,0,0.051524006509104,4.63,0.4375,4.38,-2.57,4.5,5,5,1
"34",0.068629544581494,0,1.81,0,0,0.0690570390142988,0,4.5,0.0999028672946001,4.92,4.76,4,0.94,0.0499514336473001,0,4.75,-14.92,0.0999028672946001,0.4,-14.92,0.94,4.5,1.81,0,4.04,0.9375,4.92,0.0610468413615049,7,4,0.0499514336473001,0.3125,0,1.28,0.0999028672946001,5,0,0.0999028672946001,0.875,3.95,0,0,0.0499514336473001,4.35,0.5625,4.35,-8.72,3.95,5,4,1
"35",0.0578292382625839,0,4.92,0,0,0.0740892403487278,0.0503200941256662,4.29,0.100640188251332,4.04,3.95,5,2.35,0.0503200941256662,0.0503200941256662,4.75,-6.81,0,0.266666666666667,-8.72,4.04,4.35,1.28,0,-5.55,0.875,-6.81,0.0475898955033157,7,8,0.100640188251332,0.0625,0,-8.72,0,7,0.150960282376999,0,0.4375,4.44,0.100640188251332,0,0.0503200941256662,4.17,0.625,4.65,4.04,4.36,7,8,1
"36",0.0778917587406571,0.0478427000797666,-8.72,0,0,0.0870283825479134,0,4.29,0.0478427000797666,1.81,3.97,7,-8.72,0,0,4.36,-3.4,0.1435281002393,0.333333333333333,-6.81,-3.4,3.97,1.81,0,-5.55,0.9375,4.92,0.0290829551229778,7,5,0.0956854001595333,0.1875,0,-3.4,0,7,0.0956854001595333,0.0956854001595333,0.5,3.95,0,0,0,4.76,0.375,4.35,0.94,4.36,5,4,1
"37",0.0460629392241943,0,-6.81,0,0,0.10481795315458,0,4.76,0,4.92,4.29,7,-5.55,0,0.14375237882467,4.75,-6.64,0.0479174596082234,0.4,-2.57,0.94,4.35,-3.4,0,4.04,0.875,1.81,0.069789978874226,7,4,0.0479174596082234,0.0625,0,4.92,0,7,0.0958349192164468,0.0479174596082234,0.25,4.35,0.0479174596082234,0,0.0958349192164468,4.29,0.6875,4.5,-6.81,4.44,4,7,1
"38",0.0576155054117301,0.0968359528093315,-8.72,0,0.0484179764046657,0.108023019589455,0,4.76,0,4.92,4.35,6,4.92,0,0.0968359528093315,4.75,4.92,0.0484179764046657,0.6,-3.4,-5.54,4.35,4.92,0,1.81,0.875,-2.57,0.0565999840100728,4,5,0.145253929213997,0.125,0,-8.72,0,5,0,0.0968359528093315,0.75,4.36,0,0,0.0484179764046657,4.76,0.5625,4.17,1.81,4.35,4,5,1
"39",0.0661049946805319,0,-3.4,0,0,0.0672242452291593,0,4.44,0.14559525864489,-5.55,3.97,5,4.04,0,0.0970635057632598,4.75,0.94,0.0970635057632598,0.333333333333333,-3.4,4.92,4.35,-2.57,0,4.04,0.9375,-6.81,0.0891588026494596,6,6,0,0.125,0,4.04,0,6,0.0485317528816299,0,0.3125,3.97,0.0485317528816299,0,0.0485317528816299,4.5,0.6875,4.35,0.94,3.95,4,8,1
"40",0.0665394069533838,0.049986751054883,0.94,0,0,0.0707881054657975,0,4.35,0.099973502109766,-6.64,4.35,5,-6.64,0,0.049986751054883,4.75,4.92,0.099973502109766,0.333333333333333,-8.72,4.92,4.5,-3.4,0,4.04,0.5,-14.92,0.0605530450333618,6,5,0.049986751054883,0.125,0,4.04,0.049986751054883,8,0,0.049986751054883,0.9375,4.44,0.049986751054883,0,0.149960253164649,3.97,0.625,4.5,-2.57,3.95,6,5,1
"41",0.0425168331906178,0.0511554022999604,4.92,0,0.102310804599921,0.0691823957373349,0,4.35,0,4.04,4.5,7,4.92,0,0.153466206899881,4.75,-6.81,0.102310804599921,0.4,-5.55,0.94,4.35,2.98,0,-5.54,0.875,-3.4,0.064837829038406,8,6,0,0.25,0,-2.57,0,5,0.0511554022999604,0,0.6875,4.37,0.0511554022999604,0.0511554022999604,0.0511554022999604,3.95,0.375,4.66,-3.4,4.37,7,6,1
"42",0.0453569227144485,0,-0.14,0.05195630814562,0,0.0747378037585436,0,4.76,0.10391261629124,4.92,4.17,4,4.04,0.05195630814562,0,4.75,-6.64,0.05195630814562,0.4,4.04,4.04,4.75,-5.55,0,-6.81,0.625,1.28,0.0684381219411391,5,6,0.05195630814562,0.0625,0,1.81,0,6,0.05195630814562,0.05195630814562,0.6875,4.5,0.05195630814562,0,0.15586892443686,4.6,0.75,4.36,4.92,4.29,4,8,1
"43",0.055251257553782,0,-5.55,0.0524291323015942,0,0.0583117866832921,0,4.65,0.0524291323015942,-6.81,4.44,5,1.81,0.0524291323015942,0,4.75,-6.81,0.0524291323015942,0.466666666666667,4.92,4.04,4.5,-8.72,0,-0.14,0.75,-8.72,0.048288422660966,3,6,0.104858264603188,0.125,0,-6.64,0,7,0.104858264603188,0.0524291323015942,0.5625,4.75,0.0524291323015942,0,0.157287396904783,4.36,0.6875,4.76,4.04,4.6,3,7,1
"44",0.052244466036416,0,4.04,0,0.102813501382844,0.0457290798202773,0,4.5,0.051406750691422,2.98,4.37,7,4.92,0.051406750691422,0.051406750691422,4.75,0.94,0.102813501382844,0.2,-4.66,-5.54,4.35,-8.72,0,-3.4,0.9375,-6.64,0.0852453376387273,4,7,0.051406750691422,0.0625,0.051406750691422,0.94,0,5,0,0,0.3125,4.65,0,0.051406750691422,0.102813501382844,3.95,0.6875,4.76,-5.54,4.5,4,6,1
"45",0.0857846526782689,0,2.98,0,0,0.0428063306571341,0,4.76,0.0502160308822412,-5.55,4.35,6,-2.57,0,0.301296185293447,4.75,4.04,0,0.266666666666667,-2.57,-2.57,4.35,-6.81,0,-6.81,0.875,-5.55,0.0546436962117809,5,5,0.0502160308822412,0.4375,0,0.94,0,5,0.100432061764482,0,0.5625,4.35,0,0.0502160308822412,0.0502160308822412,4.66,0.375,4.29,-2.57,4.29,6,6,1
"46",0.115528288749375,0,4.92,0,0.0511570895842245,0.041913745179477,0.0511570895842245,4.75,0,1.81,4.35,6,2.98,0,0.0511570895842245,4.75,-5.55,0,0.2,2.98,-4.66,4.35,-6.64,0,-5.54,0.9375,-6.64,0.0443888992200555,4,6,0,0.4375,0.0511570895842245,4.04,0,5,0,0.102314179168449,0.25,4.52,0.0511570895842245,0.102314179168449,0.204628358336898,4.17,0.375,4.75,1.81,4.37,6,6,1
"47",0.0936446433701034,0,4.92,0,0.0972574744328703,0.0623376916010007,0,4.35,0.0486287372164352,-6.81,3.95,5,-6.81,0,0,4.75,4.92,0.0972574744328703,0.4,-14.92,-8.72,4.5,-3.4,0,1.81,0.875,-5.54,0.052892615667196,6,5,0.0486287372164352,0.0625,0,-14.92,0.0972574744328703,5,0.0972574744328703,0.0972574744328703,0.375,4.37,0,0,0.0486287372164352,4.17,0.625,4.5,4.04,4.35,5,4,1
"48",0.101888020212377,0.0497542753497529,-14.92,0,0.0497542753497529,0.0575856809376205,0,3.95,0.0497542753497529,-5.54,4.17,4,-8.72,0,0.0497542753497529,4.75,2.33,0.0497542753497529,0.4,4.04,-8.72,4.5,-4.66,0.0497542753497529,4.92,0.75,-2.57,0.039423235549267,6,3,0.0995085506995058,0.0625,0.0497542753497529,1.81,0.0497542753497529,6,0.0497542753497529,0.0497542753497529,0.6875,4.29,0,0,0.0497542753497529,4.38,0.375,4.63,4.92,4.17,5,5,1
"49",0.0420300490863408,0,-3.4,0.0501044297568827,0,0.0679415977932154,0.0501044297568827,4.5,0,1.28,4.17,5,4.92,0.0501044297568827,0.0501044297568827,4.75,2.33,0.200417719027531,0.2,2.35,-0.14,4.5,-4.66,0.0501044297568827,0.94,0.5,-8.72,0.0870416368563787,4,4,0.0501044297568827,0.0625,0.0501044297568827,-2.57,0,8,0,0,0.6875,4.5,0,0,0.0501044297568827,4.5,0.625,4.63,4.92,3.97,5,6,1
"50",0.0530182408234851,0,-2.57,0,0.0502812455970507,0.0768374539647621,0,3.95,0.0502812455970507,1.81,4.65,7,-3.4,0.0502812455970507,0.251406227985254,4.75,-2.57,0.100562491194101,0.133333333333333,-3.4,-2.57,4.35,-5.55,0,-14.92,0.8125,4.04,0.0602977930229668,5,8,0,0.5,0,-2.57,0.0502812455970507,7,0,0.0502812455970507,0.6875,4.37,0.0502812455970507,0,0.0502812455970507,4.35,0.375,4.36,1.28,4.38,7,5,1
"51",0.0592833516662081,0,1.81,0.0956776433280079,0,0.0951088592976312,0,4.35,0,-3.4,4.17,4,-3.4,0,0,4.75,-0.14,0.143516464992012,0.133333333333333,4.04,4.04,4.5,0.94,0,2.98,0,4.04,0.0738509639670734,8,8,0,0.0625,0,-0.14,0.047838821664004,4,0,0.0956776433280079,0.75,4.38,0.143516464992012,0.047838821664004,0.047838821664004,4.35,0.5625,3.97,4.92,4.66,7,5,1
"52",0.0485075317917317,0,-8.72,0,0,0.0722765588115095,0,3.95,0.102360003372068,1.81,4.65,6,4.92,0.0511800016860338,0.0511800016860338,4.75,-4.66,0,0.266666666666667,4.92,4.04,4.35,-14.92,0,4.92,0.8125,1.81,0.0574350065449989,6,7,0.0511800016860338,0.1875,0.0511800016860338,4.04,0.0511800016860338,8,0,0.102360003372068,0.875,3.95,0.102360003372068,0,0.0511800016860338,4.76,0.375,4.38,1.28,4.17,4,5,1
"53",0.0666360933947425,0,0.94,0,0.104123083205202,0.0733885979214226,0,4.37,0,1.81,4.35,6,-6.64,0,0,4.75,4.92,0.052061541602601,0.266666666666667,2.98,1.81,4.5,-6.64,0,-6.64,0.875,-6.81,0.0462856320411449,7,7,0,0.25,0,-5.54,0,8,0.052061541602601,0.156184624807803,0.75,4.66,0,0.104123083205202,0.208246166410404,3.97,0.3125,4.75,1.81,4.75,5,7,1
"54",0.0953264740920814,0,-3.4,0.04875880385128,0,0.0784691893513765,0,4.36,0.04875880385128,-0.14,4.65,6,-5.55,0.04875880385128,0.14627641155384,4.75,4.04,0.0975176077025599,0.133333333333333,-2.57,-5.55,4.35,-2.57,0.04875880385128,4.92,0.9375,4.92,0.0418629434227503,5,3,0,0.4375,0,-3.4,0,7,0,0,0.3125,4.7,0,0,0.04875880385128,4.5,0.5625,4.35,1.28,4.17,5,6,1
"55",0.0814091350079666,0,-14.92,0,0.0508069713482658,0.0372664132325544,0,4.75,0,-4.66,4.35,7,4.04,0,0.152420914044797,4.75,2.98,0,0.2,-2.57,-5.54,4.35,4.04,0,-4.66,0.8125,4.04,0.0342977809258759,5,7,0,0.125,0.101613942696532,-2.57,0.0508069713482658,8,0.0508069713482658,0.0508069713482658,0.5625,4.29,0.152420914044797,0.0508069713482658,0.101613942696532,4.38,0.375,4.44,1.81,4.63,7,7,1
"56",0.0402323364892788,0.0523936711540954,4.92,0,0,0.0719187801376587,0,4.17,0.104787342308191,4.04,4.35,5,-5.55,0,0.157181013462286,4.75,4.92,0,0.333333333333333,-5.55,4.92,4.35,-2.57,0,4.04,0.8125,0.94,0.0393425811060847,6,7,0,0.125,0,-2.57,0,5,0,0.0523936711540954,0.25,3.95,0.0523936711540954,0,0.0523936711540954,4.17,0.625,4.35,1.81,3.95,7,4,1
"57",0.0718097241329088,0,4.92,0,0.049460832554251,0.0564241297488137,0,4.35,0.098921665108502,-5.55,4.29,4,4.04,0,0.098921665108502,4.75,-6.64,0,0.466666666666667,4.04,0.94,4.35,4.92,0,-5.54,0.6875,1.81,0.045289438561794,5,5,0,0.0625,0,4.92,0,6,0.049460832554251,0.049460832554251,0.3125,4.44,0.049460832554251,0,0.098921665108502,4.17,0.75,4.17,-6.81,4.37,7,7,1
"58",0.0540207427674036,0.051206780609122,1.81,0,0.051206780609122,0.0481800828158581,0,4.66,0,4.92,4.37,6,-2.57,0,0.102413561218244,4.75,-6.64,0.051206780609122,0.466666666666667,4.92,-6.64,4.5,4.92,0,-2.57,0.6875,4.04,0.0557612950997325,6,7,0,0.0625,0,4.04,0,6,0,0.051206780609122,0.8125,4.36,0.102413561218244,0.051206780609122,0.153620341827366,4.35,0.5625,3.95,-5.54,4.35,6,5,1
"59",0.0700157628931,0.0509506367551824,4.04,0,0,0.0448825759800914,0,4.5,0.101901273510365,4.92,4.35,6,-3.4,0,0.0509506367551824,4.75,4.04,0.101901273510365,0.466666666666667,1.81,-6.64,3.97,1.81,0,2.98,0.9375,4.04,0.0565925205175919,6,4,0,0.125,0,-5.55,0,9,0.0509506367551824,0.101901273510365,0.4375,4.29,0.0509506367551824,0.0509506367551824,0.101901273510365,4.44,0.5625,4.35,-2.57,4.66,6,5,1
"60",0.0888050591482104,0.0993672853763971,4.92,0,0.0496836426881986,0.0820319383844463,0,3.95,0.0496836426881986,-5.55,4.17,7,-5.55,0,0.0496836426881986,4.75,-6.64,0.0496836426881986,0.466666666666667,-5.54,4.92,4.5,4.92,0,-8.72,0.8125,-8.72,0.0461522847986929,3,5,0.0993672853763971,0.0625,0,4.92,0,7,0,0,0.3125,4.35,0,0,0.0993672853763971,3.95,0.75,4.17,4.92,4.76,7,8,1
"61",0.0646634839151352,0.149803484224269,-6.81,0,0.099868989482846,0.0711305723617748,0,4.5,0.149803484224269,-5.54,4.38,7,4.92,0,0,4.75,4.92,0.099868989482846,0.333333333333333,4.92,-5.54,4.5,4.04,0,4.04,0.75,1.81,0.0622248633729149,4,9,0,0.125,0,-5.55,0.049934494741423,8,0.049934494741423,0.049934494741423,0.375,3.95,0,0,0.049934494741423,4.29,0.8125,3.95,-14.92,3.95,5,9,1
"62",0.0496566607256412,0.0524944815442088,-5.55,0.104988963088418,0,0.0495102737364137,0,4.36,0,-6.81,3.95,5,-0.14,0,0.0524944815442088,4.75,4.92,0.104988963088418,0.266666666666667,-0.14,4.92,4.35,4.92,0,4.92,0.6875,-5.55,0.0539082202286766,7,8,0,0.0625,0,-3.4,0,5,0.0524944815442088,0,0.5625,4.5,0,0,0.0524944815442088,4.36,0.625,4.17,4.92,4.17,7,5,1
"63",0.0429986163445252,0.100349741575464,4.92,0,0.0501748707877321,0.0475189291996895,0.0501748707877321,4.17,0.0501748707877321,-5.55,3.95,8,-3.4,0,0.0501748707877321,4.75,-6.81,0.100349741575464,0.333333333333333,-6.81,-5.54,4.35,4.04,0,-6.64,0.8125,2.35,0.0537997338506624,8,5,0,0.0625,0,4.92,0,7,0.100349741575464,0,0.9375,4.5,0,0,0.100349741575464,4.17,0.625,3.95,4.92,4.75,8,6,1
"64",0.0640138655420149,0.0955161349452656,-5.55,0,0,0.0553674559961354,0.0955161349452656,3.95,0,-8.72,4.17,6,-6.81,0,0.0955161349452656,4.75,4.92,0,0.2,2.35,-6.81,4.35,2.35,0,4.92,0.875,-6.64,0.0567184211896433,3,5,0.0477580674726328,0.0625,0,0.94,0,7,0.0955161349452656,0,0.5625,4.35,0,0,0.0955161349452656,4.36,0.625,4.52,4.92,4.17,4,7,1
"65",0.0425588442771475,0.100685663569449,-8.72,0,0.100685663569449,0.0446943168436904,0,4.35,0.0503428317847244,-4.66,3.95,5,2.98,0,0.0503428317847244,4.75,4.92,0.0503428317847244,0.4,-5.54,4.04,4.5,4.92,0,4.92,0.875,4.04,0.0548567396499208,5,7,0.0503428317847244,0.0625,0.0503428317847244,-14.92,0.0503428317847244,5,0,0,0.3125,4.37,0.0503428317847244,0.0503428317847244,0.0503428317847244,4.76,0.625,3.95,4.92,4.17,6,3,1
"66",0.0449451519844497,0.0515554677943789,-5.54,0,0.103110935588758,0.0426748065497571,0.0515554677943789,4.37,0,-6.81,3.95,6,-8.72,0,0,4.75,-5.55,0.0515554677943789,0.266666666666667,-14.92,4.04,4.5,-6.64,0,4.92,0.6875,2.35,0.0309585444200167,5,8,0.0515554677943789,0.0625,0,-5.55,0.0515554677943789,5,0.0515554677943789,0,0.75,4.66,0.0515554677943789,0.0515554677943789,0.103110935588758,4.37,0.25,4.75,4.92,4.17,8,8,1
"67",0.0545356582706067,0,-6.81,0.050727272402004,0.152181817206012,0.0601015260241462,0.101454544804008,4.37,0.050727272402004,-5.54,4.37,4,-0.14,0,0.101454544804008,4.75,4.04,0.050727272402004,0.133333333333333,2.35,-5.55,4.35,-2.57,0,2.98,0.875,-14.92,0.0549505599679677,8,3,0,0.0625,0,2.35,0.050727272402004,7,0.050727272402004,0,0.375,4.5,0,0.050727272402004,0.050727272402004,4.29,0.6875,4.35,-5.54,4.66,8,5,1
"68",0.0676851206485875,0,2.35,0.0520952994269489,0.156285898280847,0.0719030015028679,0.0520952994269489,4.29,0.0520952994269489,-0.14,4.37,6,-5.55,0,0,4.75,-6.81,0.0520952994269489,0,-14.92,4.04,4.5,-4.66,0,-5.54,0.8125,-5.55,0.0363796177104886,4,4,0,0.0625,0.0520952994269489,-5.54,0.0520952994269489,6,0.104190598853898,0,0.5625,4.17,0,0,0.0520952994269489,4.52,0.625,4.63,-5.54,4.37,5,5,1
"69",0.0575463985678954,0.106095260078463,1.81,0,0,0.0416636801349861,0,4.36,0.0530476300392317,-3.4,4.5,7,4.04,0,0.106095260078463,4.75,2.33,0.159142890117695,0.4,-3.4,-2.57,4.35,4.92,0.0530476300392317,4.92,0.9375,4.92,0.0619096522312612,5,8,0,0.25,0,-6.81,0,6,0.0530476300392317,0.0530476300392317,0.875,4.44,0.0530476300392317,0,0.0530476300392317,4.35,0.3125,3.95,-3.4,4.17,5,8,1
"70",0.0512648970667924,0.0539822916298354,4.92,0,0.0539822916298354,0.0429808396098148,0,3.95,0,1.81,4.36,4,1.81,0.107964583259671,0.107964583259671,4.75,-8.72,0.0539822916298354,0.533333333333333,-5.54,-2.57,4.35,1.28,0,-3.4,0.8125,-14.92,0.0548504979354556,5,6,0.0539822916298354,0.1875,0,4.92,0.0539822916298354,6,0,0.107964583259671,0.9375,4.65,0,0,0.0539822916298354,4.17,0.625,4.65,-5.55,4.5,4,5,1
"71",0.0517830916872365,0,-5.55,0.0501383179970534,0,0.0625779992821308,0,4.36,0.0501383179970534,-0.14,3.95,5,-6.64,0,0.0501383179970534,4.75,-6.81,0.0501383179970534,0.266666666666667,-3.4,4.92,4.35,0.94,0,1.81,0.875,4.92,0.0725638666523833,7,5,0.0501383179970534,0.0625,0,-8.72,0,8,0.0501383179970534,0.0501383179970534,0.5625,4.17,0,0,0.100276635994107,4.36,0.4375,3.97,4.04,4.35,5,8,1
"72",0.0469354066131821,0,2.35,0,0.0519362213007271,0.0421426831267837,0.103872442601454,4.66,0.0519362213007271,2.98,3.95,8,-8.72,0,0,4.75,-5.54,0.207744885202909,0.2,-3.4,-3.4,4.5,2.35,0,-3.4,0.9375,-6.64,0.051938014297985,5,8,0.103872442601454,0.0625,0,4.92,0,7,0,0,0.6875,4.76,0,0.103872442601454,0.103872442601454,4.52,0.4375,4.52,4.04,4.5,7,6,1
"73",0.0565354486925793,0,0.94,0,0,0.0506978703775782,0,3.97,0,-3.4,4.36,7,4.04,0.153259478087472,0,4.75,1.81,0.102172985391648,0.133333333333333,-8.72,1.28,4.5,1.28,0.051086492695824,4.04,0,0.94,0.0575138653460734,8,8,0.051086492695824,0.5,0,1.28,0,8,0,0.051086492695824,0.75,4.7,0.102172985391648,0,0.051086492695824,3.97,0.5625,4.65,-5.55,4.44,7,7,1
"74",0.0655224864377022,0.0986881268021005,1.81,0,0,0.0525337764880095,0,4.36,0,4.92,4.66,7,-3.4,0,0.0493440634010502,4.75,-4.66,0.0986881268021005,0.333333333333333,-8.72,-5.55,4.35,-6.64,0,4.92,0.75,2.98,0.0608775072027193,7,7,0.0493440634010502,0.3125,0.0493440634010502,-3.4,0,6,0,0.0493440634010502,0.8125,3.95,0,0.0986881268021005,0.0986881268021005,4.35,0.375,4.75,2.98,3.95,8,6,1
"75",0.0537561639803774,0.101361854613324,1.28,0,0,0.0542936806744379,0,4.5,0,-4.66,4.35,6,-5.55,0.0506809273066622,0.101361854613324,4.75,0.94,0.101361854613324,0.266666666666667,4.92,-6.64,4.35,-3.4,0,-5.55,0.75,-8.72,0.0682511941221761,6,6,0.0506809273066622,0.125,0.0506809273066622,2.98,0,7,0,0,0.375,3.95,0,0.0506809273066622,0.101361854613324,4.65,0.6875,4.5,-2.57,4.36,7,6,1
"76",0.044881221743262,0.0510501347181017,-14.92,0,0.0510501347181017,0.0614720752603375,0,4.63,0,2.33,4.17,8,1.81,0,0.0510501347181017,4.75,1.81,0,0.2,-5.54,4.92,4.35,-8.72,0.0510501347181017,-6.81,0.75,2.98,0.0667776670029698,4,6,0.0510501347181017,0.0625,0.0510501347181017,4.04,0.0510501347181017,8,0.0510501347181017,0.102100269436203,0.8125,4.17,0.0510501347181017,0.0510501347181017,0.0510501347181017,4.38,0.625,4.76,4.92,4.29,5,6,1
"77",0.0753059011124666,0.0491572848899185,4.92,0,0,0.0526047198660096,0,3.97,0.098314569779837,4.04,4.5,7,4.04,0,0.0491572848899185,4.75,4.92,0.147471854669756,0.6,1.81,4.92,4.35,-3.4,0,4.92,0.75,-14.92,0.0569783644383335,5,8,0,0.125,0,-3.4,0.0491572848899185,7,0,0.0491572848899185,0.9375,4.17,0,0,0.0491572848899185,3.95,0.625,4.5,-3.4,4.17,5,8,1
"78",0.0591914768942724,0,4.04,0,0,0.0459573325711295,0,4.38,0.0981981810006291,-3.4,4.38,5,4.04,0.147297271500944,0,4.75,-6.81,0.0981981810006291,0.266666666666667,1.28,-8.72,4.5,-14.92,0,-14.92,0.875,1.28,0.0885484988401815,6,6,0.0490990905003145,0.25,0,1.28,0.196396362001258,5,0.0490990905003145,0,0.6875,3.97,0,0,0.0490990905003145,3.95,0.375,4.38,-14.92,4.38,5,8,1
"79",0.0712091980173016,0.0512985385335751,4.92,0,0.0512985385335751,0.0553385694382643,0.0512985385335751,3.97,0,-5.54,4.29,8,4.04,0.10259707706715,0.10259707706715,4.75,-14.92,0,0.4,4.92,1.28,4.35,1.28,0,2.35,0.5625,0.94,0.067506808008215,4,8,0,0.0625,0,1.81,0.0512985385335751,7,0.0512985385335751,0.0512985385335751,0.875,4.35,0.0512985385335751,0,0.0512985385335751,3.95,0.6875,4.65,-6.81,4.52,7,7,1
"80",0.0819186066121387,0,-6.64,0,0.0533043816227622,0.0393158807106916,0.0533043816227622,3.95,0.106608763245524,-14.92,4.17,3,-5.54,0.0533043816227622,0,4.75,4.92,0.0533043816227622,0.333333333333333,4.92,-3.4,4.65,-6.81,0,2.98,0.8125,0.94,0.0466247291674627,7,7,0,0.0625,0,2.35,0.0533043816227622,9,0.0533043816227622,0,0.375,3.95,0,0.0533043816227622,0.106608763245524,4.75,0.625,4.29,4.92,4.66,7,7,1
"81",0.0645126518989829,0,-6.64,0.0524000976217981,0,0.0543286685489798,0.0524000976217981,4.7,0.104800195243596,2.35,4.44,8,4.04,0,0.0524000976217981,4.75,-5.55,0,0.266666666666667,0.94,1.81,4.35,4.92,0.0524000976217981,-6.81,0.75,-0.14,0.0738018194500954,7,5,0,0.25,0,0.94,0,8,0.0524000976217981,0.0524000976217981,0.875,3.95,0.0524000976217981,0,0.104800195243596,4.75,0.1875,4.17,4.04,4.29,7,5,1
"82",0.0578459020919545,0,1.28,0.0514663147990147,0,0.039966650939699,0,4.65,0.0514663147990147,1.28,3.95,8,4.92,0.205865259196059,0.102932629598029,4.75,-2.57,0,0.266666666666667,-4.66,1.28,4.35,-0.14,0,4.04,0.5,0.94,0.0865552535145323,5,8,0,0.0625,0.102932629598029,-4.66,0,7,0,0,0.375,3.97,0.0514663147990147,0,0.0514663147990147,4.65,0.625,4.6,4.04,4.44,5,8,1
"83",0.0492429537103167,0.0520708987668183,-0.14,0.156212696300455,0.0520708987668183,0.0557705570764977,0,4.44,0.0520708987668183,4.04,3.95,4,-5.54,0,0,4.75,-8.72,0,0.133333333333333,-6.64,4.92,4.29,1.81,0,-0.14,0.625,1.81,0.0496618435022533,5,6,0.0520708987668183,0.0625,0,-0.14,0,5,0.0520708987668183,0.104141797533637,0.4375,3.97,0.104141797533637,0,0.104141797533637,4.6,0.8125,4.35,4.04,4.6,8,8,0
"84",0.0555290958246869,0.098305395184604,4.04,0.049152697592302,0,0.0669334745481775,0,3.95,0.098305395184604,4.92,4.6,5,0.94,0,0.098305395184604,4.75,0.94,0,0.6,-6.81,-2.57,4.35,4.04,0,-8.72,0.8125,4.92,0.0610791552751931,5,7,0.049152697592302,0.1875,0,4.92,0,4,0.049152697592302,0,0.0625,4.17,0,0,0.049152697592302,3.95,0.4375,3.95,-0.14,4.76,5,7,0
"85",0.0571875492019698,0.0474608051856598,-6.64,0,0,0.0805837766311261,0,4.17,0,4.92,4.17,6,4.92,0,0,4.36,-6.64,0,0.333333333333333,-14.92,1.81,4.38,-8.72,0,-6.64,0.8125,0.94,0.0743815494888637,6,4,0.0474608051856598,0.0625,0,4.04,0.0949216103713196,7,0.0474608051856598,0.0474608051856598,0.5,4.29,0.0474608051856598,0,0.142382415556979,4.75,0.6875,4.76,4.92,4.75,5,4,0
"86",0.0536177738707128,0,4.04,0,0,0.0877481559952482,0.0477597552205543,3.95,0.143279265661663,-6.81,4.66,5,4.92,0,0.0477597552205543,3.97,1.81,0,0.333333333333333,-5.55,4.92,4.52,4.04,0,-6.64,0.8125,4.92,0.0774970704721719,4,5,0,0.125,0,4.04,0,7,0.0477597552205543,0.0477597552205543,0.1875,4.35,0.0477597552205543,0.0477597552205543,0.0477597552205543,4.44,0.75,3.95,2.98,4.75,5,5,0
"87",0.0536553177958483,0.0511015719673544,-6.64,0,0,0.062582792757534,0.0511015719673544,3.97,0.102203143934709,-3.4,4.44,8,1.28,0.0511015719673544,0,4.75,4.04,0.102203143934709,0.333333333333333,-3.4,-6.81,4.52,4.92,0,-5.55,0.875,4.04,0.0372666911234208,6,7,0,0.125,0,4.04,0,7,0.0511015719673544,0,0.625,3.95,0.153304715902063,0,0.102203143934709,4.75,0.3125,3.95,4.04,4.36,7,5,0
"88",0.0576348956715583,0.0492879689245535,1.28,0,0.0492879689245535,0.0786643150834185,0,4.35,0.147863906773661,4.92,4.29,5,4.04,0.098575937849107,0,4.75,4.04,0,0.4,4.04,4.92,4.65,4.92,0,-5.54,0.875,4.04,0.0417555578425059,7,3,0,0.0625,0,4.04,0,4,0.0492879689245535,0.0492879689245535,0,4.44,0.147863906773661,0,0.0492879689245535,4.65,0.625,4.17,-6.81,4.37,4,4,0
"89",0.0594767796809566,0,-2.57,0,0.100504848223818,0.0962595084486488,0.0502524241119091,4.75,0.0502524241119091,-4.66,4.37,6,2.35,0,0.0502524241119091,4.75,4.92,0,0.2,-5.55,4.92,4.76,-5.54,0,4.92,0.875,4.04,0.0441213155163067,3,6,0.100504848223818,0.0625,0.0502524241119091,-8.72,0,7,0.0502524241119091,0,0.25,4.29,0,0,0.100504848223818,4.35,0.5625,4.37,-5.54,4.17,5,6,0
"90",0.0419440165387278,0.055003916644739,-5.54,0,0.055003916644739,0.054892680271933,0,4.76,0,2.98,3.97,4,-6.81,0,0,4.75,0.94,0.055003916644739,0.333333333333333,-6.64,-3.4,4.44,4.04,0,4.92,0.75,4.92,0.0449852854546901,7,5,0.055003916644739,0.1875,0,-5.55,0,8,0.110007833289478,0,0.375,4.29,0.110007833289478,0.055003916644739,0.110007833289478,4.37,0.6875,4.44,0.94,4.17,5,7,0
"91",0.0782740014500904,0.0485193744699804,4.04,0,0.0485193744699804,0.0770434305928501,0,4.66,0.0485193744699804,4.92,4.17,5,-5.55,0,0,4.75,-5.55,0.0970387489399608,0.266666666666667,-6.81,-5.54,4.5,4.04,0,4.92,0.5,1.81,0.0732671397444643,5,5,0,0.0625,0,-3.4,0.0485193744699804,7,0.0485193744699804,0.0485193744699804,0.8125,4.38,0.0485193744699804,0.0485193744699804,0.0485193744699804,4.44,0.625,3.95,4.92,4.17,4,4,0
"92",0.0887004186743221,0.0531381841354583,4.04,0,0.0531381841354583,0.0436571506981322,0.0531381841354583,4.44,0.106276368270917,4.92,3.95,5,1.81,0,0,4.75,-5.54,0,0.4,-6.64,-6.81,3.95,4.92,0,4.04,0.6875,2.35,0.0448367705699849,5,4,0,0.0625,0,-5.55,0,6,0.0531381841354583,0.0531381841354583,0.9375,3.97,0.106276368270917,0,0.106276368270917,4.44,0.75,4.17,4.04,3.95,5,7,0
"93",0.083768799967792,0.0490247489812485,-3.4,0,0.0490247489812485,0.0566527777780465,0,4.76,0.0490247489812485,4.04,4.17,8,4.92,0,0,4.75,-5.55,0.147074246943746,0.466666666666667,4.92,-3.4,3.95,4.92,0,-8.72,0.6875,2.98,0.0569066167966911,4,6,0.0980494979624971,0.0625,0,-3.4,0,5,0,0,0.9375,4.37,0.0490247489812485,0.0490247489812485,0.0490247489812485,4.5,0.4375,3.95,4.92,4.76,6,4,0
"94",0.0702612955781432,0,4.04,0.050150189610175,0.050150189610175,0.0637469007683583,0.050150189610175,4.52,0,4.92,4.35,6,1.28,0.050150189610175,0.050150189610175,4.75,-3.4,0.050150189610175,0.333333333333333,-5.54,1.81,4.35,-6.81,0,-5.55,0.6875,-0.14,0.0521676525310938,4,5,0,0.1875,0,-14.92,0.10030037922035,7,0.050150189610175,0.10030037922035,0.75,4.38,0.050150189610175,0,0.050150189610175,4.44,0.5625,4.29,-2.57,4.36,4,4,0
"95",0.0737540674517404,0.0491859275360517,4.04,0.0491859275360517,0.0491859275360517,0.0752117079563374,0.0491859275360517,4.37,0,-6.81,4.6,5,4.04,0,0,4.75,-5.55,0,0.2,1.81,2.35,4.29,4.92,0,4.92,0.75,0.94,0.0661668519311429,6,7,0,0.3125,0,-14.92,0.0491859275360517,5,0.0983718550721035,0.0491859275360517,0.375,4.75,0.0983718550721035,0,0.0983718550721035,4.44,0.5625,4.17,-0.14,3.95,6,5,0
"96",0.0348475703635861,0.0505736825873139,-6.64,0,0.202294730349256,0.0695540552624852,0,4.17,0.0505736825873139,-6.81,4.37,6,2.98,0,0,4.75,-5.54,0,0.133333333333333,-6.64,4.04,4.44,-5.54,0,-5.54,0.8125,-6.64,0.0620840660514724,4,7,0,0.0625,0,-6.81,0,8,0.101147365174628,0,0.25,3.95,0.0505736825873139,0.0505736825873139,0.202294730349256,4.75,0.625,4.37,-5.54,4.37,4,4,0
"97",0.0598029842838174,0,2.33,0,0.0469456752645066,0.0542627720623344,0,4.36,0,-6.81,4.36,6,-6.81,0,0,4.75,-14.92,0,0.133333333333333,4.92,-4.66,4.44,-6.81,0.0469456752645066,-5.54,0.6875,-14.92,0.031474259239759,7,4,0.0469456752645066,0.1875,0.0469456752645066,-14.92,0.14083702579352,8,0.14083702579352,0,0.5625,4.76,0.0469456752645066,0,0.0469456752645066,4.7,0.75,4.29,-5.55,4.37,6,7,0
"98",0.0485239149741955,0.0494230758785012,-5.54,0,0.0988461517570023,0.0291424726487677,0,3.95,0.0988461517570023,1.81,4.75,4,4.92,0,0,4.75,-5.55,0,0.266666666666667,4.92,-5.54,4.17,4.92,0,-8.72,0.6875,-8.72,0.0643609927900839,4,7,0.0988461517570023,0.0625,0.0494230758785012,4.04,0,5,0,0.0494230758785012,0.875,4.63,0,0,0.0988461517570023,4.37,0.4375,4.17,-6.64,4.76,4,4,0
"99",0.0322115959216523,0,-5.55,0,0,0.0619838862023579,0.0529632883476847,4.17,0,2.98,4.36,8,-6.81,0,0,4.75,2.33,0,0.0666666666666667,4.92,-8.72,4.17,2.35,0.0529632883476847,4.92,0.625,-5.55,0.0524587987057342,5,6,0.0529632883476847,0.1875,0,4.92,0,9,0.0529632883476847,0,0.6875,4.36,0,0.0529632883476847,0.0529632883476847,4.36,0.125,4.52,-5.55,4.17,6,9,0
"100",0.0289743191745451,0.138720552245628,1.28,0,0,0.0401427817985403,0,4.35,0.0462401840818759,4.04,3.95,8,-5.55,0.0462401840818759,0.0924803681637518,4.75,2.98,0,0.4,4.92,-2.57,3.95,-5.55,0,-14.92,0.75,-8.72,0.0945628858656745,4,4,0.0462401840818759,0.0625,0,1.81,0.0462401840818759,6,0,0.0462401840818759,0.6875,3.95,0,0.0462401840818759,0.0462401840818759,4.65,0.5625,4.36,4.92,4.38,8,5,0
"101",0.0474203583323308,0,1.81,0,0.0498485230606435,0.0455714520086615,0,4.17,0,-5.55,4.35,5,-14.92,0.099697046121287,0,4.75,-6.64,0,0.266666666666667,4.92,1.28,4.38,-8.72,0,-5.54,0.875,-14.92,0.0984931838246032,4,4,0.0498485230606435,0.1875,0,1.28,0.14954556918193,4,0,0.099697046121287,0.625,4.75,0,0,0.14954556918193,4.35,0.375,4.76,1.81,4.37,5,4,0
"102",0.0519721527879603,0,2.98,0,0,0.0362241648610418,0,4.36,0.0511314180277137,-3.4,4.38,7,-6.81,0,0,4.75,4.04,0.153394254083141,0.333333333333333,4.92,-3.4,4.35,4.04,0,-3.4,0.875,0.94,0.104298963181434,4,6,0,0.1875,0,0.94,0.0511314180277137,6,0.0511314180277137,0.0511314180277137,0.5625,4.17,0.0511314180277137,0.0511314180277137,0.0511314180277137,4.66,0.4375,4.44,-14.92,4.5,5,5,0
"103",0.033625954928278,0,1.28,0,0,0.0386272197662131,0.054503091940507,4.52,0.109006183881014,-6.81,4.76,7,1.28,0.109006183881014,0.054503091940507,4.75,-3.4,0.054503091940507,0.4,-5.55,4.04,4.44,2.98,0,4.04,0.9375,4.04,0.0488017299491493,4,5,0.054503091940507,0.125,0,-2.57,0,7,0.054503091940507,0,0.75,4.66,0.109006183881014,0.109006183881014,0.054503091940507,4.65,0.4375,4.66,-8.72,4.44,5,5,0
"104",0.0400908759690134,0.10490048515361,0.94,0,0.0524502425768048,0.0498503197684334,0,3.95,0.0524502425768048,2.98,4.37,5,-5.55,0,0,4.75,-5.55,0.0524502425768048,0.466666666666667,4.92,4.04,4.17,-3.4,0,4.92,0.8125,-6.64,0.0611283195444974,5,7,0.0524502425768048,0.0625,0,4.04,0,6,0,0,0.3125,4.76,0.10490048515361,0.0524502425768048,0.10490048515361,3.97,0.5625,4.5,-5.54,3.95,5,4,0
"105",0.0347061834890143,0,2.98,0,0,0.0279156662366131,0,4.5,0,-8.72,4.75,7,-6.81,0,0.0562901976853326,4.75,-5.55,0.281450988426663,0.266666666666667,-3.4,-2.57,4.44,-3.4,0,-6.81,0.5,-5.55,0.0493263680571882,8,4,0.0562901976853326,0.0625,0,-3.4,0,8,0.112580395370665,0,0.875,4.5,0.0562901976853326,0.0562901976853326,0.112580395370665,4.66,0.625,4.5,-6.64,4.29,8,8,0
"106",0.0350732551854872,0.0546939097954363,-2.57,0.0546939097954363,0,0.043655212252562,0,4.66,0.109387819590873,-6.64,3.95,8,-0.14,0.109387819590873,0.0546939097954363,4.36,1.28,0,0.266666666666667,-5.55,1.81,3.95,0.94,0,0.94,0.75,1.28,0.0450785153379446,5,5,0,0.0625,0,-14.92,0.0546939097954363,5,0,0.0546939097954363,0.375,3.95,0,0.0546939097954363,0.0546939097954363,4.35,0.6875,3.97,4.92,3.97,4,6,0
"107",0.0616297723373187,0,-3.4,0,0,0.0544962601111253,0,4.29,0,4.04,4.63,5,2.98,0,0.0514351708628522,4.66,2.98,0.0514351708628522,0.266666666666667,4.04,-6.81,4.36,4.04,0,0.94,0.8125,-2.57,0.0617455548976233,7,5,0,0.125,0.0514351708628522,-6.81,0,7,0.154305512588557,0.0514351708628522,0.5,4.35,0.154305512588557,0.154305512588557,0,4.5,0.5625,4.44,-4.66,3.97,7,6,0
"108",0.0476714665597027,0.0533546623106789,4.04,0,0,0.0494378815527467,0.106709324621358,3.95,0.0533546623106789,-6.81,4.66,7,0.94,0,0,4.75,1.81,0,0.333333333333333,4.92,2.98,4.76,0.94,0,2.35,0.9375,4.92,0.0490470639536701,6,5,0.0533546623106789,0.1875,0,-6.64,0,8,0.0533546623106789,0.0533546623106789,0.4375,4.52,0.0533546623106789,0.106709324621358,0.106709324621358,4.44,0.625,3.97,2.98,4.52,5,4,0
"109",0.0525735877634974,0.104235617369155,-0.14,0.0521178086845776,0.0521178086845776,0.0282838057900672,0,3.95,0,-6.64,4.63,6,1.81,0,0,4.75,0.94,0,0.266666666666667,4.92,4.92,4.37,2.98,0,-5.55,0.8125,-6.81,0.0555638014480187,6,7,0,0.125,0.0521178086845776,2.98,0,6,0.0521178086845776,0.0521178086845776,0.5625,4.66,0,0.156353426053733,0.104235617369155,4.6,0.875,4.66,-4.66,4.36,4,4,0
"110",0.060103792644568,0.0491831156196059,4.92,0,0.0491831156196059,0.0431526829617053,0,4.65,0.0491831156196059,-3.4,3.97,5,-14.92,0.0491831156196059,0,4.75,4.04,0.0491831156196059,0.466666666666667,-5.55,-5.54,4.44,0.94,0,4.92,0.75,1.81,0.0800537366751338,6,4,0,0.125,0,-6.81,0.0491831156196059,7,0.0491831156196059,0.0491831156196059,0.25,4.75,0.0491831156196059,0,0.0983662312392119,4.17,0.6875,3.97,0.94,3.95,6,7,0
"111",0.0654803058563996,0,4.92,0.104611644362006,0.0523058221810029,0.0507545593780317,0.0523058221810029,4.17,0,-6.64,4.35,7,-2.57,0,0.0523058221810029,4.75,-0.14,0,0.4,2.98,2.35,4.35,-5.54,0,-0.14,0.9375,4.92,0.0440154996977016,4,5,0.104611644362006,0.3125,0,-8.72,0,5,0,0.104611644362006,0.4375,4.76,0,0.0523058221810029,0.104611644362006,4.17,0.375,4.37,1.81,4.6,6,5,0
"112",0.0529704942002426,0.0511209783475681,-2.57,0.102241956695136,0,0.0362970829801838,0,4.6,0,2.33,4.29,6,4.92,0,0.0511209783475681,4.75,-8.72,0,0.133333333333333,-5.55,-0.14,4.44,2.98,0.0511209783475681,-5.55,0.9375,4.92,0.060880827738369,5,5,0.0511209783475681,0.0625,0,-5.55,0,7,0.0511209783475681,0,0.375,4.17,0.0511209783475681,0.0511209783475681,0.0511209783475681,4.35,0.625,4.66,-6.81,4.36,5,3,0
"113",0.0654956365865547,0,4.92,0,0,0.0681635188898579,0,4.17,0.0516059825864368,-8.72,3.95,4,2.33,0,0,4.75,-4.66,0.0516059825864368,0.2,4.92,1.81,4.36,4.92,0.0516059825864368,-14.92,0.6875,-3.4,0.0357565264123699,5,7,0.0516059825864368,0.0625,0.0516059825864368,4.92,0.0516059825864368,6,0,0.0516059825864368,0.625,4.36,0,0,0.0516059825864368,4.17,0.3125,4.17,4.04,4.38,5,5,0
"114",0.0553749209546075,0,-6.81,0,0.100589733408349,0.0685141791515565,0,4.36,0,4.92,4.29,6,1.81,0,0,4.75,-5.54,0.0502948667041744,0.4,-6.81,-5.55,4.29,-3.4,0,-5.54,0.625,0.94,0.0386374389905911,5,6,0,0.0625,0,0.94,0,7,0.201179466816697,0.0502948667041744,0.8125,4.44,0.0502948667041744,0,0.0502948667041744,4.29,0.6875,4.5,-6.81,4.37,4,6,0
"115",0.0986859749652096,0,-6.81,0,0,0.0721396656669015,0.0480353407790292,4.66,0,-3.4,4.35,5,-5.55,0,0.0480353407790292,4.75,2.35,0.0480353407790292,0,-8.72,1.81,4.66,-14.92,0,-14.92,0.9375,-6.81,0.0487739621002264,6,6,0.0480353407790292,0.5,0,-2.57,0.144106022337088,6,0.0960706815580584,0.0960706815580584,0.6875,4.38,0,0.0960706815580584,0.0480353407790292,4.29,0.1875,4.38,1.81,4.38,5,7,0
"116",0.0586173828024208,0.0493405044811606,-0.14,0.0493405044811606,0,0.0827412855667932,0,4.17,0.148021513443482,4.04,4.66,4,-3.4,0,0.0493405044811606,4.75,-6.64,0.0493405044811606,0.266666666666667,4.04,-2.57,4.35,4.92,0,-6.64,0.875,4.92,0.0510932737673103,5,5,0,0.1875,0,4.04,0,6,0,0.0493405044811606,0.5625,4.75,0,0.0493405044811606,0.197362017924642,4.6,0.25,4.17,2.98,4.75,5,5,0
"117",0.114786778682239,0.0492502629709157,4.92,0.0492502629709157,0,0.0566888605169203,0.0492502629709157,4.52,0.0985005259418315,-0.14,3.95,5,-6.64,0,0,4.75,4.04,0,0.2,-6.64,4.04,4.75,4.92,0,4.92,0.6875,4.92,0.0539299731049278,5,7,0,0.0625,0,1.81,0,5,0,0.0985005259418315,0.8125,4.35,0.0492502629709157,0,0.197001051883663,4.17,0.75,3.95,4.04,4.17,7,5,0
"118",0.0464928302032544,0,4.92,0,0,0.053287169374112,0.0529936423737674,4.29,0,2.98,4.29,6,-8.72,0,0.0529936423737674,4.75,-5.55,0.105987284747535,0.133333333333333,-3.4,-8.72,4.52,-3.4,0,-6.81,0.8125,-5.55,0.0584014446061367,7,7,0.105987284747535,0.0625,0,4.92,0,6,0.158980927121302,0,0.875,4.35,0,0.0529936423737674,0.0529936423737674,4.17,0.25,4.5,-6.81,4.29,4,4,0
"119",0.067379287775714,0.0509038361472755,2.33,0,0,0.05134926275233,0,4.17,0,1.81,4.44,5,2.33,0,0.0509038361472755,4.75,-2.57,0.0509038361472755,0.2,4.92,-8.72,4.5,1.81,0.152711508441827,-4.66,0.8125,4.04,0.0789109074809436,6,7,0.0509038361472755,0.1875,0.0509038361472755,4.92,0,6,0,0.101807672294551,0.5625,4.7,0.101807672294551,0,0.0509038361472755,4.7,0.625,4.35,4.04,4.63,4,6,0
"120",0.061191308860394,0.0504727065839558,4.92,0,0,0.0733658985597651,0,4.5,0,2.98,4.29,7,-6.64,0,0.0504727065839558,4.75,-14.92,0.0504727065839558,0.133333333333333,4.92,-14.92,4.29,-6.64,0,4.92,0.625,-2.57,0.0702837342611564,5,7,0.0504727065839558,0.0625,0,-8.72,0.100945413167912,5,0.100945413167912,0,0.3125,4.44,0.0504727065839558,0.0504727065839558,0.151418119751867,4.17,0.8125,4.75,-6.81,3.95,6,8,0
"121",0.0574208973488243,0.0516308594449724,4.92,0,0,0.0445113536997061,0,4.5,0,4.92,4.5,5,0.94,0.0516308594449724,0,4.75,4.04,0.154892578334917,0.2,-8.72,-3.4,4.35,-5.55,0.0516308594449724,2.33,0.9375,-6.81,0.0720490691789223,7,7,0.0516308594449724,0.3125,0,4.92,0,4,0.0516308594449724,0.0516308594449724,0.6875,4.65,0.0516308594449724,0,0.0516308594449724,4.17,0.625,4.36,-3.4,4.7,5,5,0
"122",0.0497039219806917,0,-0.14,0.10830236537317,0.0541511826865848,0.046103464239721,0,4.6,0.0541511826865848,0.94,4.5,8,4.04,0,0,4.75,-5.54,0.162453548059754,0.2,0.94,1.81,4.5,2.98,0,0.94,0.9375,4.92,0.0725868442493494,7,7,0,0.25,0,4.04,0,5,0,0.0541511826865848,0.6875,4.5,0.0541511826865848,0.0541511826865848,0.0541511826865848,4.6,0.375,4.66,-3.4,3.97,6,3,0
"123",0.0485439512827822,0,1.81,0,0,0.0290191668070086,0,4.5,0.0554537223591243,-6.81,4.5,6,4.92,0,0,4.75,1.81,0.166361167077373,0.133333333333333,-6.81,4.04,4.35,4.04,0,4.92,0.5,0.94,0.0399308599252418,7,5,0,0.1875,0,4.04,0,8,0.110907444718249,0.166361167077373,0,4.5,0.110907444718249,0,0.0554537223591243,4.35,0.6875,4.44,-3.4,4.17,6,7,0
"124",0.0614932822991455,0,-2.57,0,0,0.049047322892079,0,4.76,0.216950016922009,4.92,3.95,5,4.92,0,0.162712512691507,4.75,-6.81,0,0.4,4.04,4.92,3.95,4.04,0,-2.57,0.6875,1.81,0.0476820569435049,5,5,0.0542375042305023,0.0625,0.0542375042305023,-2.57,0,6,0.0542375042305023,0.0542375042305023,0.75,4.63,0,0,0.0542375042305023,4.35,0.5625,3.95,4.04,4.35,5,7,0
"125",0.0608987347336448,0.0491243517324733,-6.64,0,0,0.0585097239420636,0,4.35,0.0491243517324733,-6.64,4.66,6,-8.72,0,0.196497406929893,4.75,-2.57,0,0.333333333333333,-5.55,-2.57,4.35,1.81,0,-2.57,0.9375,4.04,0.0521094360527451,7,6,0.0491243517324733,0.3125,0,4.92,0,7,0,0.14737305519742,0.1875,4.35,0,0.0491243517324733,0.14737305519742,4.75,0.6875,4.35,2.98,4.35,6,4,0
"126",0.0585832510081934,0,-6.81,0,0,0.0609613049881261,0,4.76,0.0508690907762672,4.92,4.76,6,4.04,0,0,4.75,4.04,0,0.2,0.94,4.04,4.17,4.04,0,4.04,0.625,-8.72,0.0604553300192817,7,6,0.152607272328802,0.25,0,-14.92,0.0508690907762672,7,0.0508690907762672,0.0508690907762672,0.375,4.35,0.203476363105069,0,0.0508690907762672,4.29,0.6875,4.44,-8.72,4.44,4,8,0
"127",0.0671127051887372,0,-6.81,0,0.0479911663977258,0.0614285203872688,0,4.75,0.0479911663977258,2.98,4.76,8,-6.64,0,0,4.75,-5.54,0,0.133333333333333,1.81,1.81,4.17,-6.81,0,-6.64,0.875,4.04,0.0376127049300119,5,5,0.0959823327954517,0.25,0,-8.72,0,5,0.0959823327954517,0.0959823327954517,0.3125,4.75,0,0.0479911663977258,0.239955831988629,4.29,0.1875,4.29,-8.72,4.75,5,6,0
"128",0.092734296878253,0,-2.57,0,0.04899815189299,0.0392428632865656,0,4.75,0.04899815189299,-2.57,3.95,7,4.04,0,0.19599260757196,4.75,4.04,0.04899815189299,0.266666666666667,4.04,-2.57,4.35,1.81,0,-5.54,0.8125,-14.92,0.0632639606511655,5,7,0,0.0625,0,-3.4,0.0979963037859801,5,0,0.04899815189299,0.9375,4.38,0.14699445567897,0,0.0979963037859801,4.35,0.375,4.35,4.04,4.37,7,6,0
"129",0.0871817866941783,0,-8.72,0,0,0.0656463697665505,0,4.44,0.0505010421669743,-14.92,4.75,7,4.04,0,0.0505010421669743,4.75,-2.57,0.0505010421669743,0.333333333333333,-3.4,2.98,4.44,4.92,0,4.04,0.75,1.81,0.0454463012877799,7,5,0.0505010421669743,0.0625,0,4.92,0.0505010421669743,8,0,0.0505010421669743,0.3125,3.95,0.202004168667897,0.0505010421669743,0.101002084333949,4.76,0.625,4.17,-6.64,4.44,7,6,0
"130",0.0801352005446351,0,1.81,0.0509222916859585,0.0509222916859585,0.0611089320311385,0.152766875057875,4.5,0.0509222916859585,-4.66,4.37,5,-2.57,0,0.0509222916859585,4.75,-0.14,0.0509222916859585,0.0666666666666667,2.35,-6.81,4.52,-8.72,0,4.04,0.5,1.81,0.0545752255542437,6,5,0.0509222916859585,0.0625,0.0509222916859585,2.35,0.0509222916859585,5,0.0509222916859585,0.101844583371917,0.625,4.38,0,0,0.0509222916859585,4.35,0.6875,4.76,-5.54,3.95,5,6,0
"131",0.0692948528505135,0.150481584398447,0.94,0,0,0.0740760109226517,0,3.95,0,4.04,4.38,6,1.28,0.0501605281328156,0.100321056265631,4.75,-2.57,0,0.466666666666667,1.81,4.92,4.35,4.92,0.0501605281328156,2.33,0.8125,-2.57,0.0530181052311245,5,6,0,0.125,0,4.92,0.0501605281328156,7,0,0.150481584398447,0.4375,4.35,0.0501605281328156,0,0.0501605281328156,3.97,0.625,4.17,-14.92,4.7,6,4,0
"132",0.0758620209726293,0.0518315164138823,-6.64,0,0,0.0465877665669825,0,4.36,0,4.92,4.29,4,1.81,0.0518315164138823,0.0518315164138823,4.75,-8.72,0,0.2,-6.81,-6.81,4.75,-2.57,0,-5.55,0.5625,2.98,0.0446880876068254,7,4,0.0518315164138823,0.0625,0,4.92,0,8,0.155494549241647,0.0518315164138823,0.8125,4.65,0,0.0518315164138823,0.155494549241647,4.75,0.75,4.35,-6.81,4.36,4,6,0
"133",0.0887601506404575,0.047994501316268,4.04,0,0.047994501316268,0.0541227240171498,0,4.17,0.143983503948804,-2.57,4.29,6,4.04,0,0.047994501316268,4.75,4.04,0,0.2,-6.81,4.92,4.37,4.04,0,-6.81,0.6875,1.81,0.0575967090167253,5,5,0,0.0625,0,-6.81,0,4,0.191978005265072,0.047994501316268,0,4.17,0.047994501316268,0,0.047994501316268,3.95,0.875,3.95,-6.81,4.29,5,5,0
"134",0.0498280919482792,0,-3.4,0.0503633112435308,0.100726622487062,0.0718348094526621,0,4.37,0,0.94,4.29,5,-6.81,0,0,4.75,4.92,0.0503633112435308,0.266666666666667,1.81,-5.54,4.66,4.92,0,-0.14,0.8125,-14.92,0.0555001380953797,4,5,0,0.0625,0,2.98,0.0503633112435308,6,0.151089933730593,0.0503633112435308,0.625,4.29,0,0.100726622487062,0.0503633112435308,4.5,0.3125,4.17,-6.81,4.6,4,7,0
"135",0.046186723305336,0,-5.55,0,0.0508207291542448,0.0679761286643209,0,4.63,0.0508207291542448,4.92,4.17,6,4.04,0.0508207291542448,0,4.75,4.92,0,0.266666666666667,1.28,-5.54,4.44,-8.72,0,0.94,0.875,1.81,0.0256046494638608,3,4,0.0508207291542448,0.0625,0.0508207291542448,-5.55,0,8,0,0.0508207291542448,0.75,4.66,0.0508207291542448,0.0508207291542448,0.0508207291542448,4.36,0.625,4.76,4.92,3.97,4,6,0
"136",0.043614996675083,0,0.94,0,0.0516748465839507,0.063996988918596,0.0516748465839507,4.37,0,4.92,4.52,6,-6.64,0,0,4.75,-6.81,0.0516748465839507,0.333333333333333,1.81,1.81,4.44,1.81,0,-14.92,0.875,1.81,0.0287724683896376,4,4,0,0.25,0,-3.4,0.0516748465839507,8,0.0516748465839507,0.206699386335803,0.4375,4.17,0.0516748465839507,0,0.103349693167901,3.97,0.5625,4.35,2.35,4.38,4,3,0
"137",0.0512680443283643,0.0525429450967068,-8.72,0.0525429450967068,0,0.0465974624848447,0,4.35,0.0525429450967068,0.94,4.66,8,-6.81,0,0.105085890193414,4.75,0.94,0.0525429450967068,0.466666666666667,-0.14,-2.57,3.95,-14.92,0,-3.4,0.75,-2.57,0.0277481683550792,6,7,0.0525429450967068,0.25,0,-6.64,0.0525429450967068,5,0.0525429450967068,0.0525429450967068,0.1875,3.95,0,0.0525429450967068,0.105085890193414,4.76,0.5625,4.38,2.98,4.5,5,7,0
"138",0.0462781354869159,0.0999028507795818,1.81,0,0,0.0698757220428161,0,3.95,0.0499514253897909,4.04,4.76,8,-2.57,0,0.0499514253897909,4.75,1.81,0,0.4,4.04,-6.64,4.36,-6.81,0,0.94,0.9375,4.92,0.0310986063151367,8,4,0.0499514253897909,0.125,0,2.98,0,8,0.0499514253897909,0.0999028507795818,0.625,3.95,0.0999028507795818,0.0499514253897909,0.0999028507795818,4.35,0.3125,4.29,-8.72,3.97,8,8,0
"139",0.0524506096524977,0.0483071773475388,-8.72,0,0,0.0668873405540268,0,4.44,0.0483071773475388,-2.57,3.97,6,-6.81,0,0.0483071773475388,4.75,-3.4,0.144921532042617,0.333333333333333,-3.4,2.98,3.95,-5.55,0,2.98,0.75,4.04,0.0669100522132241,6,7,0.0483071773475388,0.25,0,-3.4,0,5,0.0483071773475388,0,0.4375,3.95,0.0966143546950777,0.0966143546950777,0.0483071773475388,4.76,0.5625,4.36,0.94,4.66,5,4,0
"140",0.0716693451410869,0.0920079034276874,0.94,0,0,0.0569131746137918,0,4.76,0,-8.72,4.5,4,1.81,0.0460039517138437,0,4.75,-4.66,0.0920079034276874,0.2,4.92,-14.92,3.95,2.98,0,2.98,0.625,1.28,0.0938399090611023,4,7,0.0920079034276874,0.1875,0.0460039517138437,0.94,0.0460039517138437,3,0,0.0460039517138437,0.6875,4.5,0,0.0920079034276874,0.0460039517138437,3.97,0.5625,4.66,-3.4,4.66,3,5,0
"141",0.090485763138473,0,-5.55,0.0476729340899345,0,0.0598555498500968,0,4.5,0,-0.14,4.44,6,-5.55,0,0.0476729340899345,4.75,-8.72,0.0476729340899345,0.133333333333333,4.92,-8.72,4.76,-8.72,0,-8.72,0,-2.57,0.0823302201495081,7,8,0.286037604539607,0.1875,0,2.98,0,8,0,0,0.375,4.76,0.0476729340899345,0.0476729340899345,0.0476729340899345,4.36,0.6875,4.76,4.04,4.76,5,8,0
"142",0.0979239648967632,0,-2.57,0,0,0.0469040570869688,0,4.66,0.0501179335158777,2.33,4.5,5,1.81,0,0.0501179335158777,4.75,1.81,0.0501179335158777,0.0666666666666667,-14.92,-8.72,4.63,1.81,0.100235867031755,2.33,0,-8.72,0.036724049780239,6,7,0.150353800547633,0.375,0.0501179335158777,4.04,0.0501179335158777,5,0,0.150353800547633,0.4375,4.76,0,0.0501179335158777,0.0501179335158777,4.35,0.6875,4.35,-3.4,4.7,4,5,0
"143",0.0520149005106244,0,-4.66,0,0.049929911379325,0.064181082178017,0,4.66,0,-8.72,4.35,7,-2.57,0,0.09985982275865,4.75,-6.81,0.049929911379325,0.466666666666667,-6.64,-6.81,4.76,4.04,0,-3.4,0.875,4.04,0.0742668616159593,8,5,0.09985982275865,0.125,0.049929911379325,-6.81,0,8,0.149789734137975,0,0.8125,4.37,0.09985982275865,0.049929911379325,0.09985982275865,4.63,0.4375,4.44,-2.57,4.5,8,4,0
"144",0.0581075036504922,0.0496257963397697,4.92,0,0.0496257963397697,0.0562181095678188,0,4.75,0,-14.92,4.35,5,1.81,0,0,4.75,2.98,0.0496257963397697,0.2,-6.81,2.98,4.37,-6.81,0,-14.92,0.8125,-8.72,0.0923069784294771,5,5,0.0992515926795393,0.1875,0,-8.72,0.0992515926795393,5,0.0992515926795393,0.0992515926795393,0.4375,4.5,0,0.0992515926795393,0.0992515926795393,3.95,0.375,4.29,1.81,4.38,4,7,0
"145",0.0654796839734497,0.145999370722364,-3.4,0,0,0.0823722575286295,0,4.38,0,-6.81,4.29,7,4.92,0,0,4.75,4.92,0.194665827629819,0.466666666666667,4.92,-8.72,3.95,-5.55,0,4.92,0.625,-3.4,0.0521881369648632,5,8,0.0486664569074546,0.0625,0,-3.4,0.0486664569074546,9,0.0973329138149093,0,0.8125,4.5,0,0,0.0486664569074546,4.5,0.5625,4.36,-6.81,3.95,7,9,0
"146",0.0763609391853466,0.0467483480469481,-3.4,0,0,0.0867764529691585,0,4.66,0.0467483480469481,-14.92,4.35,8,4.92,0.0467483480469481,0,4.75,-6.64,0.0934966960938962,0.2,-3.4,1.28,3.97,2.98,0,4.04,0.9375,4.92,0.05907419919387,4,5,0.0467483480469481,0.25,0,-8.72,0.0467483480469481,8,0,0.0467483480469481,0.6875,3.95,0.0467483480469481,0.0934966960938962,0.0934966960938962,4.5,0.375,4.66,1.81,4.44,6,7,0
"147",0.0934505079108066,0,-8.72,0,0,0.0571015945395108,0,4.35,0.047960785613676,-2.57,4.29,7,-5.55,0.047960785613676,0.0959215712273521,4.75,4.04,0,0.333333333333333,-6.64,1.28,3.97,-5.55,0,0.94,0.9375,4.04,0.0558749998936107,4,4,0.047960785613676,0.0625,0,1.81,0,8,0.047960785613676,0.047960785613676,0.6875,3.97,0.047960785613676,0,0.0959215712273521,4.76,0.5625,4.36,-6.81,3.97,6,8,0
"148",0.102771504237105,0.0467121381395574,4.92,0.0467121381395574,0,0.0656804225869269,0,4.36,0.140136414418672,4.04,3.95,5,-3.4,0,0,4.75,-3.4,0.0934242762791149,0.333333333333333,-6.64,-6.81,3.97,-8.72,0,1.81,0.5625,2.98,0.0538377291423061,6,5,0.0467121381395574,0.0625,0,-0.14,0,7,0.0467121381395574,0.0467121381395574,0.8125,3.95,0,0.0467121381395574,0.0934242762791149,3.95,0.625,4.76,4.04,4.35,5,4,0
"149",0.054594172833374,0,4.04,0,0,0.0690168620860539,0,4.38,0.10348778576457,4.92,4.36,7,-14.92,0,0,4.75,2.98,0.10348778576457,0.2,1.81,-5.55,3.95,-5.55,0,-3.4,0.75,-3.4,0.0581677049322938,4,4,0,0.3125,0,-5.55,0.10348778576457,7,0,0.0517438928822849,0.375,3.95,0.0517438928822849,0.0517438928822849,0.0517438928822849,4.44,0.5625,4.36,-5.55,4.5,6,4,0
"150",0.0843487393967846,0.0492825760614853,4.04,0.0985651521229707,0.0492825760614853,0.0622568102779001,0.0985651521229707,4.76,0.0985651521229707,-3.4,3.95,5,-0.14,0.0492825760614853,0,4.75,-5.54,0.0985651521229707,0.333333333333333,2.35,-0.14,4.52,-3.4,0,1.28,0.875,-8.72,0.0729543510726501,4,7,0.0985651521229707,0.0625,0,4.04,0,5,0,0,0.25,3.97,0,0,0.0492825760614853,3.95,0.75,4.5,4.92,4.65,4,8,0
"151",0.0959290235748413,0,-0.14,0.0473084035461769,0,0.0608269000118639,0.0473084035461769,3.95,0.0473084035461769,4.04,4.5,6,-6.81,0,0.0946168070923537,4.75,-6.81,0.0473084035461769,0.266666666666667,4.92,-8.72,4.35,2.98,0,2.35,0.875,1.81,0.0894494726235648,6,6,0.0473084035461769,0.1875,0.0473084035461769,-4.66,0,4,0.0946168070923537,0.0473084035461769,0.5625,4.35,0.0473084035461769,0.0473084035461769,0.0473084035461769,4.6,0.625,4.66,-3.4,4.52,6,5,0
"152",0.0781772946171649,0.0482777011014025,2.98,0,0,0.0641028929690074,0,4.35,0,4.92,4.75,7,2.98,0,0.096555402202805,4.75,0.94,0.0482777011014025,0.2,-2.57,-3.4,4.66,4.92,0,4.04,0.75,2.98,0.0899408746230417,7,5,0,0.0625,0.0482777011014025,-4.66,0,5,0,0,0.5625,4.17,0.0482777011014025,0.19311080440561,0.096555402202805,4.66,0.4375,3.95,-6.64,4.44,6,3,0
"153",0.0790444463426541,0,-3.4,0,0.0463481038161583,0.0533510532420318,0.0463481038161583,4.63,0,4.92,4.52,5,-2.57,0,0.0926962076323166,4.75,4.04,0.0463481038161583,0.333333333333333,-6.81,1.81,4.35,2.98,0,4.92,0.75,-6.64,0.10352219655357,5,7,0,0.1875,0.0463481038161583,-5.54,0,6,0.0463481038161583,0.0463481038161583,0.6875,4.17,0.0463481038161583,0.0463481038161583,0.0926962076323166,4.5,0.5625,4.66,2.35,4.17,5,6,0
"154",0.0445692900372644,0.137111182873341,-14.92,0,0.091407455248894,0.0729764650406939,0,3.97,0,4.92,4.35,5,-5.54,0,0.045703727624447,4.75,-6.64,0.045703727624447,0.266666666666667,-5.54,-6.64,3.97,-3.4,0,-2.57,0.875,4.92,0.12430367896413,7,4,0,0.125,0,4.92,0.045703727624447,7,0,0.045703727624447,0.5625,3.97,0,0,0.137111182873341,4.38,0.6875,4.5,1.81,4.35,5,8,0
"155",0.0745322787456669,0,0.94,0,0,0.0539208116038728,0,3.97,0.0466729459081643,-6.64,3.95,8,-6.64,0,0,4.75,1.81,0,0.466666666666667,0.94,0.94,4.75,0.94,0,0.94,0.625,2.98,0.0903041652303572,6,6,0,0.0625,0,0.94,0,7,0,0.0466729459081643,0.9375,3.97,0,0.0466729459081643,0.186691783632657,3.97,0.5625,3.97,4.04,3.97,8,7,0
"156",0.0946732050194239,0.0461713890141157,0.94,0.0461713890141157,0,0.0671022022261817,0,4.6,0,-4.66,4.38,7,-8.72,0,0,4.75,-5.55,0.0461713890141157,0.266666666666667,-8.72,4.92,4.36,-6.64,0,-3.4,0.9375,-6.64,0.0610880545958503,5,6,0.0923427780282313,0.125,0.0461713890141157,-6.64,0.0461713890141157,7,0,0,0.75,4.36,0,0,0.184685556056463,3.97,0.4375,4.75,-14.92,4.5,7,5,0
"157",0.0811040095986782,0,-6.81,0,0,0.0831325373643262,0,3.95,0.0941383512633448,-6.81,4.63,4,-3.4,0,0.0470691756316724,4.75,-6.81,0.0470691756316724,0.266666666666667,-8.72,-8.72,4.35,-8.72,0,4.04,0.875,1.81,0.0829813250472623,7,3,0.141207526895017,0.3125,0.0470691756316724,-5.55,0,6,0.141207526895017,0.0470691756316724,0.375,3.97,0,0,0.0470691756316724,4.29,0.625,4.76,-4.66,3.95,6,6,0
"158",0.0752063323172742,0.0482343459950264,0.94,0.0964686919900529,0,0.0585208733326513,0,4.17,0,2.33,4.35,4,-0.14,0,0,4.75,2.98,0.0482343459950264,0.133333333333333,-5.55,-8.72,3.97,-3.4,0.0482343459950264,-5.55,0.8125,-0.14,0.090870269415013,4,5,0.0482343459950264,0.5,0,-5.55,0,8,0,0.0482343459950264,0.375,3.95,0,0.0482343459950264,0.0482343459950264,3.97,0.5625,4.5,1.81,4.36,4,5,0
"159",0.0736851139347908,0,0.94,0,0,0.0756963986302523,0.0936589404366861,4.52,0.140488410655029,2.98,3.95,5,4.04,0.0468294702183431,0.0468294702183431,4.75,2.98,0,0.266666666666667,2.35,4.04,3.95,-8.72,0,-2.57,0.9375,-6.81,0.0906777861279585,4,5,0.0936589404366861,0.0625,0,1.28,0,6,0.0468294702183431,0,0.8125,4.76,0.0468294702183431,0.0936589404366861,0.0468294702183431,3.97,0.5625,4.76,4.04,4.35,4,5,0
"160",0.0783239904544013,0,-6.64,0,0.0492662644621411,0.0836390990363018,0.0492662644621411,4.37,0,4.04,4.29,7,-3.4,0,0.0492662644621411,4.75,-3.4,0.0985325289242821,0.333333333333333,-14.92,-2.57,4.52,-5.55,0,4.92,0.9375,4.92,0.0486853247043172,5,4,0,0.0625,0,0.94,0.0492662644621411,6,0.0492662644621411,0,0.625,4.44,0.0985325289242821,0,0.0985325289242821,4.75,0.375,4.36,-6.81,4.17,7,6,0
"161",0.0493460943806609,0.0502016166960609,-6.81,0.0502016166960609,0.150604850088183,0.0519017580187617,0.0502016166960609,4.36,0,-5.54,4.17,6,-3.4,0,0.0502016166960609,4.75,2.35,0.0502016166960609,0.333333333333333,-5.54,-2.57,4.76,-0.14,0,-5.54,0.75,4.92,0.0701028167904606,5,5,0.0502016166960609,0.0625,0,-5.55,0,6,0.100403233392122,0,0.8125,4.29,0,0,0.0502016166960609,4.29,0.25,4.6,4.92,4.37,6,5,0
"162",0.0593259893556348,0.04906093449506,1.81,0.04906093449506,0.0981218689901199,0.0539706912993984,0,4.37,0,-5.54,3.97,6,4.04,0.04906093449506,0,4.75,4.92,0.04906093449506,0.333333333333333,2.98,-3.4,4.44,-5.55,0,-6.64,0.875,0.94,0.0814272838573922,5,6,0,0.3125,0,1.28,0,7,0,0.04906093449506,0.6875,4.6,0.0981218689901199,0.04906093449506,0.0981218689901199,4.35,0.375,4.36,0.94,4.75,6,4,0
"163",0.0520886137817667,0,4.92,0,0,0.0596590956764875,0,3.97,0.0967626951874947,4.04,3.97,6,4.92,0,0,4.75,-6.81,0,0.266666666666667,-6.64,2.33,4.17,-4.66,0.0483813475937474,-6.64,0.875,4.04,0.101118259108181,5,5,0.0483813475937474,0.1875,0.0483813475937474,-8.72,0,5,0.0483813475937474,0,0.6875,4.75,0,0,0.193525390374989,4.17,0.375,4.63,0.94,4.75,4,8,0
"164",0.0282869611712945,0,-6.81,0,0.0480921747019616,0.0745153876215017,0,4.35,0.0480921747019616,-8.72,4.17,6,-6.81,0.0480921747019616,0.0480921747019616,4.75,4.04,0,0.4,-2.57,4.04,4.36,-6.81,0,-6.81,0.75,-4.66,0.109217273301067,7,5,0.0480921747019616,0.0625,0.0480921747019616,1.28,0,6,0.192368698807846,0.0480921747019616,0.9375,4.37,0.0480921747019616,0,0.0480921747019616,4.29,0.3125,4.29,4.92,4.29,5,5,0
"165",0.0490373647903091,0,4.04,0,0.0983068486997029,0.0749555769786226,0,4.17,0.147460273049554,1.81,4.29,8,-5.54,0,0,4.75,4.04,0,0.2,-6.81,-5.55,3.95,-5.54,0,-4.66,0.75,0.94,0.08029992339477,6,5,0,0.0625,0.0491534243498515,4.04,0,9,0.0983068486997029,0.0491534243498515,0.4375,4.17,0.0491534243498515,0,0.0491534243498515,3.95,0.875,4.37,-6.81,4.63,8,7,0
"166",0.0380593275678156,0.0500389271698262,-2.57,0,0.0500389271698262,0.0501619591149608,0,4.17,0.150116781509479,4.92,3.95,4,4.92,0,0.0500389271698262,4.75,-3.4,0.100077854339652,0.533333333333333,-8.72,4.04,4.29,4.04,0,4.92,0.8125,-5.54,0.0726795952084521,4,5,0.0500389271698262,0.0625,0,2.98,0,6,0.0500389271698262,0,0.375,4.5,0,0.0500389271698262,0.0500389271698262,4.35,0.75,3.95,4.04,4.17,4,5,0
"167",0.0820737736973175,0,2.98,0,0.0502160690308894,0.0559165770918614,0,4.35,0,4.04,4.35,7,-2.57,0,0.100432138061779,4.75,-6.64,0.100432138061779,0.333333333333333,-6.64,0.94,4.5,-2.57,0,-5.54,0.875,-3.4,0.0398262377312816,8,5,0,0.1875,0,-6.64,0,5,0,0.150648207092668,0.5625,4.35,0.0502160690308894,0.0502160690308894,0.200864276123558,4.66,0.625,4.35,1.81,4.37,8,4,0
"168",0.0537211521764706,0,-5.55,0,0.10116368882817,0.0711289852051738,0,4.36,0.0505818444140849,-6.81,4.37,5,-5.55,0,0.0505818444140849,4.75,-2.57,0.0505818444140849,0.333333333333333,1.81,4.92,3.97,4.04,0,-3.4,0.75,-5.54,0.0294183451449921,6,4,0,0.0625,0,4.92,0,7,0.0505818444140849,0.0505818444140849,0.5625,4.17,0,0,0.0505818444140849,4.36,0.625,3.95,-5.54,4.5,7,4,0
"169",0.0509013230940136,0,4.04,0,0,0.0842664561428002,0,4.44,0.10153026417474,0.94,4.35,6,0.94,0,0,4.75,-6.81,0,0.4,4.92,4.92,4.35,-14.92,0,4.04,0.75,-14.92,0.0454340482417067,4,8,0,0.125,0,4.92,0.10153026417474,5,0.0507651320873699,0.10153026417474,0.9375,4.17,0.0507651320873699,0,0.0507651320873699,3.95,0.3125,4.38,1.81,3.95,6,6,0
"170",0.0558537696212951,0,-5.55,0.0503518052111184,0.0503518052111184,0.0935664600121541,0,4.35,0.0503518052111184,4.92,4.5,5,-4.66,0,0.0503518052111184,4.75,0.94,0.0503518052111184,0.0666666666666667,4.04,4.04,4.66,4.04,0,2.98,0.75,-0.14,0.0358594143101277,8,5,0,0.3125,0.0503518052111184,-5.54,0,5,0,0,0.5625,4.17,0.100703610422237,0.100703610422237,0.0503518052111184,4.36,0.1875,3.95,-3.4,4.66,5,5,0
"171",0.0302076067161699,0.104210397093035,-14.92,0,0,0.0486547952453146,0,4.44,0,-8.72,3.95,5,4.92,0,0,4.75,4.04,0,0.2,-8.72,-14.92,4.38,0.94,0,-5.55,0.5,2.98,0.073186953359107,5,4,0.104210397093035,0.0625,0,4.92,0.156315595639553,7,0,0,0.5625,3.97,0.104210397093035,0.0521051985465176,0.0521051985465176,4.38,0.75,3.97,4.92,4.36,5,8,0
"172",0.0430540833038662,0.0988861106748598,-8.72,0.0494430553374299,0,0.0613598934554784,0,4.6,0.0494430553374299,1.81,3.95,8,4.04,0.0494430553374299,0,4.75,4.04,0,0.2,0.94,-14.92,4.65,-14.92,0,-6.64,0.875,0.94,0.092435836296684,5,5,0.0494430553374299,0.0625,0,0.94,0.0988861106748598,7,0,0.0494430553374299,0.6875,3.95,0.0494430553374299,0,0.0988861106748598,4.76,0.375,4.38,4.92,4.75,8,6,0
"173",0.0406305021551947,0.0494533536333272,0.94,0,0,0.0579379722357705,0,4.5,0.0494533536333272,-3.4,4.7,6,-5.55,0,0,4.75,4.04,0.148360060899982,0.333333333333333,4.04,-14.92,4.36,0.94,0.0494533536333272,4.04,0.9375,4.92,0.0918217940263865,5,6,0,0.1875,0,4.92,0.0494533536333272,8,0,0,0.25,4.5,0.0989067072666544,0,0.0494533536333272,3.97,0.6875,3.97,2.33,4.44,5,7,0
"174",0.0490019653228449,0.0488720673006726,4.92,0.0488720673006726,0.0488720673006726,0.0472762854200219,0,4.17,0,1.81,4.63,4,-6.81,0,0.0488720673006726,4.75,-6.64,0,0.266666666666667,0.94,-14.92,4.6,-14.92,0,-14.92,0.8125,-2.57,0.0842350936165118,7,4,0,0.25,0.0488720673006726,-5.54,0.146616201902018,5,0.0488720673006726,0.0488720673006726,0.4375,4.17,0,0,0.0977441346013452,3.95,0.3125,4.38,-4.66,4.38,6,7,0
"175",0.0791847914059133,0.0956152729397961,4.04,0,0.0956152729397961,0.0498992585883017,0.0478076364698981,4.35,0.0478076364698981,4.04,3.95,4,1.81,0,0,4.75,4.04,0,0.6,4.92,0.94,4.37,-6.81,0,4.92,0.6875,-5.54,0.0705148921479703,5,4,0,0.0625,0,1.81,0,7,0.0478076364698981,0.143422909409694,0.75,4.52,0.0956152729397961,0,0.0478076364698981,4.44,0.5625,4.29,4.92,3.95,4,5,0
"176",0.077796855460186,0.0956120897810349,4.04,0,0.0478060448905175,0.0668985683836806,0,3.95,0,1.81,4.38,3,4.92,0.0478060448905175,0,4.75,-5.54,0,0.333333333333333,4.92,4.92,4.38,-4.66,0.0478060448905175,2.33,0.8125,-8.72,0.0568740533718213,4,7,0.0478060448905175,0.125,0.0478060448905175,4.92,0.0956120897810349,7,0,0.0478060448905175,0.625,4.65,0.0478060448905175,0,0.0478060448905175,4.44,0.75,4.63,-14.92,4.7,4,4,0
"177",0.0627347566986919,0,4.92,0.047345238869915,0.09469047773983,0.0965215490135082,0,4.35,0,-5.55,4.37,8,4.04,0,0.047345238869915,4.75,1.81,0,0.2,-0.14,4.04,4.44,0.94,0.047345238869915,2.33,0.9375,-5.54,0.0622639443676322,8,4,0,0.0625,0,0.94,0,7,0,0.09469047773983,0.3125,4.35,0.142035716609745,0,0.047345238869915,4.17,0.6875,3.97,-5.54,4.7,8,5,0
"178",0.107147932444612,0.0472561278322554,2.98,0,0.0472561278322554,0.0814750080091945,0,4.36,0,-2.57,4.63,6,0.94,0,0.0472561278322554,4.75,-5.55,0,0.2,1.81,4.92,4.17,4.92,0,-5.54,0.6875,4.92,0.0594598144366049,5,5,0,0.125,0.0472561278322554,-6.81,0,5,0.0472561278322554,0.0945122556645108,0.8125,4.35,0,0.0472561278322554,0.0472561278322554,4.66,0.3125,4.17,-4.66,4.37,7,4,0
"179",0.0748570613206877,0.0481145938031404,4.92,0,0,0.0914416439555512,0,4.38,0,-5.55,4.5,6,4.92,0,0.0481145938031404,4.75,-2.57,0.0962291876062808,0.333333333333333,-6.64,-6.81,4.5,1.81,0,0.94,0.5625,2.98,0.045064119529921,5,7,0,0.125,0,4.92,0.0481145938031404,6,0.0481145938031404,0.0481145938031404,0.8125,4.17,0,0.0481145938031404,0.0962291876062808,4.17,0.625,4.35,-3.4,3.97,5,5,0
"180",0.0736687222346412,0.0927919535764411,2.35,0,0,0.106741766917549,0.185583907152882,4.52,0.0927919535764411,4.92,3.95,6,4.92,0.0463959767882205,0.0463959767882205,4.75,4.04,0,0.2,2.98,2.35,3.95,-2.57,0,4.92,0.875,-6.81,0.0719873853304503,7,6,0,0.0625,0,1.28,0,5,0.0463959767882205,0,0.5625,4.52,0,0.0463959767882205,0.0463959767882205,4.52,0.6875,4.35,4.92,4.17,7,4,0
"181",0.0575940519539447,0.0487848720651636,-14.92,0.146354616195491,0,0.0418303510670649,0,4.6,0,-0.14,3.97,7,2.33,0,0.0487848720651636,3.95,-0.14,0.0487848720651636,0.133333333333333,4.92,-3.4,4.38,-6.81,0.0975697441303272,4.04,0.9375,-6.81,0.0916393159926519,7,4,0,0.1875,0,-2.57,0.0975697441303272,6,0.0975697441303272,0,0.625,4.7,0.0487848720651636,0,0,4.38,0.375,4.29,0.94,4.44,6,5,0
"182",0.0373943788763334,0.0499285585704174,-6.81,0,0,0.038570815276661,0,4.76,0,-8.72,3.95,7,4.04,0,0,4.17,-3.4,0.0998571171408348,0.266666666666667,-14.92,1.81,4.44,2.98,0,-3.4,0.9375,4.92,0.0892234142254699,5,5,0.149785675711252,0.0625,0,-8.72,0.0499285585704174,5,0.0499285585704174,0.0499285585704174,0.6875,4.66,0.0998571171408348,0.0998571171408348,0,4.29,0.4375,4.66,4.92,4.5,8,4,0
"183",0.0441769331882323,0.0523195760511892,4.92,0.0523195760511892,0.0523195760511892,0.0329943472539818,0,4.63,0,2.98,4.35,4,-6.64,0,0.0523195760511892,4.75,-6.81,0.0523195760511892,0.133333333333333,-6.81,4.92,3.95,4.92,0,-3.4,0.875,-6.81,0.0972663052237223,5,6,0,0.125,0.0523195760511892,-0.14,0,4,0.156958728153568,0,0.375,4.37,0,0.0523195760511892,0.104639152102378,4.17,0.4375,4.17,-2.57,4.5,5,5,0
"184",0.0546961085396504,0,-4.66,0,0,0.016771668530809,0.0523425357669464,4.38,0.0523425357669464,4.04,4.35,7,2.98,0,0.261712678834732,4.75,4.04,0.0523425357669464,0.133333333333333,-2.57,-2.57,4.35,-14.92,0,-3.4,0.875,-2.57,0.0891659280845262,6,4,0,0.5,0.0523425357669464,2.35,0.104685071533893,7,0.0523425357669464,0,0.5625,4.29,0.0523425357669464,0.0523425357669464,0.0523425357669464,4.63,0.3125,4.38,-2.57,4.5,6,5,0
"185",0.0635809821906459,0,-0.14,0.0507109929613111,0.0507109929613111,0.0942051517295296,0.101421985922622,4.44,0.0507109929613111,4.04,4.52,6,-6.64,0,0.152132978883933,4.75,-5.54,0,0.333333333333333,-5.55,-5.55,4.35,-2.57,0,-2.57,0.9375,-6.81,0.0401713619602597,5,7,0,0.25,0,2.35,0,5,0.0507109929613111,0,0.1875,3.95,0.101421985922622,0,0.101421985922622,4.6,0.625,4.35,2.35,4.35,7,6,0
"186",0.0601502564174204,0.0491134817149542,4.04,0.0491134817149542,0.0491134817149542,0.0709006053845949,0.0491134817149542,3.95,0,2.35,4.66,5,-8.72,0,0,4.75,-5.54,0,0.133333333333333,-6.81,-0.14,4.36,-14.92,0,-6.81,0.875,-5.55,0.0920327990904168,7,5,0.0491134817149542,0.1875,0,-5.55,0.0491134817149542,7,0.147340445144863,0,0.375,4.29,0.0491134817149542,0.0491134817149542,0.0491134817149542,4.44,0.5625,4.38,2.98,4.29,5,8,0
"187",0.0607832129235326,0,-14.92,0.0516052924079627,0,0.0887440753731699,0.0516052924079627,4.36,0,-4.66,4.5,4,2.35,0,0,4.75,4.04,0.103210584815925,0,-3.4,-5.55,4.6,-5.55,0,-14.92,0,4.04,0.0336899588946551,5,7,0.0516052924079627,0.5,0.0516052924079627,1.81,0.103210584815925,5,0,0.0516052924079627,0.5625,4.76,0.103210584815925,0,0.0516052924079627,4.38,0.75,4.36,-3.4,4.38,4,7,0
"188",0.068951349510657,0,-14.92,0,0,0.0903989203138209,0,4.5,0.100486728171001,-5.55,4.38,4,4.04,0,0,4.75,-14.92,0.0502433640855005,0,4.04,4.92,4.36,-8.72,0,-14.92,0.9375,-6.64,0.0285995227302287,5,7,0.0502433640855005,0.125,0,-6.81,0.251216820427503,7,0.0502433640855005,0,0.5625,4.38,0,0,0.100486728171001,4.38,0.8125,4.76,-14.92,4.38,5,6,0
"189",0.0673768219056551,0.0518564418737908,4.04,0,0,0.0897189035084009,0,4.76,0.155569325621372,-6.81,4.7,5,4.04,0.0518564418737908,0,4.75,2.98,0,0.133333333333333,4.92,0.94,3.97,-4.66,0.0518564418737908,-6.81,0.5,4.04,0.0258249713397552,5,5,0.0518564418737908,0.1875,0.0518564418737908,4.04,0,8,0.103712883747582,0,0.6875,4.65,0.0518564418737908,0.0518564418737908,0.0518564418737908,4.44,0.625,4.63,2.33,4.29,8,6,0
"190",0.0878747355149354,0,-6.64,0.0508549460283985,0,0.0807317307113349,0.0508549460283985,4.7,0,-5.55,4.38,6,2.35,0,0,4.75,-8.72,0.0508549460283985,0.0666666666666667,4.04,4.92,4.17,-0.14,0.0508549460283985,-6.64,0.625,-8.72,0.0245692785968302,5,7,0.101709892056797,0.125,0,-5.55,0.0508549460283985,6,0,0,0.375,4.5,0.0508549460283985,0,0.152564838085195,4.75,0.875,4.6,-14.92,4.75,5,4,0
"191",0.059022250237893,0.0513836107478585,-5.54,0,0.0513836107478585,0.0614078388940973,0,4.5,0,1.81,4.44,7,-5.55,0.0513836107478585,0.102767221495717,4.75,-2.57,0.0513836107478585,0.466666666666667,1.81,-6.81,4.35,4.92,0,1.28,0.9375,4.92,0.0682964082073968,6,5,0,0.125,0,4.04,0,5,0.0513836107478585,0.154150832243576,0.25,4.35,0.102767221495717,0,0.0513836107478585,4.37,0.4375,3.95,4.04,4.65,6,5,0
"192",0.0467348823028369,0,-6.81,0,0.0485684471462467,0.0540856812631901,0.0485684471462467,4.37,0.0971368942924933,2.35,4.17,4,4.04,0.0485684471462467,0,4.75,-6.81,0.0485684471462467,0.2,4.92,1.28,4.17,-3.4,0,2.98,0.875,4.04,0.115528956144986,6,8,0,0.0625,0,-6.81,0,7,0.14570534143874,0,0.4375,4.66,0,0.0971368942924933,0.0485684471462467,4.29,0.6875,4.5,4.92,4.66,5,6,0
"193",0.0736191412062891,0,4.92,0,0.0447601165378897,0.0564021216281746,0,4.38,0.0447601165378897,-8.72,4.66,7,2.33,0,0,4.75,0.94,0,0.133333333333333,1.81,-4.66,4.38,-5.55,0.0447601165378897,-14.92,0.9375,-5.54,0.135115662306314,7,7,0.0447601165378897,0.375,0.0447601165378897,4.04,0.134280349613669,8,0,0.0447601165378897,0.4375,4.17,0,0.0447601165378897,0.0447601165378897,4.17,0.3125,4.36,2.98,4.38,6,5,0
"194",0.0473390210483132,0.0975388764916269,-0.14,0.0487694382458135,0.0487694382458135,0.0585109415421403,0.0487694382458135,4.65,0,2.98,4.37,7,-6.64,0.0487694382458135,0.0487694382458135,4.75,4.04,0,0.133333333333333,2.35,-8.72,4.36,4.92,0,-6.64,0.6875,-2.57,0.0991229508886393,8,3,0.0975388764916269,0.0625,0,4.92,0,5,0,0,0.5625,4.76,0.0487694382458135,0.0487694382458135,0.14630831473744,4.6,0.8125,3.95,-5.54,4.75,8,6,0
"195",0.0561463938764236,0.050486872070594,1.28,0.050486872070594,0.050486872070594,0.0657571578008535,0,4.6,0.050486872070594,4.92,4.65,4,-4.66,0.100973744141188,0.050486872070594,4.75,-2.57,0,0.4,4.04,4.92,3.95,4.04,0,-5.55,0.75,4.92,0.0754479293533708,5,5,0,0.125,0.100973744141188,-4.66,0,6,0,0,0.4375,4.37,0.050486872070594,0,0.050486872070594,4.65,0.6875,4.44,1.28,4.36,5,5,0
"196",0.0558112405789666,0.0458717370655516,-8.72,0.0458717370655516,0,0.0773213092676123,0,4.5,0.0917434741311031,4.04,4.5,4,0.94,0.0458717370655516,0,4.75,0.94,0.0917434741311031,0.466666666666667,-6.81,-0.14,4.65,4.92,0,4.04,0.75,-14.92,0.0838974335480358,5,6,0.0458717370655516,0.1875,0,1.81,0.0458717370655516,4,0.0917434741311031,0.0458717370655516,0.9375,4.29,0,0,0.0458717370655516,4.76,0.5625,3.95,-3.4,3.95,5,5,0
"197",0.066601622913508,0,2.98,0,0.0509141511348699,0.0539850722230189,0,4.17,0,1.81,4.37,7,-3.4,0,0.0509141511348699,4.75,1.81,0.0509141511348699,0.133333333333333,-2.57,2.98,4.76,-5.55,0,-6.81,0.8125,0.94,0.0531657752141395,4,4,0.0509141511348699,0.0625,0,0.94,0,5,0.0509141511348699,0.10182830226974,0.5625,4.17,0,0.10182830226974,0.0509141511348699,4.66,0.375,4.36,-5.54,4.29,5,4,0
"198",0.0527703630411761,0,-6.64,0,0,0.050464062652959,0.0506103595449109,4.5,0.0506103595449109,0.94,3.95,8,-2.57,0,0.0506103595449109,4.75,-6.81,0.151831078634733,0.333333333333333,-5.55,-3.4,4.76,-6.81,0,-3.4,0.875,2.35,0.049960628748827,5,5,0.0506103595449109,0.0625,0,4.04,0,7,0.101220719089822,0,0.75,4.36,0.0506103595449109,0,0.101220719089822,4.75,0.375,4.29,4.04,4.5,7,6,0
"199",0.0851066114141286,0.101050900962961,1.28,0,0.0505254504814805,0.0457940362482716,0,4.75,0.101050900962961,4.92,3.95,6,-8.72,0.0505254504814805,0.0505254504814805,4.75,4.92,0.101050900962961,0.533333333333333,4.92,4.04,4.5,-2.57,0,1.81,0.875,-5.54,0.0444568224057605,5,4,0.0505254504814805,0.0625,0,-3.4,0,7,0,0.0505254504814805,0,3.95,0.0505254504814805,0,0.101050900962961,4.65,0.4375,4.35,4.04,4.35,4,5,0
"200",0.0843805390468327,0.0498991951355232,-14.92,0.0997983902710464,0.0498991951355232,0.0613988512772104,0,4.36,0,4.92,4.17,7,-5.55,0.0997983902710464,0,4.75,-5.54,0,0.133333333333333,1.28,-6.81,4.6,-6.64,0,-0.14,0.75,-14.92,0.0628351956287455,7,6,0,0.0625,0,1.28,0.0997983902710464,4,0.0498991951355232,0,0.625,4.17,0,0,0.0997983902710464,4.38,0.375,4.75,4.92,4.6,8,4,0
"201",0.074802979873556,0.0482053796911761,4.92,0,0,0.0815403154900688,0,3.97,0.0482053796911761,4.92,4.76,8,-6.64,0.0482053796911761,0.0482053796911761,4.75,-5.55,0,0.133333333333333,-6.64,-8.72,4.35,1.28,0,4.04,0.5,0.94,0.0573288535138412,8,7,0.0964107593823521,0.1875,0,4.92,0,8,0,0,0.875,3.97,0,0,0.144616139073528,4.17,0.6875,4.65,-8.72,3.95,5,7,0
"202",0.0861314203827797,0.0472719976180104,4.92,0.0945439952360207,0.0472719976180104,0.0681259157157306,0,4.36,0,-6.64,4.36,5,-0.14,0.0472719976180104,0,4.75,4.04,0,0.0666666666666667,1.28,4.92,4.36,-5.54,0,-0.14,0.6875,-5.55,0.0526223012430337,4,5,0,0.125,0,-14.92,0.0945439952360207,5,0,0,0.625,4.38,0.0472719976180104,0,0.0945439952360207,4.17,0.875,4.37,-5.55,4.6,4,7,0
"203",0.116915532262989,0.0470832429705604,4.04,0.0470832429705604,0.0470832429705604,0.0529101066589228,0,3.97,0,4.92,4.6,4,4.92,0,0,4.75,4.92,0,0.133333333333333,-14.92,-5.54,4.38,2.98,0,-6.81,0.875,4.92,0.0561783363075486,4,7,0,0.125,0,4.92,0.0941664859411209,8,0.0470832429705604,0,0.625,4.44,0.0941664859411209,0.0470832429705604,0.0470832429705604,4.44,0.75,4.66,-0.14,4.29,4,4,0
"204",0.0756882174466965,0,1.81,0,0.099124600310018,0.0754203688399983,0.049562300155009,4.5,0.099124600310018,-5.54,4.36,7,4.04,0.049562300155009,0,4.75,2.35,0.099124600310018,0.333333333333333,4.92,-6.81,4.5,4.04,0,1.28,0.6875,-5.55,0.0461229792343859,8,6,0,0.125,0,-6.81,0,5,0.099124600310018,0.049562300155009,0.875,4.37,0,0,0.049562300155009,4.35,0.625,3.95,-5.55,4.65,8,4,0
"205",0.0790503709051132,0,-6.81,0,0.043769081369833,0.128606482107372,0,4.5,0,-14.92,4.44,6,-3.4,0,0.043769081369833,4.75,-14.92,0.131307244109499,0.266666666666667,0.94,4.92,4.38,-14.92,0,-2.57,0.75,2.98,0.0625387248298033,6,6,0,0.125,0,-3.4,0.175076325479332,5,0.043769081369833,0,0.6875,4.37,0.043769081369833,0.043769081369833,0.043769081369833,4.29,0.375,4.38,4.04,4.35,6,4,0
"206",0.111768424496958,0,0.94,0,0.0473216950677654,0.0494143873819844,0.0473216950677654,4.35,0.0473216950677654,2.35,3.97,7,2.98,0,0.0473216950677654,4.75,-5.54,0.0473216950677654,0.6,-3.4,-6.64,4.17,-2.57,0,1.81,0.9375,-6.64,0.0531011542311453,6,7,0,0.125,0,4.04,0,6,0,0.0946433901355307,0.3125,3.95,0.0473216950677654,0.0473216950677654,0.141965085203296,3.97,0.4375,4.35,0.94,4.35,6,4,0
"207",0.0409300282860885,0,-5.55,0,0.0490940562176477,0.108719621035094,0,3.95,0.0490940562176477,-3.4,3.97,4,-14.92,0,0,4.75,1.81,0.0981881124352954,0.133333333333333,4.92,-4.66,4.36,-3.4,0,-5.54,0.8125,2.98,0.0332685596188226,5,4,0,0.1875,0.0490940562176477,2.98,0.0490940562176477,7,0,0.0490940562176477,0.5625,4.17,0,0.0981881124352954,0.0490940562176477,4.36,0.6875,4.5,0.94,4.37,4,4,0
"208",0.0613432496199929,0,-3.4,0,0.0494723094609834,0.0835410301736824,0.0494723094609834,4.35,0.0494723094609834,-3.4,4.63,5,4.92,0,0,4.75,0.94,0.14841692838295,0.333333333333333,4.04,2.35,4.37,4.04,0,1.81,0.625,-14.92,0.0472749446368339,4,5,0,0.1875,0.0494723094609834,-5.55,0.0494723094609834,8,0,0.0989446189219668,0.375,4.5,0.0494723094609834,0,0.0494723094609834,4.5,0.6875,4.44,-4.66,4.35,3,7,0
"209",0.0693175219196675,0.10275475537714,-5.54,0.0513773776885702,0.0513773776885702,0.0448020031019521,0,4.36,0.0513773776885702,0.94,4.38,5,-3.4,0,0,4.75,-6.81,0.10275475537714,0.266666666666667,-0.14,4.04,4.5,-6.81,0,4.92,0.75,-8.72,0.0448288861256392,4,7,0.0513773776885702,0.125,0,4.92,0.0513773776885702,7,0.10275475537714,0,0.1875,3.95,0,0,0.0513773776885702,4.37,0.625,4.29,-14.92,4.17,5,5,0
"210",0.0679290398559359,0,4.92,0,0.0535777304192979,0.0453222702549197,0,4.36,0,-3.4,4.7,6,-6.81,0.0535777304192979,0.0535777304192979,4.75,-2.57,0.107155460838596,0.266666666666667,-5.55,4.04,4.65,4.92,0.0535777304192979,-14.92,0.75,-3.4,0.0525619973227445,7,6,0,0.25,0,-5.54,0.0535777304192979,4,0.0535777304192979,0,0.4375,4.17,0.0535777304192979,0,0.0535777304192979,4.17,0.625,4.17,2.33,4.38,5,4,0
"211",0.086986367816325,0.0513267216930431,-6.81,0.0513267216930431,0.0513267216930431,0.0425033638480908,0,4.36,0.0513267216930431,4.92,4.35,5,4.04,0.0513267216930431,0.0513267216930431,4.75,-14.92,0,0.4,4.92,-5.55,4.29,1.28,0,-2.57,0.625,-0.14,0.0549759334094141,5,4,0,0.1875,0,4.04,0.0513267216930431,6,0.102653443386086,0.0513267216930431,0.875,4.37,0.0513267216930431,0,0.0513267216930431,4.29,0.4375,4.65,1.81,4.35,4,5,0
"212",0.110076555092365,0.048000100864464,-2.57,0,0,0.0476817359754191,0,4.36,0.144000302593392,0.94,4.38,7,4.92,0,0.048000100864464,4.75,-5.55,0.048000100864464,0.266666666666667,2.98,4.04,4.17,4.04,0,4.92,0.6875,-3.4,0.0901801092194517,5,6,0,0.125,0,-6.64,0.048000100864464,6,0,0,0.8125,3.95,0,0.048000100864464,0.096000201728928,4.35,0.5625,3.95,-14.92,4.17,4,4,0
"213",0.0743747074633611,0.0499277955162662,4.92,0,0.0499277955162662,0.0681124902191755,0,4.44,0.0998555910325324,4.92,4.35,4,4.04,0,0,4.75,-5.55,0,0.4,-5.54,0.94,4.35,1.81,0,4.92,0.75,4.04,0.0551315999455638,6,6,0.0499277955162662,0.1875,0,-8.72,0,4,0.0499277955162662,0.149783386548799,0.875,4.29,0.0499277955162662,0,0.0499277955162662,4.17,0.625,4.35,1.81,3.95,5,7,0
"214",0.0561543841384469,0.0558669185451294,4.92,0,0,0.029258184600041,0,4.29,0.0558669185451294,4.92,4.36,7,-3.4,0,0,4.75,-5.55,0.0558669185451294,0.133333333333333,-8.72,4.04,4.29,-5.55,0,-6.81,0.8125,-6.81,0.0378635925663327,4,4,0.0558669185451294,0.125,0,4.92,0,5,0.223467674180518,0,0.6875,3.95,0,0,0.0558669185451294,4.17,0.25,4.36,-5.55,4.29,6,4,0
"215",0.0588453062220846,0.050625928569983,-6.64,0,0,0.0536166632768599,0,4.44,0,-5.55,4.76,6,-5.55,0,0.151877785709949,4.75,-6.81,0,0.333333333333333,-5.55,-2.57,3.97,-2.57,0,4.92,0.875,-2.57,0.0810894718527835,4,8,0.050625928569983,0.4375,0,-5.55,0,7,0.050625928569983,0,0.3125,4.75,0.050625928569983,0,0.151877785709949,4.75,0.6875,4.35,-8.72,3.95,7,8,0
"216",0.040345260984509,0.054061336134652,0.94,0,0,0.0432101309756588,0,4.29,0,-5.55,4.35,7,-5.55,0,0.216245344538608,4.75,-2.57,0,0.333333333333333,-5.55,-5.55,4.35,-6.64,0,-6.64,0.8125,-2.57,0.0552154510064475,9,4,0,0.375,0,4.92,0,8,0.054061336134652,0,0.25,4.44,0.054061336134652,0,0.162184008403956,3.97,0.75,4.75,-2.57,4.75,8,7,0
"217",0.0563608154208095,0,-5.55,0,0.0495432371921925,0.0344842434223842,0.0495432371921925,4.35,0,-2.57,4.52,8,-5.55,0,0.0495432371921925,4.75,-5.55,0.0495432371921925,0.266666666666667,-6.81,-3.4,4.17,1.81,0,-5.54,0.75,-5.55,0.0915468106816485,5,9,0,0.1875,0,-14.92,0.0495432371921925,8,0.0990864743843851,0.0990864743843851,0.5625,4.29,0,0,0.0495432371921925,4.36,0.6875,4.35,2.35,4.37,7,9,0
"218",0.0447879809097554,0,2.98,0,0,0.0464545749072454,0.0529470607755718,4.52,0.105894121551144,-6.64,3.95,8,-6.81,0,0.0529470607755718,4.75,1.81,0.105894121551144,0.133333333333333,4.04,4.92,4.35,-6.64,0,-3.4,0.5,-3.4,0.0766965809203895,9,5,0,0.0625,0,2.98,0.0529470607755718,9,0.0529470607755718,0.0529470607755718,0.75,4.38,0,0.105894121551144,0.158841182326715,4.66,0.875,4.75,4.04,4.5,8,9,0
"219",0.0523866173840704,0.0493194365866573,2.98,0,0.0493194365866573,0.0517509795224453,0,4.35,0.0986388731733145,4.92,3.95,4,4.04,0,0.0493194365866573,4.75,-6.64,0.0493194365866573,0.133333333333333,-5.54,-5.55,4.5,-6.64,0,-6.81,0.6875,-14.92,0.0864520240445836,8,5,0,0.0625,0,4.04,0.0493194365866573,4,0.0493194365866573,0,0.75,4.66,0,0.0986388731733145,0.147958309759972,4.66,0.8125,4.75,4.92,4.29,8,6,0
"220",0.0368081341998395,0,-6.81,0.101432287822562,0,0.0524240477472173,0,4.38,0,-0.14,4.6,7,0.94,0.101432287822562,0,4.75,-3.4,0.152148431733842,0.133333333333333,1.28,-14.92,4.5,0.94,0,-5.55,0.9375,-6.64,0.0719967038571347,6,8,0,0.5,0,1.28,0.101432287822562,8,0.0507161439112808,0,0.3125,4.5,0,0,0.101432287822562,4.29,0.625,3.97,-0.14,4.36,7,8,0
"221",0.0533107710760024,0,0.94,0.0474503279695587,0,0.0452619270996448,0,3.97,0,-2.57,4.17,8,-6.81,0.0474503279695587,0.0474503279695587,4.75,-0.14,0,0.333333333333333,1.81,-6.81,4.44,-8.72,0,4.04,0.5,0.94,0.106650452442885,8,8,0.0474503279695587,0.0625,0,4.04,0,8,0.0949006559391175,0.0474503279695587,0.875,4.65,0.142350983908676,0,0.0474503279695587,3.97,0.625,4.76,4.92,4.44,8,8,0
"222",0.0319013481372553,0,-3.4,0,0.0488107278621299,0.0410272572213474,0,4.29,0,-6.81,4.5,8,-3.4,0,0,4.75,4.04,0.14643218358639,0.466666666666667,-6.81,4.92,4.36,-5.55,0,-5.55,0.8125,-5.54,0.086250933005089,7,6,0,0.125,0,0.94,0,8,0.19524291144852,0,0.625,4.29,0.0488107278621299,0,0.0488107278621299,4.5,0.375,4.36,-3.4,4.36,7,8,0
"223",0.0415507142599218,0.0492000908203225,4.04,0,0.0984001816406451,0.0454674224175467,0,4.17,0.0984001816406451,-6.81,4.37,7,4.92,0,0.0984001816406451,4.75,4.92,0,0.266666666666667,-5.54,-2.57,4.38,4.04,0,-5.55,0.875,4.04,0.0836767505857874,6,4,0,0.0625,0,-2.57,0.0492000908203225,6,0.0492000908203225,0,0.625,4.75,0.0492000908203225,0,0.0984001816406451,4.44,0.375,3.95,-5.54,4.36,7,4,0
"224",0.0639528477230973,0,-8.72,0,0,0.045639250686894,0,4.38,0,-14.92,4.17,7,-14.92,0,0,4.75,4.92,0,0.2,-14.92,-6.81,4.35,4.92,0,4.92,0.875,-6.81,0.0541799071071447,5,6,0.097521691534348,0.0625,0,-5.55,0.195043383068696,8,0.097521691534348,0.048760845767174,0.3125,4.76,0,0,0.048760845767174,4.76,0.625,4.17,4.92,4.17,6,8,0
