"","PAC.S","PAC.C","PAC.Y","S8","PAC.3","PAC.W","CTD.C_large","PAC.1","S5","AAindex.ANDN920101_7","S10","H.6","AAindex.ANDN920101_11","H.11","CTD.C_small","H.15","PAC.2","H.12","S14","PAC.F","PAC.H","H.4","AAindex.ANDN920101_14","PAC.M","CTD.D_medium_1st","H.13","PAC.L","S9","AAindex.ANDN920101_6","PAC.K","AAindex.ANDN920101_1","PAC.N","H.5","CTD.D_medium_75.","H.9","H.10","CTD.D_small_75.","S3","H.2","CTD.T_medium_large","CTD.D_small_25.","PAC.D","H.8","S7","AAindex.ANDN920101_10","PAC.A","H.14","H.7","S11","PAC.Q","CTD.D_large_75.","AAindex.ANDN920101_15","AAindex.ANDN920101_3","AAindex.ANDN920101_4","AAindex.ANDN920101_5","PAC.I","AAindex.ANDN920101_9","PAC.P","S15","CTD.D_large_1st","H.1","AAindex.ANDN920101_13","PAC.E","AAindex.ANDN920101_8","AAindex.ANDN920101_12","S4","PAC.T","AAindex.ANDN920101_2","H.3","S1","CTD.D_medium_50.","PAC.R","PAC.G","S12","CTD.D_small_1st","class"
"1",0.143307453041078,0.0955383020273855,0,8,0.0682853691794386,0.0955383020273855,0.25,0.099481577804771,8,4.44,8,-3.4,4.7,2.33,0.5,-8.72,0.107358823672725,-3.4,8,0,0,-14.92,4.65,0.0477691510136927,0.0625,-5.54,0,8,4.5,0,3.95,0,2.35,0.8125,-3.4,-6.81,0.875,8,-8.72,0.0666666666666667,0.375,0.0955383020273855,2.33,8,4.29,0,1.28,4.04,8,0.0477691510136927,0.6875,4.76,4.65,4.38,4.52,0.0477691510136927,4.5,0.0477691510136927,8,0.25,4.92,4.37,0.0477691510136927,4.7,4.5,8,0,4.76,1.28,6,0.625,0.0477691510136927,0,8,0.125,1
"2",0.147376532389206,0.0982510215928039,0,7,0.104077472111176,0.0982510215928039,0.25,0.0823168104781207,8,4.29,6,-3.4,4.65,1.28,0.5,4.92,0.0682765388497292,-8.72,7,0,0,4.04,4.65,0.0491255107964019,0.4375,4.04,0.0491255107964019,7,4.5,0,4.38,0,2.33,0.9375,-3.4,-5.54,0.8125,8,2.35,0.0666666666666667,0.375,0.0491255107964019,2.33,7,4.37,0,1.28,-6.81,7,0.0491255107964019,0.5,4.17,4.5,4.44,4.7,0,4.5,0.0982510215928039,7,0.0625,-14.92,4.44,0.0491255107964019,4.7,4.76,8,0,4.52,-3.4,8,0.625,0.0491255107964019,0,7,0.1875,1
"3",0.098207864740835,0.098207864740835,0,7,0.125579582016233,0.098207864740835,0.1875,0.0648273303977237,8,4.75,7,-3.4,4.7,2.33,0.4375,2.98,0.0635061951361535,-2.57,7,0.0491039323704175,0,-5.54,4.65,0,0.0625,-8.72,0.0491039323704175,7,4.5,0,3.95,0.0491039323704175,4.92,0.625,-3.4,-6.81,0.8125,8,-2.57,0.133333333333333,0.1875,0.0491039323704175,2.33,7,4.29,0,1.28,-6.64,7,0.0491039323704175,0.9375,4.66,4.65,4.37,4.17,0,4.5,0,8,0.5,4.04,4.76,0.0491039323704175,4.7,4.35,8,0.098207864740835,4.35,1.28,7,0.3125,0,0,7,0.125,1
"4",0.24055477679929,0.0481109553598581,0,7,0.123619425659071,0.144332866079574,0.25,0.093379333509317,8,4.5,7,0.94,4.7,2.33,0.6875,-3.4,0.0464462903146895,-3.4,8,0,0,1.81,4.7,0,0,-3.4,0,7,3.97,0.0481109553598581,3.97,0,-8.72,0,-3.4,1.28,0.75,8,1.81,0,0.25,0.0481109553598581,2.33,8,4.65,0.0962219107197162,2.33,-3.4,7,0,0.875,4.5,4.36,4.35,4.76,0,4.5,0,8,0.1875,0.94,4.5,0,4.7,4.5,8,0,4.35,-5.55,8,0,0,0.0962219107197162,8,0.0625,1
"5",0.249693841497869,0.0998775365991474,0,7,0.0677297709074409,0.149816304898721,0.25,0.0840826834341461,8,4.65,8,-3.4,4.7,2.33,0.625,-14.92,0.080564207651794,-3.4,7,0,0,-3.4,4.65,0,0.8125,4.04,0,8,4.5,0,4.35,0,2.33,0,-3.4,-3.4,0.75,8,-8.72,0,0.1875,0.0499387682995737,2.33,7,4.5,0.0499387682995737,1.28,1.28,8,0,0.9375,4.38,3.97,4.5,4.7,0,4.5,0,7,0.3125,1.81,3.95,0,4.7,4.5,8,0,4.76,0.94,8,0.8125,0.0499387682995737,0.0499387682995737,8,0.0625,1
"6",0.240343294093039,0.0961373176372157,0,8,0.117839543838817,0.144205976455824,0.25,0.0791227605523596,8,4.5,8,-3.4,4.65,1.28,0.5625,4.92,0.0667433663017472,-14.92,7,0,0,1.28,3.97,0,0.625,1.81,0,8,4.5,0,4.5,0,2.33,0,-3.4,4.04,0.8125,8,2.33,0,0.25,0,2.33,8,3.95,0.0480686588186078,0.94,-3.4,8,0,0.75,3.95,4.5,4.65,4.7,0.0480686588186078,4.5,0,7,0.125,-3.4,4.35,0,4.7,4.38,8,0,4.7,-3.4,7,0.9375,0.0480686588186078,0.0480686588186078,8,0.0625,1
"7",0.200244772444314,0.100122386222157,0,8,0.115630531272973,0.150183579333236,0.25,0.0472744822987462,8,4.65,8,-6.64,4.7,2.33,0.5,-3.4,0.0682263951917432,-3.4,8,0,0,-5.55,4.65,0,0.0625,-3.4,0,8,4.75,0.0500611931110786,3.95,0.100122386222157,2.33,0.625,-3.4,-6.64,0.875,8,-8.72,0.133333333333333,0.4375,0.0500611931110786,2.33,8,4.75,0,1.28,1.28,8,0,0.6875,4.5,3.97,4.36,4.7,0.0500611931110786,4.5,0,8,0.25,4.92,4.5,0,4.7,4.5,8,0,4.76,0.94,8,0.375,0,0.0500611931110786,8,0.125,1
"8",0.201065752781755,0.100532876390877,0,7,0.100645795408653,0.150799314586316,0.375,0.0976140718227279,8,4.75,7,-3.4,4.65,1.28,0.4375,-14.92,0.0423838758764211,-3.4,7,0,0,1.28,4.38,0,0.1875,0.94,0,7,4.5,0.0502664381954386,4.36,0.100532876390877,2.33,0,-3.4,-3.4,0.75,8,2.33,0.133333333333333,0.375,0,2.33,7,4.5,0,-14.92,-6.64,7,0,0.9375,4.38,4.75,4.65,4.7,0,4.5,0,5,0.0625,-5.55,3.97,0,4.7,4.5,8,0,4.7,-6.64,8,0.4375,0.100532876390877,0.0502664381954386,7,0.25,1
"9",0.206758600193825,0.103379300096913,0,8,0.0528517042075907,0.103379300096913,0.125,0.0799067557334676,8,4.5,8,-3.4,4.7,2.33,0.625,-8.72,0.0858747780118846,-2.57,8,0,0,-6.81,4.65,0,0.0625,-2.57,0.0516896500484563,8,4.5,0,3.95,0,4.92,0.3125,-3.4,-3.4,0.875,8,-8.72,0,0.375,0.103379300096913,2.33,7,4.5,0,1.28,-3.4,8,0,0,4.76,4.65,4.29,4.17,0.0516896500484563,4.5,0,8,0.5,4.92,4.35,0.0516896500484563,4.7,4.35,8,0.103379300096913,4.76,1.28,6,0.25,0,0,8,0.125,1
"10",0.189154861423927,0.0945774307119635,0,7,0.10309671209038,0.0945774307119635,0.125,0.0846222044719007,8,4.5,8,-3.4,4.65,1.28,0.625,-5.54,0.0977635586957898,-8.72,8,0,0,-3.4,4.65,0,0.0625,4.04,0.0472887153559817,7,4.5,0,4.29,0,2.33,0.9375,-2.57,-2.57,0.8125,8,4.92,0,0.375,0.0472887153559817,2.33,7,4.35,0,1.28,-3.4,8,0.0472887153559817,0,4.37,4.5,4.5,4.7,0,4.35,0.0472887153559817,8,0.3125,-6.81,4.44,0.0472887153559817,4.7,4.76,8,0.0945774307119635,4.17,-3.4,8,0.125,0,0,8,0.1875,1
"11",0.197082547551655,0.0492706368879138,0,8,0.116277778660517,0.147811910663741,0.1875,0.0368102286514187,8,4.44,8,-3.4,4.7,2.33,0.6875,-3.4,0.102972624308543,-2.57,8,0,0,0.94,4.65,0,0.625,-3.4,0,8,4.5,0,4.35,0,2.33,0,-3.4,-6.81,0.8125,8,-8.72,0.0666666666666667,0.1875,0.0985412737758275,2.33,7,4.29,0.0492706368879138,1.28,4.04,8,0,0.6875,4.5,4.76,3.97,4.7,0,4.5,0.0492706368879138,8,0.3125,1.81,4.5,0.0492706368879138,4.7,4.35,8,0.0492706368879138,4.76,-8.72,8,0.625,0,0.0492706368879138,8,0.0625,1
"12",0.144383126300123,0,0,7,0.0972578585290143,0.144383126300123,0.4375,0.0578859949566343,8,3.97,7,0.94,4.7,2.33,0.4375,-3.4,0.0369620897999339,-3.4,8,0.0481277087667076,0.0481277087667076,-5.54,4.7,0,0.25,4.04,0,7,3.97,0.0481277087667076,4.38,0,-8.72,0,-3.4,-4.66,0.8125,8,2.98,0.0666666666666667,0.375,0.0481277087667076,2.33,7,4.63,0,2.33,0.94,7,0.0481277087667076,0.6875,4.5,4.36,4.37,4.76,0,4.5,0.0481277087667076,8,0.0625,-14.92,4.44,0,4.7,4.5,8,0,4.66,-5.55,7,0.25,0.0481277087667076,0.0962554175334151,8,0.3125,1
"13",0.238067350989798,0.0476134701979596,0,8,0.0528238383252742,0.142840410593879,0.25,0.101655074935567,8,4.63,9,-3.4,4.7,2.33,0.625,-3.4,0.0880681158261151,-3.4,8,0,0.0476134701979596,0.94,4.65,0,0.0625,-3.4,0,8,4.5,0,4.37,0,2.33,0,-3.4,4.04,0.875,8,-8.72,0,0.25,0.0476134701979596,2.33,8,4.44,0,1.28,-4.66,8,0.0476134701979596,0.6875,4.5,3.97,3.97,4.7,0,4.5,0.0476134701979596,8,0.3125,-5.54,4.5,0,4.7,4.5,8,0,4.76,0.94,8,0.0625,0,0.0952269403959192,8,0.125,1
"14",0.0887676165311596,0.0443838082655798,0,4,0.098693647010084,0.133151424796739,0.1875,0.0782079907797258,8,4.44,6,0.94,4.7,2.33,0.5625,-3.4,0.090092665054584,-8.72,7,0,0,0.94,4.65,0,0.0625,4.92,0,5,3.97,0,3.95,0.0443838082655798,2.33,0.8125,-3.4,4.04,0.875,8,-6.64,0,0.375,0.0443838082655798,2.33,5,4.44,0,1.28,4.04,7,0,0.6875,4.5,3.97,3.97,4.7,0.0887676165311596,4.5,0.0887676165311596,7,0.3125,4.92,3.95,0,4.7,4.76,8,0,4.75,0.94,7,0.125,0,0.133151424796739,6,0.1875,1
"15",0.0969520790584156,0.145428118587623,0.0484760395292078,7,0.0927577191812361,0.0969520790584156,0.3125,0.0390003753104997,8,4.35,7,-0.14,4.7,2.33,0.5625,-3.4,0.102408325846484,-2.57,7,0.0484760395292078,0.0484760395292078,-8.72,4.65,0,0.625,-3.4,0,7,4.6,0,4.65,0,-4.66,0,-2.57,-5.54,0.875,8,2.98,0.0666666666666667,0.25,0.0484760395292078,2.33,8,4.37,0.0484760395292078,1.28,1.81,7,0.0484760395292078,0.6875,4.5,4.65,4.76,4.63,0,4.35,0,8,0.125,1.28,4.5,0,4.7,4.35,8,0.0969520790584156,4.66,1.28,7,0.625,0,0,7,0.0625,1
"16",0.0942146305558576,0.0942146305558576,0.0471073152779288,8,0.0692804475029879,0.0942146305558576,0.3125,0.0932270722505999,7,4.37,8,-2.57,4.65,1.28,0.5625,1.28,0.0409308601270322,-3.4,8,0,0.0471073152779288,1.81,4.35,0,0.4375,-5.55,0,8,4.35,0.0471073152779288,4.76,0,2.33,0,-2.57,-3.4,0.875,8,-4.66,0.0666666666666667,0.375,0.0471073152779288,2.33,8,4.5,0.0471073152779288,-2.57,-5.54,8,0.0471073152779288,0.8125,4.65,4.6,4.35,4.7,0,4.35,0,8,0.125,-8.72,4.36,0,4.7,4.5,7,0.141321945833786,4.63,-0.14,8,0.4375,0,0,8,0.0625,1
"17",0.188861021411861,0.0472152553529653,0,6,0.0317138753307772,0.141645766058896,0.1875,0.100176169152037,7,4.37,8,0.94,4.7,2.33,0.5625,-3.4,0.0929461671552517,-3.4,7,0,0,4.04,4.7,0,0.125,-3.4,0,7,3.97,0,4.5,0.0472152553529653,-8.72,0.4375,0.94,1.28,0.8125,8,-6.64,0.0666666666666667,0.3125,0.0472152553529653,2.33,5,4.65,0.0472152553529653,2.33,-5.54,8,0.0472152553529653,0.875,4.5,4.35,3.95,4.76,0,3.97,0,7,0.5,-3.4,4.5,0,4.7,4.5,7,0,4.75,1.81,8,0.25,0,0.0944305107059305,8,0.0625,1
"18",0.135222201878315,0.090148134585543,0,6,0.0832839466439485,0.135222201878315,0.1875,0.0994986874340634,8,4.65,5,0.94,4.7,2.33,0.625,-8.72,0.0835830152503571,-3.4,5,0,0,-5.54,4.65,0,0.0625,-2.57,0,6,3.97,0,3.95,0,2.33,0,-3.4,-3.4,0.875,8,-8.72,0.0666666666666667,0.375,0.090148134585543,2.33,7,4.5,0,1.28,1.28,4,0.0450740672927715,0.6875,4.76,3.97,4.37,4.7,0,4.5,0,6,0.3125,4.04,4.35,0,4.7,4.5,8,0.0450740672927715,4.76,0.94,7,0.25,0,0.090148134585543,5,0.125,1
"19",0.138044791623265,0.0920298610821767,0.0460149305410883,7,0.0961314002885093,0.138044791623265,0.25,0.0448522662563001,7,4.5,7,-3.4,4.65,1.28,0.625,-0.14,0.0856175782495453,-8.72,8,0,0,1.28,4.35,0,0.0625,1.81,0,7,4.5,0,4.37,0,2.33,0,-3.4,-2.57,0.8125,7,2.33,0.0666666666666667,0.375,0.0460149305410883,2.33,7,4.35,0.0460149305410883,-2.57,-3.4,7,0.0460149305410883,0.9375,4.6,3.97,4.65,4.7,0,4.5,0,8,0.125,-5.54,4.35,0,4.7,4.76,7,0.0920298610821767,4.7,0.94,7,0.0625,0,0.0460149305410883,8,0.1875,1
"20",0.0459154118490811,0.0918308236981622,0,7,0.101071893478121,0.0459154118490811,0.125,0.107107373427768,8,4.44,7,0.94,4.65,1.28,0.625,4.92,0.0271287336345932,-8.72,8,0.0459154118490811,0,-8.72,4.65,0,0.0625,4.04,0.0918308236981622,7,3.97,0,4.17,0,2.98,0.9375,-3.4,-8.72,0.8125,8,4.92,0,0.375,0.137746235547243,2.33,8,4.76,0,1.28,4.04,8,0,0,3.95,3.97,4.76,4.66,0.0459154118490811,4.5,0.0918308236981622,8,0.3125,4.92,4.44,0,4.7,4.76,8,0,4.17,0.94,8,0.125,0,0.0918308236981622,8,0.1875,1
"21",0.0450886611815566,0.0901773223631131,0,7,0.0488865380975817,0.13526598354467,0.25,0.104971369269564,7,3.97,7,0.94,4.7,2.33,0.5625,-6.81,0.0751020985120443,0.94,7,0,0,-6.81,4.7,0.0450886611815566,0.25,4.04,0,7,3.97,0,4.65,0,2.35,0,-3.4,0.94,0.75,8,1.28,0.133333333333333,0.1875,0,2.33,8,3.97,0,2.33,0.94,7,0,0.875,4.29,4.44,4.29,4.52,0,4.5,0.0901773223631131,7,0.3125,1.28,4.44,0.0901773223631131,4.7,3.97,8,0,4.65,4.04,8,0.9375,0,0.180354644726226,8,0.0625,1
"22",0.0908010040684177,0.0454005020342089,0,8,0.103527296037767,0.136201506102627,0.25,0.1011722362689,7,3.97,8,-3.4,4.7,2.33,0.5625,-3.4,0.0630858665319723,-6.81,8,0,0,0.94,4.65,0.0454005020342089,0.0625,4.04,0,8,4.5,0,4.29,0,2.33,0,0.94,4.04,0.875,7,2.35,0.133333333333333,0.375,0,2.33,8,4.44,0,1.28,0.94,8,0,0.6875,4.5,3.97,3.97,4.7,0,3.97,0.0908010040684177,8,0.125,-6.81,4.44,0.0908010040684177,4.7,4.29,7,0,4.52,0.94,6,0.75,0,0.181602008136835,8,0.1875,1
"23",0.0954663920524909,0.0954663920524909,0,8,0.0857682181240516,0.143199588078736,0.1875,0.0537082837569552,8,4.44,7,0.94,4.65,1.28,0.625,1.28,0.0756499996153153,-3.4,8,0,0,0.94,4.35,0,0.5625,4.04,0,7,3.97,0,3.97,0,2.33,0,-6.81,4.04,0.875,8,2.33,0.0666666666666667,0.25,0,2.33,8,4.44,0,-2.57,4.04,7,0,0.5,4.65,4.5,3.97,4.7,0,4.29,0.0954663920524909,7,0.125,0.94,3.95,0.0477331960262454,4.7,4.5,8,0.0477331960262454,4.7,-3.4,8,0.8125,0,0.143199588078736,8,0.0625,1
"24",0,0.0480919466464772,0,7,0.0766749444477489,0.144275839939431,0.25,0.0956105749664461,8,4.35,7,0.94,4.7,2.33,0.625,-2.57,0.0418188151654664,0.94,8,0,0.0480919466464772,-2.57,4.7,0,0.0625,4.04,0,7,3.97,0,3.95,0,-4.66,0,1.81,-2.57,0.8125,8,1.28,0,0.25,0,2.33,7,4.35,0.0961838932929543,2.33,1.81,8,0,0.875,4.35,4.44,4.35,4.63,0,4.35,0.0961838932929543,7,0.3125,4.04,4.44,0,4.7,3.97,8,0.144275839939431,4.65,4.04,7,0.0625,0,0.0961838932929543,8,0.125,1
"25",0.0479334022359817,0.0479334022359817,0,7,0.0411505943164672,0.143800206707945,0.25,0.0947536025841483,7,4.35,8,1.81,4.7,2.33,0.6875,-3.4,0.0685140016317747,-2.57,7,0,0.0479334022359817,1.81,4.65,0,0,4.04,0,8,4.35,0,4.35,0,2.33,0,0.94,4.04,0.8125,8,-4.66,0,0.25,0,2.33,7,4.44,0.0958668044719633,1.28,-2.57,7,0,0.6875,4.5,3.97,4.35,4.7,0,3.97,0.0958668044719633,8,0.125,-2.57,4.44,0,4.7,4.35,8,0.143800206707945,4.63,0.94,7,0,0,0.0958668044719633,7,0.0625,1
"26",0.0464054517396421,0.0464054517396421,0,8,0.0821414801503604,0.0928109034792842,0.125,0.0843650199406226,8,3.97,8,0.94,4.7,2.33,0.6875,-3.4,0.104531416261321,0.94,8,0,0,4.04,3.95,0,0.25,4.04,0,8,3.97,0,4.44,0,1.81,0,0.94,4.04,0.75,8,1.28,0,0.1875,0,2.33,8,4.44,0.0464054517396421,4.04,0.94,8,0,0,4.5,4.44,3.95,4.35,0,3.97,0.185621806958568,7,0.5,4.04,4.44,0,4.7,3.97,8,0,4.65,4.04,7,0.875,0,0.185621806958568,8,0.0625,1
"27",0.046070896382193,0.046070896382193,0,8,0.078139743281692,0.092141792764386,0.125,0.0541298273550056,8,4.44,8,0.94,3.95,4.04,0.6875,4.04,0.104663410289134,-3.4,7,0,0,0.94,4.65,0,0.0625,4.04,0,8,3.97,0,3.95,0,2.33,0,0.94,4.04,0.8125,8,1.81,0,0.25,0,2.33,8,4.44,0.046070896382193,1.28,4.04,8,0,0,4.44,3.97,3.97,4.7,0,3.97,0.184283585528772,7,0.3125,4.04,4.44,0,4.7,4.5,8,0,4.35,0.94,8,0.6875,0,0.184283585528772,8,0.125,1
"28",0.0952138922927392,0.0476069461463696,0,7,0.0976692807821935,0.142820838439109,0.1875,0.0933036659870148,7,4.5,8,-8.72,4.7,2.33,0.5,4.92,0.0357824570026818,-3.4,7,0,0,-6.81,4.65,0,0.0625,4.04,0,8,4.76,0,3.95,0,2.33,0.9375,0.94,-6.81,0.8125,8,-8.72,0.133333333333333,0.375,0.0952138922927392,2.33,7,4.29,0,1.28,-3.4,8,0,0.6875,3.95,3.97,4.29,4.7,0.0476069461463696,3.97,0.0476069461463696,7,0.3125,4.04,4.44,0.0952138922927392,4.7,4.5,8,0,4.76,0.94,8,0.625,0,0.0952138922927392,8,0.125,1
"29",0.0871761890184009,0.0435880945092004,0,7,0.0994025883116408,0.130764283527601,0.3125,0.0834817943986813,8,4.29,6,0.94,4.65,1.28,0.375,-6.64,0.103258667716648,4.92,5,0,0,-3.4,4.38,0,0.0625,-14.92,0,7,3.97,0,4.29,0.0435880945092004,2.33,0.9375,-3.4,4.04,0.6875,8,2.33,0.266666666666667,0.25,0.0435880945092004,2.33,7,4.44,0,-14.92,-6.81,5,0,0.875,4.75,4.76,4.5,4.7,0.0435880945092004,4.5,0.0435880945092004,6,0.125,-6.81,4.38,0.0871761890184009,4.7,3.95,8,0,4.7,-8.72,7,0.75,0.0871761890184009,0.0435880945092004,4,0.1875,1
"30",0.13931766702798,0.0464392223426601,0,8,0.0876086436441297,0.13931766702798,0.3125,0.0912969506030931,8,4.5,8,0.94,4.7,2.33,0.5,0.94,0.105371694857207,-3.4,8,0,0.0464392223426601,4.92,4.7,0,0.25,-2.57,0.0464392223426601,8,3.97,0.0464392223426601,4.63,0,-5.55,0,-3.4,-6.81,0.8125,8,1.28,0.133333333333333,0.375,0,2.33,8,4.29,0,2.33,-3.4,8,0,0.875,3.97,4.44,4.17,4.36,0,4.5,0.0464392223426601,8,0.0625,-4.66,4.35,0.0464392223426601,4.7,4.5,8,0.0464392223426601,4.65,4.04,6,0.625,0,0.0928784446853202,8,0.125,1
"31",0.142566195882136,0.0475220652940454,0,7,0.0593528856284065,0.142566195882136,0.3125,0.0477827215138394,7,4.29,8,-3.4,4.7,2.33,0.4375,2.35,0.116954446541342,0.94,8,0,0,-3.4,4.65,0.0475220652940454,0.0625,4.92,0.0950441305880907,8,4.5,0.0475220652940454,4.17,0,2.33,0.8125,-3.4,-2.57,0.75,8,-5.55,0.133333333333333,0.25,0,2.33,6,4.35,0,1.28,-6.81,7,0,0.9375,4.52,3.97,4.5,4.7,0,4.5,0,8,0.125,4.92,4.17,0.0475220652940454,4.7,3.97,8,0.0475220652940454,4.36,0.94,8,0.4375,0,0.0950441305880907,7,0.1875,1
"32",0.148603451322829,0.099068967548553,0,8,0.0447915540564449,0.148603451322829,0.25,0.115098411519582,8,4.35,8,-3.4,4.65,1.28,0.5625,1.28,0.041788265311547,2.35,8,0,0,-6.81,4.44,0.0495344837742765,0.25,4.04,0.0495344837742765,8,4.5,0,4.5,0,2.33,0,0.94,4.92,0.875,8,2.33,0.0666666666666667,0.375,0,2.33,8,4.17,0,4.04,-2.57,8,0,0.75,4.65,4.5,4.29,4.7,0,3.97,0.099068967548553,8,0.125,-3.4,4.44,0.0495344837742765,4.7,4.52,7,0.0495344837742765,4.7,-3.4,8,0.625,0,0.0495344837742765,8,0.0625,1
"33",0.18299242776647,0.0457481069416176,0,7,0.0589062404103619,0.137244320824853,0.3125,0.0771672251041315,7,4.17,8,-3.4,4.7,2.33,0.5625,-3.4,0.120571728106303,1.81,8,0,0,-14.92,4.65,0,0.4375,4.04,0.0457481069416176,7,4.5,0,4.38,0,2.33,0,-3.4,-2.57,0.875,8,-3.4,0.0666666666666667,0.375,0,2.33,5,4.35,0.0457481069416176,1.28,4.92,8,0,0.6875,4.5,4.44,4.38,4.7,0,4.5,0.0914962138832351,8,0.0625,-14.92,4.44,0,4.7,4.35,8,0.0457481069416176,4.5,4.04,9,0.4375,0.0914962138832351,0,8,0.125,1
"34",0.152104040311378,0.101402693540918,0,8,0.0240043618833387,0.152104040311378,0.25,0.0696295096515713,8,4.35,7,-3.4,4.65,1.28,0.5625,1.28,0.110683787513233,-3.4,7,0,0,4.92,4.35,0,0.25,4.04,0.0507013467704592,7,4.5,0,4.38,0,2.33,0,1.81,4.04,0.875,7,2.33,0.0666666666666667,0.4375,0,2.33,8,4.44,0.0507013467704592,-2.57,-2.57,7,0,0.5,4.65,4.5,4.17,4.7,0,4.35,0.0507013467704592,8,0.0625,-14.92,3.95,0,4.7,4.5,8,0.101402693540918,4.7,-3.4,8,0.8125,0.0507013467704592,0,7,0.1875,1
"35",0.04801700012179,0.04801700012179,0.04801700012179,7,0.0695973500658612,0.04801700012179,0.375,0.0439375211074141,4,4.17,8,0.94,4.65,1.28,0.3125,-5.55,0.0890088125453083,4.92,8,0.04801700012179,0.04801700012179,-4.66,4.75,0,0.3125,0.94,0.0960340002435801,8,3.97,0.04801700012179,4.5,0.04801700012179,-5.54,0.875,-14.92,-0.14,0.8125,7,2.98,0.2,0.1875,0,2.33,4,4.6,0.04801700012179,-6.64,4.92,7,0.04801700012179,0.9375,4.36,4.35,4.63,4.37,0,4.38,0,8,0.125,-3.4,3.97,0,4.7,4.17,6,0,4.66,1.81,8,0.75,0.04801700012179,0.0960340002435801,7,0.0625,1
"36",0.0487984572058563,0,0,8,0.099721315585634,0,0.0625,0.0763009702512377,8,4.29,8,0.94,4.37,-5.54,0.625,-14.92,0.0302757008136825,0.94,8,0,0,-3.4,3.97,0,0.0625,4.04,0,8,3.97,0,4.37,0,4.92,0.6875,4.04,0.94,0.8125,8,-2.57,0,0.25,0.0487984572058563,4.04,8,3.97,0,0.94,-6.81,8,0.0975969144117127,0,4.38,4.76,4.5,3.95,0.0487984572058563,4.44,0.146395371617569,8,0.9375,-5.54,4.44,0.0487984572058563,4.44,3.97,8,0.0487984572058563,4.35,-8.72,8,0.4375,0.0487984572058563,0.195193828823425,8,0.125,1
"37",0.0919205050322879,0.0919205050322879,0,7,0.0728442285352587,0.0919205050322879,0.25,0.0665484042302846,8,4.17,8,1.28,4.7,2.33,0.4375,-3.4,0.113099196717636,2.35,8,0,0,-6.81,3.95,0.045960252516144,0.0625,-8.72,0.045960252516144,8,4.65,0.045960252516144,3.95,0,-5.55,0.875,-3.4,4.04,0.8125,8,1.28,0.133333333333333,0.1875,0.045960252516144,2.33,8,4.44,0,4.04,4.92,8,0,0.75,4.5,3.97,4.29,4.36,0,4.5,0.045960252516144,8,0.3125,4.04,4.76,0.045960252516144,4.7,4.52,8,0,4.65,0.94,7,0.4375,0,0.045960252516144,8,0.125,1
"38",0.0483430802284077,0.0966861604568155,0,8,0.0828925700804403,0.0966861604568155,0.125,0.069380415471156,7,4.35,5,1.28,4.7,2.33,0.4375,-3.4,0.0875029834851094,4.92,8,0,0,-6.81,3.97,0,0.125,-8.72,0.0966861604568155,6,4.65,0,4.65,0,4.92,0.75,-2.57,-6.81,0.875,7,4.92,0.133333333333333,0.375,0.0483430802284077,2.33,8,4.29,0,0.94,-2.57,7,0.0483430802284077,0,4.5,4.37,4.29,4.17,0.0483430802284077,4.35,0,8,0.5,1.28,4.76,0.0966861604568155,4.7,3.95,7,0.0966861604568155,4.17,-5.54,8,0.3125,0,0.0483430802284077,7,0.0625,1
"39",0,0.0977734181198882,0,8,0.0766499802773196,0.0977734181198882,0.375,0.0273317777540778,8,4.35,7,1.28,4.7,2.33,0.4375,-8.72,0.0900854587645173,2.98,6,0.0488867090599441,0.0488867090599441,4.04,3.95,0,0.0625,-8.72,0,7,4.65,0.0488867090599441,4.75,0.0488867090599441,-14.92,0,-2.57,-5.55,0.8125,8,1.28,0,0.25,0.0977734181198882,2.33,8,4.36,0,4.04,-2.57,7,0,0.75,4.76,4.63,4.44,4.38,0,4.35,0.0488867090599441,6,0.1875,-6.64,4.76,0,4.7,4.66,8,0.0977734181198882,4.65,-4.66,7,0.875,0.0488867090599441,0,7,0.125,1
"40",0.0485661075160893,0.0971322150321785,0,6,0.0935687656767796,0.0971322150321785,0.125,0.0745679701829341,7,4.35,6,1.28,4.7,2.33,0.4375,-3.4,0.0189223117222796,4.92,6,0,0,-6.81,3.97,0,0.125,-8.72,0.0971322150321785,6,4.65,0,4.65,0,4.92,0.75,-2.57,-6.81,0.875,7,4.92,0.133333333333333,0.375,0.0485661075160893,2.33,7,4.29,0,0.94,-2.57,6,0.0485661075160893,0,4.5,4.37,4.29,4.17,0.0485661075160893,4.35,0,6,0.5,1.28,4.76,0.0971322150321785,4.7,3.95,7,0.0971322150321785,4.17,-5.54,7,0.3125,0,0.0485661075160893,6,0.0625,1
"41",0,0.0912981221738259,0,7,0.0492376959063981,0.0912981221738259,0.3125,0.0882228323655082,7,4.35,4,1.28,4.7,2.33,0.5,-8.72,0.0907720205298474,2.98,5,0.0456490610869129,0.0456490610869129,4.04,3.95,0,0.0625,-8.72,0,6,4.65,0,4.75,0.0456490610869129,-14.92,0,-2.57,-2.57,0.8125,8,1.28,0,0.375,0.0912981221738259,2.33,8,4.35,0,4.04,-2.57,5,0,0.75,4.76,4.63,4.44,4.38,0,4.35,0.0456490610869129,7,0.1875,-6.64,4.76,0,4.7,4.66,7,0.136947183260739,4.65,-4.66,7,0.875,0.0456490610869129,0,6,0.125,1
"42",0.186112540344958,0,0,8,0.0792380392120824,0,0,0.0969999809401393,8,4.5,8,-2.57,3.97,0.94,0.9375,-2.57,0.0832224891851353,4.04,7,0,0,-3.4,4.35,0,0,0.94,0,8,4.35,0,4.35,0,-2.57,0,-2.57,-3.4,0.75,8,-3.4,0,0.25,0,-2.57,8,4.5,0.0465281350862394,-2.57,-3.4,8,0,0,4.35,4.35,4.5,4.35,0,4.35,0.0465281350862394,7,0,-2.57,3.97,0,4.35,4.44,7,0.325696945603676,4.5,1.81,7,0,0,0.0930562701724788,8,0.0625,1
"43",0.091647458676405,0,0,8,0.0893362677017464,0,0,0.0381820767116514,8,4.5,8,4.04,4.35,-2.57,0.75,4.92,0.0905778309329453,-2.57,7,0,0,-2.57,4.35,0,0.0625,-3.4,0,8,4.44,0,3.95,0,-2.57,0.9375,4.04,4.04,0.75,8,4.04,0,0.3125,0,4.04,8,4.44,0,-2.57,-3.4,7,0,0,3.95,3.97,4.35,4.35,0.0458237293382025,3.95,0.18329491735281,7,0,4.04,4.5,0,4.44,4.35,8,0.229118646691012,4.44,0.94,8,0.5625,0,0.0458237293382025,7,0.125,1
"44",0.189700910834196,0,0,8,0.0868361134597703,0,0,0.11312655122014,8,4.35,8,-3.4,4.44,4.04,0.9375,-2.57,0.0209536118130757,-2.57,7,0,0,-2.57,4.5,0,0,-2.57,0,8,4.5,0,4.5,0,-2.57,0,-3.4,1.81,0.75,8,1.81,0,0.25,0,-2.57,8,4.35,0.0948504554170978,-3.4,-2.57,8,0,0,4.35,4.44,4.35,4.35,0,4.5,0.0948504554170978,6,0,-3.4,4.35,0,4.35,4.35,8,0.331976593959842,4.35,4.04,7,0,0,0,8,0.0625,1
"45",0.0881791126713554,0.0440895563356777,0,7,0.0664974684810268,0,0.1875,0.105160996504347,7,4.44,4,-4.66,3.95,4.92,0.375,0.94,0.0950655415607682,-6.81,5,0,0.0881791126713554,-6.81,4.17,0,0.25,-4.66,0.0440895563356777,5,4.63,0,4.65,0,-3.4,0.875,4.04,-3.4,0.9375,6,-14.92,0.133333333333333,0.1875,0,-6.81,8,4.5,0.0440895563356777,4.92,4.04,4,0,0.8125,3.97,4.35,4.29,4.5,0.0440895563356777,3.95,0.0440895563356777,6,0.125,1.28,4.63,0.132268669007033,4.29,4.29,6,0,4.38,1.81,6,0.6875,0.0440895563356777,0.0440895563356777,4,0.0625,1
"46",0.142389219840583,0.0949261465603884,0,8,0.0958026388818408,0.0949261465603884,0.125,0.0874661285006496,6,4.17,8,-3.4,4.7,2.33,0.5,0.94,0.0777570379909049,0.94,7,0,0,-6.81,4.65,0,0.0625,4.92,0.142389219840583,8,4.5,0,4.17,0,4.04,0.8125,-3.4,-3.4,0.875,7,-8.72,0.0666666666666667,0.375,0.0474630732801942,2.33,7,4.5,0,1.28,4.92,8,0,0,3.97,4.65,4.29,3.95,0,4.5,0,8,0.5,4.92,4.17,0.0474630732801942,4.7,3.97,5,0,4.76,1.28,7,0.3125,0,0.0949261465603884,7,0.125,1
"47",0.191523439763033,0,0.0478808599407583,7,0.0750728989676939,0.0957617198815167,0.1875,0.0620715320331683,8,4.35,8,0.94,4.7,2.33,0.5625,4.04,0.0724406193104282,-3.4,8,0,0,-0.14,4.44,0,0.3125,-8.72,0,7,3.97,0,3.97,0,-5.54,0.9375,-3.4,-6.81,0.8125,8,-3.4,0.133333333333333,0.1875,0.0478808599407583,2.33,7,4.29,0,4.04,-2.57,8,0.0478808599407583,0.6875,3.95,4.5,4.6,4.37,0,4.5,0.0478808599407583,8,0.25,0.94,4.76,0.0478808599407583,4.7,4.5,8,0.0478808599407583,4.5,-3.4,8,0.625,0,0.0957617198815167,8,0.0625,1
"48",0.184860740892948,0.0924303704464742,0.0462151852232371,8,0.0890394157165975,0.0924303704464742,0.1875,0.110896047502323,6,4.75,7,-3.4,4.7,2.33,0.5625,-3.4,0.0379122818394245,-3.4,7,0,0,4.92,4.65,0,0.0625,1.81,0,7,4.5,0,4.29,0.0462151852232371,-0.14,0.4375,-3.4,4.04,0.875,6,-2.57,0.133333333333333,0.375,0,2.33,8,4.44,0.0462151852232371,1.28,-6.64,7,0,0.6875,4.5,4.65,3.95,4.6,0.0462151852232371,4.5,0.0462151852232371,8,0.3125,-6.81,4.35,0.0462151852232371,4.7,4.5,6,0.0462151852232371,4.35,1.28,7,0.25,0,0,7,0.125,1
"49",0.282931167173465,0.0471551945289109,0.0471551945289109,7,0.0508622318474628,0.0943103890578217,0.1875,0.0819468845389368,7,4.44,7,-3.4,4.65,1.28,0.625,-2.57,0.0841246630318327,-3.4,8,0,0,-6.64,4.5,0,0.0625,-3.4,0,7,4.5,0,3.95,0.0471551945289109,2.33,0,-3.4,1.81,0.875,8,-0.14,0.133333333333333,0.4375,0,2.33,7,4.35,0.0471551945289109,-3.4,4.04,7,0,0.5,4.35,4.5,4.75,4.7,0.0471551945289109,4.5,0.0471551945289109,8,0.125,4.92,4.5,0,4.7,4.5,8,0.0471551945289109,4.6,-3.4,8,0.25,0,0,8,0.1875,1
"50",0.190967890427476,0.0954839452137379,0,7,0.0813052208190493,0.0954839452137379,0.1875,0.0935026579901864,7,4.29,7,-3.4,4.7,2.33,0.625,-3.4,0.0757236561260666,-3.4,8,0,0,-2.57,4.65,0.0477419726068689,0.4375,4.04,0,7,4.5,0,4.5,0,2.35,0,4.92,-2.57,0.875,7,-2.57,0.133333333333333,0.1875,0,2.33,7,4.35,0,1.28,-6.81,8,0,0.6875,4.5,4.65,4.35,4.52,0.0477419726068689,3.95,0.0477419726068689,8,0.3125,-3.4,4.44,0.0477419726068689,4.7,4.5,7,0.143225917820607,4.35,1.28,8,0.5625,0,0,8,0.0625,1
"51",0.192170839552874,0.0960854197764369,0,7,0.0812872532920527,0.0960854197764369,0.1875,0.0441214157179875,6,4.35,7,4.92,4.65,1.28,0.5625,1.28,0.0735456791581679,-3.4,8,0,0,-6.81,4.5,0.0480427098882184,0.25,4.92,0,7,3.95,0,4.35,0,2.33,0.8125,-3.4,4.04,0.875,8,2.35,0.133333333333333,0.4375,0,2.33,6,4.44,0,-3.4,-2.57,8,0,0.5,4.65,4.5,4.29,4.7,0.0960854197764369,4.5,0.0480427098882184,8,0.125,-2.57,3.95,0.0480427098882184,4.7,4.5,7,0.0960854197764369,4.52,-3.4,9,0.375,0,0,8,0.0625,1
"52",0.141501282691313,0.0943341884608755,0,6,0.0692465841355971,0.0943341884608755,0.1875,0.0984147797729652,4,4.29,7,-2.57,4.7,2.33,0.5,-3.4,0.0349185178209064,-8.72,8,0,0,4.92,4.65,0.0471670942304378,0.25,-6.81,0.0471670942304378,7,4.35,0,4.5,0,2.35,0.8125,0.94,-6.81,0.875,7,-3.4,0.2,0.1875,0.0471670942304378,2.33,6,4.29,0,1.28,-6.81,8,0,0.6875,4.5,4.65,4.17,4.52,0,3.97,0,8,0.3125,-3.4,4.29,0.141501282691313,4.7,4.76,5,0.0471670942304378,4.5,1.28,8,0.625,0,0.0471670942304378,8,0.0625,1
"53",0.182815753655117,0.0914078768275586,0,7,0.0647485130907609,0.0914078768275586,0.125,0.0976786726779637,8,4.44,7,-3.4,4.7,2.33,0.5625,-3.4,0.0814696805661347,-3.4,6,0,0,4.92,4.65,0,0.0625,-8.72,0.0914078768275586,6,4.5,0,3.95,0,4.92,0.625,-3.4,-6.81,0.875,8,4.04,0.0666666666666667,0.375,0.0457039384137793,2.33,8,4.29,0,1.28,4.04,6,0,0,4.5,4.65,4.17,4.17,0.0457039384137793,4.5,0.0914078768275586,7,0.5,4.92,4.76,0.0457039384137793,4.7,4.5,8,0,4.44,1.28,8,0.3125,0,0,5,0.125,1
"54",0.182077961408228,0.0910389807041141,0,8,0.070857543654435,0.0910389807041141,0.125,0.094636593174969,7,4.29,8,-3.4,4.65,1.28,0.5625,1.28,0.113052066362384,-3.4,6,0,0,4.04,4.35,0,0.0625,4.04,0.0910389807041141,8,4.5,0,4.17,0,2.33,0.8125,-3.4,-8.72,0.875,8,4.92,0.0666666666666667,0.375,0.0455194903520571,2.33,8,4.76,0,-2.57,-6.81,8,0,0,4.65,4.5,4.44,4.7,0,4.5,0.0455194903520571,6,0.3125,4.92,3.95,0.0455194903520571,4.7,4.5,8,0.0455194903520571,4.17,-3.4,8,0.4375,0,0,8,0.1875,1
"55",0.099858488770932,0.099858488770932,0,8,0.00988584433354286,0.099858488770932,0.125,0.0379453445430335,7,4.29,6,-2.57,4.7,2.33,0.375,-6.64,0.111422315308408,-3.4,7,0,0,-6.81,4.65,0,0.0625,-6.81,0.049929244385466,7,4.35,0,3.95,0.049929244385466,4.92,0.8125,-3.4,-5.54,0.875,8,-8.72,0.133333333333333,0.1875,0.049929244385466,2.33,8,4.37,0,1.28,-6.81,7,0.049929244385466,0,4.75,4.65,4.29,4.17,0.049929244385466,4.5,0,8,0.5,4.92,4.29,0.149787733156398,4.7,4.5,7,0.049929244385466,4.76,1.28,7,0.4375,0,0,7,0.125,1
"56",0.194108138809397,0,0,5,0.0934662430304565,0.0485270347023492,0.1875,0.0434208313040365,7,4.5,5,-2.57,4.5,-3.4,0.4375,-3.4,0.0675309502197139,4.92,4,0,0,-5.54,4.17,0.0485270347023492,0.25,4.92,0.0485270347023492,4,4.35,0.0485270347023492,4.5,0,1.81,0.875,2.35,4.92,0.6875,7,-5.55,0.0666666666666667,0.1875,0.0485270347023492,2.33,6,3.95,0.0485270347023492,4.92,-3.4,4,0.0485270347023492,0.5625,4.5,4.76,4.37,4.35,0.145581104107048,4.52,0,5,0.125,-3.4,3.95,0,4.7,3.95,7,0.0485270347023492,4.36,-8.72,6,0.75,0,0,4,0.0625,0
"57",0.0935062554687922,0,0,5,0.0935468623403537,0.0467531277343961,0.3125,0.0410234476294415,8,4.5,6,0.94,4.5,-3.4,0.4375,-2.57,0.0728058994456828,-5.55,8,0,0.0467531277343961,0.94,4.63,0,0.3125,-14.92,0.0467531277343961,5,3.97,0.0935062554687922,4.35,0,-6.81,0.625,4.92,-6.81,0.6875,8,-5.55,0.0666666666666667,0.1875,0,2.33,7,4.29,0.0467531277343961,-4.66,-3.4,7,0,0.875,4.35,4.35,3.97,4.29,0,4.17,0,8,0.125,-2.57,4.38,0.0935062554687922,4.7,4.36,8,0.0935062554687922,4.36,1.81,5,0.5625,0.0467531277343961,0.0935062554687922,8,0.0625,0
"58",0.0473422953227406,0,0,7,0.0543124926990993,0.0473422953227406,0.3125,0.0637744618084299,8,4.44,5,-4.66,4.66,2.98,0.3125,-5.54,0.103797728314436,-2.57,7,0.0473422953227406,0.0473422953227406,-2.57,3.95,0,0.125,-14.92,0,6,4.63,0,4.5,0.0473422953227406,-14.92,0.9375,-6.64,-5.54,0.75,5,4.92,0.2,0.1875,0,2.33,8,4.37,0.0473422953227406,4.04,4.04,5,0.0946845906454812,0.8125,4.37,4.35,4.35,4.38,0.0473422953227406,4.75,0.0473422953227406,4,0.3125,-3.4,4.38,0,4.7,4.35,7,0.0946845906454812,3.95,1.81,7,0.625,0.0946845906454812,0,5,0.0625,0
"59",0.142104916725062,0.0473683055750208,0,5,0.06399365814767,0.0947366111500415,0.1875,0.0355638573364697,8,4.36,6,-3.4,4.5,-3.4,0.375,4.92,0.127969231881503,4.04,4,0,0,0.94,4.7,0,0.0625,1.28,0.142104916725062,6,4.5,0.0473683055750208,3.95,0.0473683055750208,4.92,0.9375,4.92,-2.57,0.8125,8,-3.4,0.133333333333333,0.25,0,2.33,7,4.35,0,2.33,-5.55,5,0,0.875,4.17,4.75,3.97,4.17,0.0473683055750208,4.17,0,5,0.4375,4.92,4.65,0,4.7,3.95,8,0.0473683055750208,4.5,-6.64,5,0.5625,0,0.0473683055750208,5,0.125,0
"60",0.0470945014994963,0,0,8,0.104211537334365,0.0470945014994963,0.3125,0.0754191622085836,5,4.66,8,2.35,4.75,-6.64,0.25,1.81,0.0663262738044104,-3.4,6,0.0470945014994963,0,-6.64,4.35,0.0941890029989926,0.125,-2.57,0,8,4.52,0.0470945014994963,4.52,0.0941890029989926,4.04,0.6875,-5.55,4.92,0.9375,4,4.04,0.2,0.8125,0,2.33,7,3.95,0.0470945014994963,-2.57,2.98,7,0,0.5625,4.35,3.95,4.75,3.95,0.0941890029989926,4.36,0,5,0.0625,2.35,4.35,0,4.7,4.5,5,0.0941890029989926,3.95,4.92,4,0.3125,0,0,7,0.75,0
"61",0.0946371026350607,0.0473185513175303,0,7,0.108408254739642,0.0473185513175303,0.375,0.0912260502058892,4,4.38,7,2.98,4.38,-14.92,0.3125,-4.66,0.0479782355699885,4.92,5,0.0473185513175303,0.0473185513175303,-5.55,4.37,0,0.0625,-3.4,0.0473185513175303,7,4.66,0.0473185513175303,4.29,0,1.81,0.875,4.92,-3.4,0.8125,6,1.28,0.2,0.1875,0,2.33,5,4.5,0.0473185513175303,-5.54,-14.92,6,0.0473185513175303,0.9375,4.63,3.97,4.36,4.35,0.0473185513175303,3.95,0,5,0.25,-6.81,4.5,0.0473185513175303,4.7,4.17,4,0,4.65,0.94,5,0.75,0.0946371026350607,0.0473185513175303,4,0.125,0
"62",0.0494817221165361,0.0494817221165361,0,6,0.0647098231047282,0.0494817221165361,0.25,0.0743827618629972,8,4.29,7,-6.81,4.17,4.92,0.3125,-5.54,0.0845558979397962,-8.72,7,0.0494817221165361,0.0494817221165361,-3.4,3.97,0,0.0625,4.04,0.0494817221165361,7,4.29,0,3.95,0,-14.92,0.9375,-5.54,1.28,0.875,7,-4.66,0.266666666666667,0.625,0.0494817221165361,2.33,7,4.65,0,0.94,-6.81,7,0.0989634442330721,0.5,4.37,4.66,4.5,4.38,0,4.37,0.0494817221165361,5,0.125,4.04,4.44,0.0989634442330721,4.7,4.76,8,0,4.63,2.98,4,0.5625,0.0494817221165361,0.0494817221165361,8,0.25,0
"63",0.180704849433398,0,0,5,0.0936338276390687,0.0451762123583494,0.125,0.106470913697952,7,3.95,5,-6.81,4.5,-3.4,0.5,-3.4,0.0624877139216556,-4.66,5,0,0.0451762123583494,-8.72,3.97,0,0.125,4.92,0.0903524247166988,5,4.29,0,4.76,0,-3.4,0.8125,4.92,-8.72,0.875,5,4.04,0.2,0.25,0.135528637075048,2.33,4,4.76,0,0.94,4.04,4,0,0,4.5,4.5,4.76,4.5,0,4.17,0,4,0.5,-8.72,4.17,0.0451762123583494,4.7,4.63,6,0,3.95,-3.4,4,0.4375,0,0.0451762123583494,6,0.0625,0
"64",0,0,0,6,0.0543779385788625,0.047083839783899,0.0625,0.0918823783680102,8,4.44,8,-6.81,4.76,-8.72,0.3125,1.81,0.0832313687644084,4.92,8,0,0,0.94,3.97,0,0.0625,-5.54,0.141251519351697,7,4.29,0,4.17,0,-6.81,0.75,4.04,4.92,0.9375,8,-6.81,0.0666666666666667,0.4375,0.047083839783899,2.33,7,4.17,0.047083839783899,0.94,4.04,8,0.0941676795677981,0,4.35,4.37,3.97,4.29,0,3.95,0.047083839783899,7,0.5,4.92,4.37,0.141251519351697,4.7,4.17,8,0,4.29,-5.54,4,0.375,0,0.0941676795677981,8,0.25,0
"65",0.0446407450831547,0.0446407450831547,0,5,0.0588794874421724,0.0446407450831547,0.4375,0.0783194184331002,3,4.38,7,2.98,4.63,-4.66,0.1875,-4.66,0.106052127298156,4.92,5,0.0446407450831547,0.0892814901663095,-5.55,3.95,0,0.1875,4.92,0.0446407450831547,6,4.66,0.0446407450831547,4.76,0,4.92,0.875,-14.92,-3.4,0.625,5,1.28,0.333333333333333,0.0625,0.0446407450831547,2.33,4,4.5,0,4.92,-14.92,7,0,0.6875,4.63,4.29,4.36,3.95,0.133922235249464,4.38,0,5,0.25,-8.72,3.95,0.0446407450831547,4.7,4.17,4,0,4.65,-6.81,7,0.75,0.0892814901663095,0,7,0.0625,0
"66",0.0901364347152089,0,0.0450682173576044,7,0.0517850675345516,0.0450682173576044,0.4375,0.0610457326818276,8,4.36,5,-5.55,4.38,-14.92,0.1875,-6.81,0.117191927982583,-0.14,5,0,0,4.04,4.52,0.0450682173576044,0.0625,4.92,0.180272869430418,7,4.36,0.135204652072813,4.17,0,4.92,0.9375,-5.55,-3.4,0.625,7,4.92,0.266666666666667,0.1875,0,2.33,8,4.5,0,2.35,-5.55,5,0,0.75,4.29,4.5,4.44,4.17,0,4.36,0.0450682173576044,7,0.375,4.92,4.17,0.0450682173576044,4.7,4.6,8,0,4.17,-3.4,5,0.3125,0.0450682173576044,0,4,0.1875,0
"67",0,0,0,4,0.05387776107184,0.0895670805038869,0.25,0.0726045001931217,8,3.97,4,-6.81,4.38,-14.92,0.25,2.33,0.117252362533765,4.92,3,0,0,-2.57,4.17,0,0.125,-14.92,0.0447835402519435,4,4.29,0,4.76,0.0895670805038869,-2.57,0.75,-6.81,-6.64,0.4375,8,-6.81,0.4,0.25,0.0447835402519435,2.33,7,4.75,0,4.92,0.94,4,0,0.9375,4.7,4.75,4.35,4.35,0.0447835402519435,4.29,0,7,0.5,-8.72,4.38,0.13435062075583,4.7,3.95,8,0.0895670805038869,4.29,-6.64,8,0.5625,0.0895670805038869,0.0447835402519435,4,0.0625,0
"68",0.0950641001436594,0,0,8,0.0913708305241603,0.0475320500718297,0.1875,0.0651920146629768,8,4.35,8,4.04,4.75,-6.64,0.4375,-5.55,0.0879700515818403,4.92,8,0,0,4.04,4.29,0,0.1875,-2.57,0,8,4.44,0.0950641001436594,4.36,0.0475320500718297,-3.4,0.875,-6.81,-3.4,0.625,8,0.94,0.133333333333333,0.25,0,2.33,8,4.5,0,-6.81,-2.57,8,0,0.9375,4.36,4.29,4.44,4.5,0.0475320500718297,4.29,0.0950641001436594,8,0.0625,-5.55,4.35,0.142596150215489,4.7,3.95,8,0.0950641001436594,3.97,-6.81,8,0.6875,0,0.0475320500718297,8,0.125,0
"69",0.0453513478850779,0.0907026957701558,0,7,0.0901009731755558,0.0453513478850779,0.0625,0.0775898828429613,8,4.35,7,4.04,4.65,1.28,0.5625,-5.54,0.0993906628880402,0.94,8,0,0,-2.57,4.5,0,0.0625,4.92,0.0453513478850779,7,4.44,0,4.29,0,4.04,0.9375,1.28,4.04,0.75,8,0.94,0,0.375,0,2.33,7,4.44,0,-3.4,-2.57,8,0.0453513478850779,0,4.37,4.29,4.35,3.95,0,4.65,0.0907026957701558,8,0.5,-6.81,4.17,0.0907026957701558,4.7,3.97,8,0.0907026957701558,3.97,-6.81,8,0.3125,0,0.0907026957701558,8,0.125,0
"70",0.241963726552956,0,0,6,0.0921360395567581,0.0483927453105912,0.0625,0.0699083962766017,7,4.5,7,-6.81,4.29,-6.81,0.625,-3.4,0.0529652044997694,4.92,9,0,0,1.81,4.44,0,0.375,-3.4,0.0483927453105912,7,4.29,0,4.76,0,-2.57,0.75,-8.72,-6.81,0.875,8,-3.4,0,0.1875,0.0967854906211823,2.33,5,4.29,0.0483927453105912,4.04,-3.4,6,0,0,4.5,4.5,4.35,4.35,0,4.76,0.0483927453105912,8,0.5,-8.72,4.5,0.145178235931773,4.7,4.17,7,0.0483927453105912,4.5,-3.4,8,0.6875,0,0,5,0.0625,0
"71",0,0,0,8,0.108113310644809,0.0453901818072119,0.3125,0.0576103342266818,7,4.35,8,1.81,4.35,1.81,0.3125,4.92,0.0825350642920261,-14.92,8,0.0453901818072119,0,0.94,4.66,0.0453901818072119,0.1875,4.04,0.0907803636144238,8,4.35,0.0453901818072119,4.52,0,-5.54,0.9375,-5.55,-6.81,0.6875,7,0.94,0.266666666666667,0.25,0,2.33,7,4.29,0.136170545421636,2.98,1.81,8,0.0453901818072119,0.875,4.17,4.17,3.97,4.37,0,4.36,0,9,0.0625,2.35,3.95,0.0453901818072119,4.7,4.38,6,0,3.97,4.92,8,0.625,0.0453901818072119,0.0907803636144238,8,0.125,0
"72",0.0478789962195499,0,0.0957579924390999,8,0.078063239169186,0.0478789962195499,0.4375,0.0524030545318714,8,4.6,8,2.35,4.17,4.92,0.1875,-2.57,0.0394848529392755,-5.54,7,0.0478789962195499,0,-5.55,4.17,0.0957579924390999,0.125,-5.54,0.0957579924390999,8,4.52,0.0478789962195499,4.5,0.0478789962195499,-0.14,0.875,-2.57,2.35,0.9375,8,-6.64,0.133333333333333,0.0625,0,2.33,8,4.52,0,4.92,-0.14,8,0.0957579924390999,0.5,4.35,4.66,4.36,4.6,0,4.35,0,7,0.1875,-3.4,4.37,0,4.7,4.37,8,0.0957579924390999,4.75,2.98,9,0.75,0,0,8,0.0625,0
"73",0,0,0.0468706258018139,6,0.10021448247452,0.0468706258018139,0.25,0.0444161333114268,6,4.75,5,4.04,4.17,4.92,0.25,-0.14,0.0547321977558175,4.04,6,0,0.0468706258018139,4.92,3.97,0.0468706258018139,0.0625,4.04,0.140611877405442,5,4.44,0,4.29,0.0937412516036279,2.35,0.6875,4.92,-4.66,0.875,6,-6.64,0.333333333333333,0.375,0,2.33,7,4.63,0.0468706258018139,0.94,-6.64,5,0,0.9375,4.6,4.35,4.17,4.52,0,4.17,0.0937412516036279,6,0.3125,-6.81,3.95,0.0468706258018139,4.7,4.44,6,0,4.75,1.81,7,0.4375,0,0.0468706258018139,6,0.1875,0
"74",0.0461053623591895,0,0.0461053623591895,5,0.111821813265613,0.0461053623591895,0.25,0.0492107753511344,6,4.36,5,-5.54,3.95,4.04,0.375,4.04,0.049677155743763,4.04,8,0,0,-8.72,3.97,0,0.3125,4.92,0.0461053623591895,4,4.37,0.0461053623591895,4.5,0,4.92,0.8125,-6.81,-0.14,0.9375,6,1.81,0.266666666666667,0.125,0.0461053623591895,2.33,5,4.6,0.0461053623591895,0.94,-5.55,4,0.0461053623591895,0.625,4.44,4.38,4.76,3.95,0.0461053623591895,4.29,0.092210724718379,8,0.1875,-3.4,4.17,0.0461053623591895,4.7,4.44,6,0,4.35,-14.92,6,0.5625,0.0461053623591895,0.0461053623591895,5,0.0625,0
"75",0.0463500899905716,0,0,6,0.0727014342319531,0.0463500899905716,0.3125,0.071303484815091,5,4.76,6,-6.64,4.38,-14.92,0.3125,-5.55,0.0529605191181814,-8.72,5,0,0,4.92,4.37,0.0927001799811431,0.1875,4.92,0.0463500899905716,6,4.75,0.0463500899905716,3.97,0.0463500899905716,2.35,0.875,-3.4,1.81,0.75,4,2.35,0.266666666666667,0.4375,0.0927001799811431,2.33,7,4.35,0.0463500899905716,-5.54,-8.72,5,0.0463500899905716,0.9375,4.36,3.95,4.17,4.52,0.0463500899905716,4.5,0,6,0.125,0.94,3.95,0,4.7,4.76,4,0,4.52,4.04,6,0.375,0.0463500899905716,0.0463500899905716,4,0.0625,0
"76",0.044711110094209,0.044711110094209,0,4,0.0785517279015562,0.044711110094209,0.4375,0.106205696583633,6,3.95,6,-8.72,4.37,-5.54,0.25,4.92,0.0552518842265812,2.98,8,0.0894222201884179,0.044711110094209,-4.66,4.36,0,0.125,-5.55,0,6,4.76,0.0894222201884179,4.5,0,1.28,0.9375,2.98,-14.92,0.375,7,-6.81,0.266666666666667,0.1875,0.0894222201884179,2.33,3,4.38,0,-5.55,4.92,7,0.044711110094209,0.8125,3.95,4.76,4.63,4.65,0.0894222201884179,4.66,0,8,0.25,-3.4,4.36,0.044711110094209,4.7,4.66,7,0,4.29,-8.72,7,0.6875,0.044711110094209,0,7,0.0625,0
"77",0.0457637932225,0,0,6,0.0543969997479879,0.0457637932225,0.3125,0.121635362083951,5,4.38,8,4.92,3.95,4.92,0.25,-14.92,0.0580602591073608,-5.54,5,0,0,-14.92,4.29,0,0.0625,4.04,0.091527586445,7,4.17,0,4.17,0,1.81,0.875,-14.92,4.04,0.8125,7,-3.4,0.2,0.3125,0,2.33,4,4.44,0.0457637932225,-6.81,-14.92,8,0.0457637932225,0.9375,4.38,4.29,4.38,4.35,0.0457637932225,4.38,0.091527586445,5,0.25,4.92,4.44,0.091527586445,4.7,4.37,6,0,4.5,-6.81,8,0.6875,0.18305517289,0,8,0.125,0
"78",0.045316870139952,0,0.045316870139952,6,0.0923289156564535,0.045316870139952,0.4375,0.0712972000598222,4,4.38,7,-0.14,4.44,4.04,0.25,-14.92,0.0595118417635806,-6.64,6,0,0,-6.81,4.38,0.045316870139952,0.125,-5.54,0.045316870139952,6,4.6,0.045316870139952,4.35,0.045316870139952,-5.55,0.8125,2.35,-3.4,0.6875,4,4.92,0.133333333333333,0.1875,0,2.33,5,4.5,0.0906337402799041,-14.92,-14.92,8,0.045316870139952,0.875,4.38,4.35,4.29,4.36,0,4.52,0.045316870139952,6,0.3125,1.81,4.37,0.045316870139952,4.7,4.75,4,0,4.17,1.81,4,0.75,0.135950610419856,0,7,0.0625,0
"79",0.0451302564794114,0.0451302564794114,0,6,0.0852369278157746,0.0451302564794114,0.1875,0.0853412898770577,6,4.44,6,2.98,4.76,-8.72,0.4375,2.35,0.0774838732131902,0.94,4,0.0451302564794114,0,-6.64,4.17,0.0451302564794114,0.1875,-8.72,0.0451302564794114,6,4.66,0,4.35,0.0902605129588228,1.28,0.875,-6.64,4.04,0.75,6,-3.4,0.133333333333333,0.125,0.0902605129588228,2.33,6,3.95,0.0451302564794114,4.92,4.04,7,0,0.9375,4.52,4.29,4.75,4.65,0,4.75,0.0451302564794114,5,0.375,1.81,4.76,0.0451302564794114,4.7,3.97,6,0,4.5,-6.81,5,0.5625,0,0.0451302564794114,7,0.0625,0
"80",0.045995342435014,0.045995342435014,0,7,0.103654041369931,0.0919906848700279,0.5625,0.0679352283521024,6,4.36,6,-5.55,4.38,-14.92,0.3125,4.92,0.0588705833576264,-5.55,6,0.045995342435014,0,2.33,4.36,0,0.9375,-5.55,0,6,4.36,0.22997671217507,4.65,0,0.94,0,2.33,-3.4,0.625,4,-2.57,0.0666666666666667,0.125,0,4.04,7,4.5,0,-5.55,-5.55,5,0,0.8125,3.95,4.66,4.7,3.97,0.045995342435014,4.7,0.045995342435014,7,0.1875,1.28,4.36,0,4.44,4.36,5,0.045995342435014,4.35,2.98,6,0.9375,0.045995342435014,0.045995342435014,5,0.0625,0
"81",0,0,0,4,0.0728710335239536,0.0488921764287479,0.1875,0.0789846505117807,4,4.76,5,1.81,4.35,1.81,0.5,4.04,0.0586195139111048,4.92,8,0,0,-2.57,4.75,0,0.1875,-5.55,0.0488921764287479,5,4.35,0.0488921764287479,3.97,0.0488921764287479,4.04,0.875,2.33,-14.92,0.6875,5,4.04,0.133333333333333,0.25,0.0488921764287479,1.81,4,4.38,0.146676529286244,-6.64,-8.72,4,0,0.8125,4.44,3.95,4.35,3.95,0.0488921764287479,4.7,0.0977843528574958,7,0.5625,0.94,4.36,0,4.35,4.17,4,0.0488921764287479,4.44,4.92,7,0.75,0.0488921764287479,0.0488921764287479,5,0.0625,0
"82",0,0.13823286497261,0.0460776216575365,5,0.0962745960212899,0.0460776216575365,0.3125,0.0730740959188905,5,3.95,8,-5.54,4.75,-6.64,0.375,-8.72,0.0696934315487509,-5.54,5,0,0.092155243315073,1.28,4.65,0,0.375,-2.57,0,7,4.37,0.0460776216575365,4.65,0.0460776216575365,-5.55,0.75,-4.66,4.04,0.9375,5,-0.14,0.133333333333333,0.25,0.0460776216575365,2.33,4,4.44,0,1.28,4.92,7,0.092155243315073,0.5625,4.76,4.63,4.65,4.36,0.0460776216575365,4.63,0.0460776216575365,5,0.125,1.28,4.35,0,4.7,4.37,4,0.0460776216575365,4.6,-4.66,6,0.6875,0,0,7,0.0625,0
"83",0,0.175198101458644,0,4,0.115640631756104,0.0437995253646609,0.25,0.105688470922064,5,4.66,4,-6.81,4.65,1.28,0.375,4.92,0.0671687536881973,2.35,4,0.0437995253646609,0,0.94,4.29,0.0437995253646609,0.125,-5.55,0.0437995253646609,4,4.29,0.0437995253646609,4.35,0,1.28,0.9375,2.33,4.92,0.6875,4,4.04,0.2,0.1875,0,1.28,4,4.17,0.0437995253646609,-6.81,2.98,4,0,0.8125,3.95,4.65,3.97,4.65,0.0437995253646609,4.7,0,4,0.4375,1.81,4.36,0.0875990507293218,4.65,4.52,5,0,3.95,1.28,4,0.625,0,0.0437995253646609,4,0.0625,0
"84",0.0479081537080633,0.14372446112419,0,5,0.0661509638823745,0.0479081537080633,0.125,0.0658682297848734,7,4.38,7,1.28,4.35,1.81,0.8125,0.94,0.0741469941933918,4.04,7,0,0,4.04,4.65,0,0,-8.72,0,6,4.65,0,4.35,0,-8.72,0,1.28,4.04,0.8125,8,-3.4,0,0.25,0.14372446112419,2.33,5,4.44,0.0958163074161267,1.28,-14.92,7,0,0,3.97,4.76,4.44,4.76,0,4.65,0.14372446112419,7,0.4375,1.81,4.76,0,4.7,4.44,8,0,4.5,-8.72,5,0,0.0479081537080633,0.0479081537080633,7,0.0625,0
"85",0,0,0.0471945851258288,4,0.0992378659367774,0.0471945851258288,0.125,0.0687573973858616,4,4.35,7,4.04,3.97,0.94,0.5,4.04,0.0596296765542364,4.04,8,0,0,4.04,4.44,0,0.1875,-8.72,0,5,3.95,0,3.97,0.0943891702516575,-6.64,0.75,-2.57,0.94,0.875,5,-0.14,0.0666666666666667,0.5625,0.0471945851258288,2.33,5,3.97,0.0471945851258288,4.04,1.81,7,0,0,4.44,4.75,3.95,4.75,0,4.35,0.0943891702516575,8,0.125,0.94,4.76,0,4.7,3.95,5,0.0471945851258288,4.6,-6.64,7,0.3125,0,0.141583755377486,7,0.0625,0
"86",0,0,0,4,0.0814329020873378,0.0469723007931557,0.25,0.0826659483550543,7,4.76,4,4.04,4.63,-4.66,0.3125,0.94,0.0672137653758437,-4.66,8,0,0.0939446015863113,4.92,4.75,0,0.1875,0.94,0.0469723007931557,4,3.95,0.0469723007931557,3.97,0.0469723007931557,4.92,0.875,-8.72,4.92,0.9375,5,-5.55,0.133333333333333,0.4375,0.0939446015863113,2.33,5,3.95,0,-6.64,-8.72,5,0,0.75,3.97,3.95,4.17,3.95,0.0939446015863113,4.76,0,8,0.125,0.94,3.97,0,4.7,4.63,6,0,4.36,4.04,7,0.375,0,0.140916902379467,7,0.0625,0
"87",0.190150918031508,0,0,4,0.100494164978541,0.0475377295078771,0.1875,0.0632644962211161,5,3.95,5,-2.57,4.52,2.35,0.5,-3.4,0.0506444584654398,-4.66,8,0,0.0475377295078771,-3.4,4.5,0.0475377295078771,0.125,-3.4,0,4,4.35,0,3.97,0.0475377295078771,-8.72,0.625,-6.64,-6.81,0.875,7,4.04,0.2,0.25,0.0950754590157541,2.33,4,4.29,0,-3.4,4.04,6,0,0.75,4.5,4.76,4.5,4.76,0,4.75,0,7,0.5,0.94,4.5,0.0475377295078771,4.7,4.63,6,0.0475377295078771,3.95,-8.72,7,0.5625,0,0.0475377295078771,7,0.0625,0
"88",0.0929277180353792,0.0464638590176896,0,6,0.0697687780859356,0.0464638590176896,0.3125,0.0714773439171711,6,4.63,6,-5.55,3.95,4.04,0.25,1.81,0.0832394035281167,-5.54,5,0.0464638590176896,0.0464638590176896,-5.54,4.66,0,0.0625,-5.55,0,6,4.36,0.0929277180353792,3.95,0,-3.4,0.75,-3.4,1.28,0.9375,5,-6.81,0.0666666666666667,0.5625,0,2.33,7,4.65,0.0464638590176896,2.98,-4.66,6,0.0929277180353792,0.875,4.35,3.95,4.37,4.5,0.0929277180353792,4.5,0,5,0.375,4.92,4.36,0.0464638590176896,4.7,4.37,6,0,4.29,4.92,6,0.25,0,0,6,0.3125,0
"89",0.0468521449713923,0.0468521449713923,0,5,0.0745829950708305,0.0468521449713923,0.3125,0.0720429036676769,6,4.65,5,-5.55,4.63,-4.66,0.4375,4.92,0.0540578474585057,-4.66,6,0,0.140556434914177,-4.66,4.5,0,0.0625,1.81,0.0937042899427847,5,4.36,0.0468521449713923,4.17,0,4.04,0.9375,0.94,1.81,0.8125,7,4.04,0.0666666666666667,0.3125,0,2.33,5,4.35,0.0937042899427847,-3.4,1.28,5,0.0468521449713923,0.75,4.17,4.37,4.63,4.44,0,3.97,0.0937042899427847,6,0.25,4.92,4.35,0,4.7,4.63,7,0,4.44,-5.54,6,0.1875,0,0.0468521449713923,5,0.125,0
"90",0.142359901675198,0,0.0474533005583992,5,0.0710816521046958,0.0474533005583992,0.1875,0.0730110988320754,3,3.95,5,-3.4,4.6,-0.14,0.4375,-14.92,0.0736050251414376,1.81,5,0,0,4.04,4.5,0,0.1875,-6.81,0.0949066011167984,5,4.5,0,4.76,0,4.92,0.8125,-8.72,-3.4,0.75,4,-2.57,0.0666666666666667,0.125,0.0949066011167984,2.33,4,4.5,0.0474533005583992,-3.4,4.04,4,0,0.9375,4.38,4.17,3.95,4.17,0,4.76,0,5,0.5,-8.72,4.29,0.0474533005583992,4.7,4.35,3,0.0474533005583992,4.35,4.92,6,0.3125,0.0474533005583992,0,5,0.0625,0
"91",0,0.0465492055502881,0,6,0.0603096003835217,0.0465492055502881,0.0625,0.0903190440064266,7,4.37,6,-5.54,4.17,4.92,0.375,4.92,0.0784830799541191,1.81,5,0,0,4.92,3.97,0,0.0625,4.04,0.232746027751441,6,4.37,0,4.17,0,4.92,0.6875,-8.72,-5.54,0.875,7,1.28,0.0666666666666667,0.1875,0.0930984111005763,2.33,6,4.37,0.0465492055502881,0.94,-5.54,6,0.139647616650864,0,4.17,4.76,4.17,4.17,0,4.76,0.0465492055502881,4,0.5,4.92,4.44,0,4.7,4.35,7,0,4.65,-8.72,6,0.4375,0,0.0465492055502881,5,0.125,0
"92",0.0906320999235338,0,0,5,0.105455146565912,0.0453160499617669,0.1875,0.0921662348811057,5,4.29,6,-3.4,3.95,4.04,0.1875,4.92,0.0480160418279445,4.04,7,0,0,4.92,4.36,0,0.125,-6.81,0.135948149885301,4,4.5,0.0453160499617669,4.5,0,4.04,0.8125,-14.92,4.04,0.625,5,4.92,0.2,0.0625,0,2.33,4,4.44,0,-5.55,-6.81,6,0.0453160499617669,0.875,4.17,4.37,4.17,3.95,0,4.38,0.0453160499617669,7,0.5,-3.4,4.29,0.0906320999235338,4.7,3.95,4,0,4.17,-5.54,4,0.4375,0.0453160499617669,0,7,0.0625,0
"93",0.140335595965811,0,0,4,0.0793121156023864,0.0467785319886036,0.1875,0.0833103476569424,7,3.95,4,4.04,4.38,-14.92,0.5,-2.57,0.059985681457351,-6.64,5,0.0467785319886036,0,-2.57,4.5,0,0.0625,-3.4,0.0467785319886036,4,4.44,0,4.17,0.0467785319886036,-3.4,0.75,1.81,4.04,0.875,6,0.94,0.2,0.3125,0,2.33,5,3.95,0.0467785319886036,-3.4,4.04,6,0,0.6875,4.35,4.66,4.35,4.5,0,4.35,0.0467785319886036,4,0.1875,4.92,4.5,0,4.7,4.75,7,0.0935570639772073,3.97,2.98,5,0.625,0.0467785319886036,0.0467785319886036,7,0.125,0
"94",0.0452741416666971,0,0,6,0.104701326412306,0.0452741416666971,0.125,0.0917979834502663,5,4.37,7,-5.55,4.17,4.92,0.1875,-3.4,0.0600138359122376,4.04,7,0,0,-6.81,4.17,0,0.0625,4.92,0.135822425000091,6,4.36,0.0452741416666971,3.95,0,4.92,0.8125,4.04,-5.54,0.9375,6,1.81,0.266666666666667,0.125,0,2.33,5,4.37,0.0905482833333943,4.92,-5.54,7,0.0905482833333943,0,4.5,4.35,4.29,4.17,0.0905482833333943,3.95,0,6,0.375,4.92,3.95,0.0452741416666971,4.7,3.95,5,0,4.35,1.81,4,0.625,0,0,7,0.125,0
"95",0.136465758233807,0,0,5,0.0970621830109701,0.0454885860779356,0.25,0.107798868080781,7,4.36,6,-6.81,4.29,-6.81,0.25,1.81,0.059200515339285,-14.92,5,0,0,4.92,4.37,0.0454885860779356,0.0625,4.92,0.0454885860779356,4,4.29,0.0454885860779356,3.95,0,4.92,0.8125,-3.4,2.35,0.9375,7,-3.4,0.266666666666667,0.1875,0,2.33,6,4.52,0.0454885860779356,-5.54,-5.55,5,0.0454885860779356,0.75,4.35,4.5,3.95,3.95,0.0909771721558712,4.5,0,4,0.4375,4.04,4.17,0.0909771721558712,4.7,4.38,7,0,4.5,-3.4,6,0.375,0.0454885860779356,0,5,0.125,0
"96",0.0923154098031776,0,0,5,0.0880987329771439,0.0461577049015888,0.0625,0.0863149728374624,5,4.5,4,1.81,4.35,1.81,0.5,4.04,0.0787846624480672,4.92,5,0,0,-2.57,4.17,0,0.0625,4.92,0.138473114704766,5,4.35,0,4.17,0,-3.4,0.875,4.04,-5.54,0.6875,5,-2.57,0.0666666666666667,0.25,0,2.33,5,4.37,0.138473114704766,4.92,-3.4,4,0.0461577049015888,0,4.44,4.35,4.35,4.5,0.0461577049015888,3.95,0.0461577049015888,5,0.5,4.92,4.17,0,4.7,3.95,6,0.0923154098031776,4.35,1.81,4,0.75,0,0,4,0.125,0
"97",0.133833891046777,0.0892225940311843,0,5,0.0694064608690697,0.0446112970155922,0.3125,0.0959994060872691,7,3.97,5,4.04,4.52,2.35,0.5625,-5.54,0.070691010557149,1.81,6,0.0446112970155922,0.0446112970155922,1.28,4.5,0.0446112970155922,0.9375,-14.92,0,4,4.44,0,4.66,0,1.28,0,-3.4,1.81,0.75,6,-4.66,0,0.3125,0,2.33,7,4.35,0.0892225940311843,-3.4,0.94,4,0.0446112970155922,0.8125,4.37,4.5,4.65,4.65,0,4.5,0.0446112970155922,7,0.0625,2.98,4.38,0,4.7,4.35,6,0,4.63,-3.4,5,0.9375,0.0446112970155922,0.0446112970155922,4,0.1875,0
"98",0.0444736550314372,0,0,5,0.0942181599929132,0.0444736550314372,0.3125,0.0819585726715429,4,4.38,5,-2.57,4.37,-5.54,0.25,-6.64,0.06886659153173,4.04,7,0,0.0889473100628743,4.92,4.76,0,0.0625,-3.4,0,5,4.35,0.0444736550314372,3.95,0.0444736550314372,-5.54,0.9375,-5.55,-4.66,0.875,5,4.04,0.133333333333333,0.375,0.0444736550314372,2.33,4,4.63,0,-8.72,-14.92,5,0.0889473100628743,0.625,4.75,4.63,3.95,4.37,0.0444736550314372,4.36,0.0444736550314372,7,0.1875,4.04,4.5,0,4.7,3.95,4,0.0444736550314372,4.44,-4.66,7,0.6875,0.0444736550314372,0,6,0.125,0
"99",0.0462243886614282,0.0462243886614282,0.0462243886614282,4,0.0801996625420047,0.0462243886614282,0.1875,0.0801564210181355,4,4.17,4,4.92,4.6,-0.14,0.3125,-2.57,0.0550768369563137,-3.4,6,0,0,4.92,3.97,0,0.125,-5.54,0.231121943307141,4,4.17,0.0462243886614282,4.36,0,1.28,0.5625,4.92,0.94,0.9375,7,4.92,0.2,0.625,0,2.33,4,3.97,0,0.94,4.92,5,0.0462243886614282,0.6875,4.35,4.17,4.17,4.65,0.0462243886614282,3.95,0,6,0.0625,-5.55,4.37,0,4.7,4.5,7,0.0462243886614282,4.17,4.92,5,0.375,0,0.0924487773228565,6,0.3125,0
"100",0,0.0443409310179886,0,5,0.0912649784723013,0.0443409310179886,0.25,0.108418488901711,7,4.17,4,-6.81,4.37,-5.54,0.3125,-14.92,0.0533772063688987,-4.66,7,0.0443409310179886,0.0443409310179886,4.92,4.65,0,0.25,0.94,0.177363724071955,4,4.29,0,4.66,0,4.92,0.6875,-8.72,4.92,0.875,5,-8.72,0.133333333333333,0.1875,0.0886818620359773,2.33,7,4.17,0,1.28,4.92,4,0.0443409310179886,0.9375,4.38,3.97,4.17,4.17,0,4.76,0,7,0.0625,2.98,3.97,0.0443409310179886,4.7,4.63,6,0,4.76,0.94,5,0.4375,0.0443409310179886,0.0886818620359773,5,0.125,0
"101",0.0937314566362491,0,0,6,0.0732241753291489,0.0468657283181245,0.25,0.0741253740879155,5,3.97,4,-5.54,3.95,4.92,0.3125,4.92,0.0698800131268738,-14.92,5,0.0468657283181245,0,-3.4,4.66,0,0.1875,4.92,0.0468657283181245,4,4.37,0,4.35,0,-5.54,0.9375,-14.92,-3.4,0.625,6,4.04,0.266666666666667,0.125,0,2.33,6,4.5,0.0468657283181245,2.98,0.94,4,0.0937314566362491,0.875,3.95,3.95,4.5,4.37,0.0937314566362491,4.38,0.0468657283181245,5,0.5,1.81,4.17,0,4.7,4.38,6,0,4.44,4.04,7,0.6875,0.0937314566362491,0.0468657283181245,4,0.0625,0
"102",0.13702906425241,0,0,7,0.0896041274320749,0.0456763547508033,0.1875,0.0918636195639457,5,4.5,7,0.94,4.5,-3.4,0.5,2.98,0.0511703704829968,4.92,5,0.0913527095016066,0,1.81,4.66,0,0.0625,-3.4,0,7,3.97,0,4.37,0,-2.57,0.75,1.81,0.94,0.6875,4,4.04,0,0.375,0,2.33,7,3.97,0.0913527095016066,2.98,-3.4,7,0.0456763547508033,0.9375,4.66,3.95,4.35,4.35,0.0913527095016066,4.35,0,6,0.5,-5.54,4.5,0,4.7,3.95,4,0.0456763547508033,3.95,4.92,5,0.1875,0,0.0913527095016066,6,0.25,0
"103",0.0485073640026873,0,0,5,0.0578577066993582,0.0485073640026873,0.375,0.0930831609207546,5,4.17,7,-5.55,4.44,4.04,0.25,4.92,0.0474708769939022,-3.4,6,0,0,-8.72,4.37,0.0485073640026873,0.3125,2.35,0.0970147280053745,6,4.36,0.0970147280053745,4.36,0,4.04,0.9375,-6.81,-14.92,0.75,7,-8.72,0.4,0.25,0.0970147280053745,2.33,7,4.38,0,-5.54,4.92,8,0.0485073640026873,0.8125,4.17,4.38,4.76,3.95,0,4.29,0.0485073640026873,5,0.0625,-5.55,4.52,0.0485073640026873,4.7,4.5,6,0,4.76,-14.92,7,0.5625,0.0970147280053745,0,7,0.125,0
"104",0,0,0,6,0.103087169920886,0.0456337685771107,0.25,0.0572506448930788,4,4.17,5,-5.54,4.37,-5.54,0.25,-14.92,0.0717360875562874,4.92,4,0.0456337685771107,0,-2.57,4.35,0,0.0625,4.92,0.136901305731332,6,4.37,0,4.29,0,4.04,0.75,4.04,-14.92,0.875,5,-8.72,0.133333333333333,0.25,0.0456337685771107,2.33,5,4.38,0,-2.57,4.92,5,0.0912675371542214,0.9375,4.38,4.66,4.35,3.95,0,4.44,0.0456337685771107,4,0.1875,-6.81,4.17,0.0456337685771107,4.7,4.17,4,0.0912675371542214,4.76,2.98,5,0.4375,0.0912675371542214,0,4,0.125,0
"105",0.0463377864112807,0,0,4,0.078133709948225,0.0463377864112807,0.25,0.0546613897425784,7,4.76,5,-4.66,4.38,-14.92,0.3125,4.92,0.072104365627461,4.04,4,0,0.0463377864112807,-8.72,4.35,0,0.0625,-6.64,0.0926755728225614,5,4.63,0.0463377864112807,4.17,0.0463377864112807,-5.55,0.9375,-6.81,-5.54,0.875,7,-3.4,0.2,0.1875,0.139013359233842,2.33,6,4.37,0.0463377864112807,1.81,-8.72,4,0.0463377864112807,0.6875,4.17,4.76,4.76,4.36,0,4.29,0,5,0.3125,4.92,4.75,0.0463377864112807,4.7,3.95,8,0,4.5,-8.72,4,0.75,0.0463377864112807,0,4,0.125,0
"106",0.131517949495676,0,0,5,0.110593807778428,0.0876786329971172,0.1875,0.0630791383463894,6,4.17,6,-14.92,4.5,-3.4,0.5625,4.92,0.0633064160790774,1.81,6,0,0,4.04,3.97,0,0.125,-8.72,0.131517949495676,6,4.38,0,3.97,0,-3.4,0.9375,0.94,2.33,0.8125,7,4.92,0.133333333333333,0.25,0.0438393164985586,2.33,5,4.7,0.0438393164985586,0.94,4.92,6,0,0.625,4.17,4.5,4.44,4.5,0,3.97,0.0438393164985586,6,0.375,0.94,4.76,0,4.7,4.35,7,0,4.17,-3.4,6,0.4375,0.0438393164985586,0.131517949495676,6,0.0625,0
"107",0.0470683809330909,0,0,4,0.0707679018108305,0.0470683809330909,0.3125,0.0494652477960301,5,3.95,4,0.94,4.63,-4.66,0.25,4.92,0.0701297388265985,2.98,4,0.0470683809330909,0.0470683809330909,-3.4,4.35,0,0.125,-5.55,0.0470683809330909,4,3.97,0.0470683809330909,4.38,0,4.92,0.9375,-6.81,-6.81,0.875,6,-6.81,0.266666666666667,0.25,0.0470683809330909,2.33,4,4.29,0,-2.57,4.04,4,0,0.8125,3.95,4.76,4.5,4.17,0.0470683809330909,4.29,0,4,0.0625,-14.92,4.36,0.141205142799273,4.7,4.66,6,0.0470683809330909,4.29,-8.72,6,0.5625,0.0470683809330909,0.0470683809330909,5,0.1875,0
"108",0.144237205003214,0,0,4,0.0792912844021645,0.0480790683344047,0.1875,0.05509579387413,5,4.35,6,4.92,4.29,-6.81,0.5,-3.4,0.0583501960976269,4.04,7,0,0,-14.92,4.5,0,0.125,-5.55,0,5,3.95,0.0480790683344047,4.35,0,4.92,0.6875,-2.57,-2.57,0.875,5,4.04,0.0666666666666667,0.4375,0,2.33,4,4.35,0.0480790683344047,-3.4,-2.57,7,0,0.8125,4.5,4.5,4.38,3.95,0.0961581366688095,4.35,0.0480790683344047,7,0.25,1.81,4.36,0.0480790683344047,4.7,4.44,5,0.144237205003214,3.95,-3.4,4,0.375,0.0480790683344047,0,7,0.0625,0
"109",0.143156466207144,0,0,6,0.106336609575096,0.0954376441380958,0.25,0.0487409622221153,5,3.97,6,2.33,4.76,-8.72,0.5625,-5.55,0.0674462589313486,0.94,5,0,0,-14.92,4.35,0,0.3125,4.92,0.0954376441380958,6,4.7,0.0477188220690479,4.5,0,4.92,0,-3.4,1.81,0.75,6,4.04,0.133333333333333,0.1875,0.0477188220690479,2.33,5,4.35,0.0954376441380958,1.81,0.94,6,0,0.9375,4.36,4.5,4.38,4.17,0,4.5,0.0477188220690479,4,0.25,-3.4,4.17,0,4.7,3.97,5,0,4.44,-3.4,7,0.8125,0.0477188220690479,0.0954376441380958,6,0.0625,0
"110",0.0966166433154567,0,0,6,0.122088294806762,0.0483083216577283,0.1875,0.0453820795379876,6,4.5,6,0.94,3.97,0.94,0.375,2.98,0.0432978694437261,-14.92,7,0.0483083216577283,0,4.04,4.75,0,0.0625,1.81,0.0966166433154567,6,3.97,0,3.95,0.0483083216577283,-8.72,0.875,-3.4,4.92,0.8125,5,4.92,0.0666666666666667,0.375,0.0483083216577283,2.33,7,3.95,0.0483083216577283,-6.64,-3.4,7,0,0.9375,4.66,4.17,3.95,4.76,0.0483083216577283,4.5,0,7,0.5,4.04,4.35,0,4.7,4.38,4,0,4.17,4.92,5,0.25,0.0483083216577283,0.0966166433154567,7,0.3125,0
"111",0,0,0,4,0.082334204663505,0.047703662396084,0.3125,0.0608738303810319,4,4.35,6,4.04,4.35,1.81,0.375,4.04,0.0570558290435426,4.04,6,0,0,2.35,4.36,0.047703662396084,0.0625,0.94,0,6,3.95,0.095407324792168,4.29,0.047703662396084,-14.92,0.9375,-5.55,4.04,0.8125,5,-6.64,0.133333333333333,0.4375,0,2.33,4,4.44,0.047703662396084,-5.55,-2.57,7,0,0.875,3.95,4.35,4.52,4.38,0,4.36,0.095407324792168,4,0.25,-6.81,3.97,0.047703662396084,4.7,4.44,4,0.095407324792168,4.75,-2.57,6,0.375,0.047703662396084,0.047703662396084,8,0.1875,0
"112",0.0924582689053609,0,0.0462291344526805,5,0.0828237571125967,0.0462291344526805,0.375,0.0513452792090888,7,4.29,5,-8.72,4.38,-14.92,0.25,-3.4,0.0888129983539859,2.98,4,0.0462291344526805,0.0462291344526805,4.92,3.95,0,0.0625,-14.92,0,5,4.76,0,4.75,0.0462291344526805,-3.4,0.875,-0.14,-2.57,0.9375,4,4.92,0.266666666666667,0.375,0.0462291344526805,2.33,6,4.35,0,4.04,-6.81,5,0,0.8125,4.5,4.63,3.95,4.5,0.0924582689053609,4.6,0,5,0.1875,-6.64,4.38,0.0462291344526805,4.7,4.66,5,0.0462291344526805,3.95,-4.66,5,0.25,0.0924582689053609,0,5,0.3125,0
"113",0.0467331921375771,0,0,6,0.0495317778796808,0.0467331921375771,0.375,0.0608711464507298,5,4.35,6,4.92,3.97,0.94,0.1875,-6.64,0.112569296460071,2.35,7,0,0,-5.55,4.36,0.0467331921375771,0.0625,-14.92,0.0467331921375771,6,4.17,0.140199576412731,3.95,0.0467331921375771,4.04,0.9375,-6.81,-3.4,0.6875,6,-5.55,0.4,0.4375,0,2.33,6,4.5,0,-5.55,-2.57,6,0,0.875,4.75,4.29,4.36,3.95,0.0467331921375771,4.29,0,8,0.125,4.92,4.38,0.0934663842751542,4.7,4.52,6,0.0467331921375771,4.36,-6.81,6,0.375,0.0467331921375771,0.0467331921375771,6,0.4375,0
"114",0.0430992621715972,0,0,5,0.0863666505876153,0.0430992621715972,0.125,0.0579987554758804,5,4.38,8,4.04,4.35,1.81,0.5625,4.04,0.0897149569710557,4.04,7,0,0,4.92,4.44,0,0.125,0.94,0.0430992621715972,7,3.95,0,4.44,0.0430992621715972,-8.72,0.9375,-8.72,4.04,0.8125,6,-6.64,0.0666666666666667,0.3125,0.0861985243431944,2.33,4,4.44,0.0430992621715972,4.04,-14.92,8,0,0,3.95,4.5,4.17,4.76,0,4.76,0.172397048686389,4,0.4375,4.04,3.97,0,4.7,4.44,4,0,4.75,-3.4,8,0.375,0.0430992621715972,0.0430992621715972,8,0.0625,0
"115",0.0473154099143399,0,0,6,0.0772178679356848,0.0473154099143399,0.3125,0.0525743580375696,6,3.95,6,-4.66,4.37,-5.54,0.3125,4.04,0.0811276812247728,-6.64,7,0,0.0946308198286798,-3.4,4.76,0.0473154099143399,0.0625,4.04,0,6,4.63,0.0473154099143399,3.95,0.0473154099143399,-4.66,0.8125,-2.57,1.81,0.9375,4,-5.55,0.2,0.5625,0.0473154099143399,2.33,6,4.35,0.0473154099143399,-8.72,4.04,7,0.0473154099143399,0.5,4.44,4.52,4.5,4.63,0,4.35,0.0473154099143399,6,0.125,4.04,3.95,0,4.7,4.75,6,0.0473154099143399,4.36,2.35,4,0.6875,0,0,7,0.25,0
"116",0,0,0.0452849293337604,8,0.0676575906997925,0.0452849293337604,0.375,0.0997742663744469,4,4.35,8,4.92,4.38,-14.92,0.25,4.04,0.0699064706321827,-8.72,8,0.0452849293337604,0,-14.92,4.35,0,0.3125,4.92,0.0905698586675209,8,3.95,0.0452849293337604,4.66,0,-5.54,0.9375,1.81,4.92,0.875,4,-0.14,0.133333333333333,0.5625,0.0452849293337604,2.33,8,4.17,0.135854788001281,1.81,1.81,7,0.0452849293337604,0.6875,3.95,4.36,4.38,4.37,0.0452849293337604,4.35,0,8,0.0625,2.98,4.17,0,4.7,4.76,4,0,4.6,-5.55,5,0.625,0.0905698586675209,0,7,0.4375,0
"117",0.0960963995651439,0,0.0480481997825719,7,0.0575521417784177,0.0480481997825719,0.375,0.0872597534122227,9,4.36,4,-0.14,4.5,-3.4,0.3125,-6.81,0.0739993429036697,-3.4,5,0.0480481997825719,0.0480481997825719,-5.55,4.35,0,0.1875,-2.57,0,7,4.6,0.0960963995651439,4.63,0,4.92,0.9375,4.04,1.81,0.875,9,2.98,0.333333333333333,0.6875,0,2.33,8,4.35,0.0960963995651439,1.81,-5.55,5,0,0.5,4.29,4.29,4.36,3.95,0.0480481997825719,3.95,0,7,0.0625,-4.66,4.35,0.0960963995651439,4.7,4.5,9,0.0480481997825719,4.66,-6.81,8,0.5625,0,0,5,0.625,0
"118",0.0463214059912096,0,0.0926428119824192,6,0.0396133405528878,0.0463214059912096,0.4375,0.101993615597213,7,4.29,4,2.35,4.5,-3.4,0.3125,0.94,0.0693386039726151,-2.57,7,0,0,-5.55,4.6,0.0463214059912096,0.3125,-8.72,0.0926428119824192,5,4.52,0.0926428119824192,4.38,0,4.92,0.5625,4.92,-5.55,0.9375,6,-0.14,0.4,0.6875,0.0463214059912096,2.33,6,4.36,0.0463214059912096,-0.14,-6.81,6,0,0.625,3.97,4.35,4.36,4.17,0,4.17,0,6,0.0625,-14.92,4.76,0.0463214059912096,4.7,4.35,6,0.0463214059912096,4.6,1.81,7,0.4375,0.0463214059912096,0.0463214059912096,7,0.1875,0
"119",0.0454081595968083,0,0,9,0.0669914641871456,0.0454081595968083,0.25,0.0934651250753864,9,3.95,9,4.04,4.52,2.35,0.125,2.98,0.0808482582211792,-5.54,9,0.0454081595968083,0.0454081595968083,4.92,4.29,0.0454081595968083,0.0625,-8.72,0.0908163191936165,9,3.95,0,4.29,0.0454081595968083,-5.54,0.75,-4.66,-3.4,0,8,-6.64,0.2,0.625,0.0454081595968083,2.33,9,4.5,0,-6.81,4.04,9,0.0908163191936165,0.9375,4.66,4.17,4.17,4.37,0,4.63,0,9,0.5,-6.81,4.76,0.0908163191936165,4.7,4.37,9,0,4.75,4.92,5,0.3125,0,0,9,0.625,0
"120",0.13813038256011,0.0460434608533701,0,8,0.0887228457999277,0.0460434608533701,0.1875,0.055460924874209,9,4.35,5,4.92,3.97,0.94,0.4375,-5.55,0.0644434394552825,-6.64,7,0.0460434608533701,0,1.81,4.5,0,0.0625,-3.4,0.13813038256011,7,4.17,0.0460434608533701,4.75,0.0920869217067403,1.28,0.75,2.98,-3.4,0.8125,9,4.92,0,0.3125,0,2.33,9,4.5,0.0920869217067403,-3.4,1.81,7,0,0.9375,4.36,4.17,4.35,4.65,0,4.66,0,8,0.5,-6.64,4.5,0,4.7,4.75,9,0,4.17,4.92,9,0.1875,0,0.0460434608533701,8,0.25,0
"121",0.0449468042723537,0.0898936085447073,0,5,0.112366129240901,0.0898936085447073,0.25,0.0467589906143233,7,4.5,5,4.04,3.95,4.04,0.5,2.98,0.0610816621644251,-5.55,5,0.0449468042723537,0,4.04,4.65,0,0.0625,4.04,0.0449468042723537,5,4.44,0.0449468042723537,4.75,0.0449468042723537,4.92,0.6875,1.28,4.04,0.8125,8,2.33,0.133333333333333,0.375,0,2.33,6,4.44,0,1.28,-3.4,6,0,0.9375,4.66,4.44,4.44,4.17,0,4.65,0.224734021361768,4,0.125,-6.64,4.44,0,4.7,4.36,8,0,4.7,4.04,8,0.3125,0,0,6,0.1875,0
"122",0,0.0902345500870947,0.0902345500870947,4,0.12230856604944,0.0451172750435474,0.375,0.0371053126993887,4,4.65,4,4.92,4.44,4.04,0.4375,1.81,0.0623012500760965,4.92,9,0.0451172750435474,0,1.81,4.36,0,0.375,-0.14,0.0451172750435474,5,4.17,0.0451172750435474,4.35,0,2.98,0,-0.14,-14.92,0.6875,6,4.04,0.133333333333333,0.125,0,2.33,4,4.38,0.0902345500870947,-5.55,1.28,5,0,0.875,4.35,4.65,4.35,4.66,0.0451172750435474,4.6,0.0902345500870947,9,0.3125,-2.57,4.6,0,4.7,3.95,5,0.0451172750435474,4.44,1.28,5,0.75,0.0451172750435474,0,8,0.0625,0
"123",0.044822031717861,0.044822031717861,0.0896440634357219,9,0.118834312449103,0.044822031717861,0.4375,0.0564130958060273,9,4.17,9,-0.14,4.63,-4.66,0.1875,4.92,0.0642785495475172,-3.4,9,0,0.044822031717861,4.92,4.35,0.0896440634357219,0.25,4.04,0.179288126871444,9,4.6,0.044822031717861,4.65,0,-0.14,0.9375,2.35,4.92,0.875,9,-5.55,0.4,0.0625,0,2.33,9,4.17,0,-2.57,4.92,9,0,0.5625,4.17,4.52,4.17,4.6,0,4.52,0,9,0.125,1.28,3.95,0,4.7,4.5,9,0.044822031717861,4.36,2.35,9,0.625,0,0,9,0.0625,0
"124",0.143141815204757,0,0,5,0.074805358096325,0.0477139384015856,0.3125,0.0540167337972318,5,4.35,7,0.94,4.5,-3.4,0.5,-4.66,0.0871027101657258,-3.4,3,0,0.0477139384015856,4.92,4.29,0,0.25,4.04,0.0477139384015856,5,3.97,0,4.38,0,4.04,0,-2.57,-14.92,0.75,7,-14.92,0.0666666666666667,0.375,0,2.33,6,4.38,0,-6.81,-2.57,7,0,0.9375,4.63,4.5,4.17,4.44,0,4.35,0.0954278768031712,4,0.0625,-14.92,4.44,0.0477139384015856,4.7,4.5,5,0.0954278768031712,4.38,-3.4,8,0.875,0.143141815204757,0.0477139384015856,8,0.1875,0
"125",0.139902373938381,0.0466341246461271,0,4,0.0889413901546581,0.0466341246461271,0.0625,0.0524035894898769,7,4.65,5,-3.4,3.95,4.92,0.5,-3.4,0.0911770008092359,0.94,4,0,0,-8.72,4.29,0,0.0625,-2.57,0.0932682492922543,7,4.5,0,4.17,0.0466341246461271,-3.4,0.875,-2.57,4.92,0.8125,7,4.92,0,0.375,0.0466341246461271,2.33,6,3.95,0,-6.81,1.28,5,0,0,4.5,4.75,4.76,4.5,0.0932682492922543,4.35,0,4,0.5,4.92,4.35,0.0466341246461271,4.7,3.97,7,0.0932682492922543,4.17,-6.64,3,0.625,0,0.0466341246461271,5,0.25,0
"126",0.0480651896532729,0.0480651896532729,0,4,0.0654182215121697,0.0961303793065458,0.3125,0.0558270977395704,4,4.76,5,-3.4,4.17,4.92,0.4375,4.92,0.0938639139227191,-14.92,5,0.0480651896532729,0,2.98,4.44,0,0.0625,1.81,0.0480651896532729,5,4.5,0,3.95,0,1.28,0.9375,-14.92,2.33,0.8125,4,1.81,0.133333333333333,0.1875,0.0480651896532729,2.33,4,4.7,0.144195568959819,4.04,-8.72,5,0,0.75,3.95,4.35,4.66,4.65,0.0480651896532729,4.38,0.0480651896532729,6,0.25,4.04,4.35,0,4.7,4.38,4,0,4.35,1.81,4,0.6875,0.0961303793065458,0,5,0.125,0
"127",0,0,0,5,0.0689467850686387,0.0483414464933356,0.3125,0.0560993682386387,5,3.95,6,-5.55,4.76,-8.72,0.3125,-6.81,0.0716503697065928,4.04,7,0.0966828929866711,0.0483414464933356,0.94,4.35,0,0.3125,-6.81,0.0483414464933356,6,4.36,0.0483414464933356,4.66,0,4.92,0.9375,2.98,0.94,0.875,5,-4.66,0.2,0.25,0.0483414464933356,2.33,5,3.97,0.0966828929866711,1.81,4.04,5,0,0.5625,4.29,4.35,3.97,4.17,0,4.66,0,7,0.0625,2.98,4.29,0.0966828929866711,4.7,3.95,5,0,4.63,1.81,6,0.75,0,0.0966828929866711,4,0.1875,0
"128",0,0,0,4,0.108030173727479,0.0472370615408607,0.1875,0.0923931401903252,3,4.35,5,4.92,4.35,-2.57,0.375,0.94,0.0437483997083578,-4.66,7,0,0.0472370615408607,1.81,4.38,0,0.125,4.92,0.0472370615408607,5,4.17,0,4.76,0,1.81,0.8125,4.04,-5.54,0.9375,5,-5.54,0.2,0.25,0.0472370615408607,2.33,4,4.37,0.0944741230817213,-14.92,-2.57,5,0.0944741230817213,0.875,3.97,3.95,4.35,4.35,0.0472370615408607,3.95,0,8,0.5,-8.72,3.95,0,4.7,4.63,4,0.0944741230817213,4.37,4.04,7,0.5625,0.0472370615408607,0.0472370615408607,5,0.0625,0
"129",0.0947906291712511,0,0,7,0.103809835785072,0.0473953145856256,0.1875,0.082537729326723,6,3.97,5,-6.81,3.95,4.92,0.5,2.98,0.0453376966260544,-8.72,6,0.0473953145856256,0,-6.81,4.5,0,0.1875,0.94,0,6,4.29,0,4.76,0,-3.4,0.6875,4.04,1.81,0.8125,6,-14.92,0.0666666666666667,0.4375,0.0947906291712511,2.33,7,4.35,0.0473953145856256,-3.4,0.94,5,0,0.9375,4.66,4.29,4.29,4.5,0.0473953145856256,4.44,0.0473953145856256,6,0.125,-8.72,3.97,0.142185943756877,4.7,4.76,6,0,4.38,-6.81,7,0.375,0.0473953145856256,0.0947906291712511,6,0.0625,0
"130",0.156749186803477,0.0522497289344922,0,6,0.0532495510103544,0.0522497289344922,0.25,0.0604262190265516,5,4.65,7,-3.4,3.97,0.94,0.625,-3.4,0.0561721737601548,-2.57,6,0,0,-14.92,4.35,0,0.5625,-14.92,0,7,4.5,0,4.38,0,1.81,0,-5.54,4.04,0.875,6,4.04,0.0666666666666667,0.3125,0,2.33,5,4.44,0.0522497289344922,-2.57,1.28,7,0.0522497289344922,0.8125,4.5,4.5,4.38,4.35,0,4.37,0.104499457868984,7,0.0625,-14.92,4.38,0,4.7,4.35,5,0.104499457868984,4.44,-3.4,7,0.5625,0.156749186803477,0.0522497289344922,6,0.125,0
"131",0.0955704181713197,0,0,6,0.106028538263349,0.0477852090856598,0.0625,0.10690450943016,6,4.75,5,0.94,4.17,4.92,0.4375,1.81,0.0465252351937127,-8.72,5,0,0,4.04,3.95,0,0.1875,-5.54,0.0955704181713197,6,3.97,0,4.5,0.0477852090856598,-3.4,0.8125,0.94,4.92,0.75,5,0.94,0.0666666666666667,0.125,0.0477852090856598,2.33,7,4.17,0.0477852090856598,4.04,-6.64,5,0.0477852090856598,0,4.35,4.29,3.95,4.5,0,3.97,0,5,0.5,-3.4,4.37,0.0477852090856598,4.7,4.76,5,0,3.97,-6.81,7,0.625,0,0.14335562725698,5,0.0625,0
"132",0,0.0488327735732354,0,4,0.0544208284779422,0.0488327735732354,0.25,0.0797206098482519,7,4.66,4,4.04,4.17,4.92,0.1875,4.04,0.0765098019711703,4.92,8,0.0488327735732354,0,-6.81,4.36,0,0.125,-6.81,0.146498320719706,3,3.95,0.0488327735732354,4.65,0,-8.72,0.8125,4.92,4.04,0.625,7,-5.54,0.4,0.0625,0.0488327735732354,2.33,4,4.44,0,-5.55,2.98,5,0.0488327735732354,0.875,3.95,4.38,4.29,4.76,0,4.17,0.0488327735732354,8,0.1875,1.28,4.29,0.0976655471464709,4.7,4.17,7,0,4.37,-14.92,6,0.6875,0.0488327735732354,0,7,0.0625,0
"133",0.0467281833819654,0,0,4,0.0757023033086812,0.0467281833819654,0.1875,0.0947175522709886,6,4.35,5,0.94,3.97,0.94,0.5625,0.94,0.0601586550706298,-5.54,6,0,0,4.92,4.35,0,0.25,-3.4,0.0467281833819654,4,3.97,0.0467281833819654,4.35,0,4.04,0.75,4.04,-5.55,0.875,5,-14.92,0.133333333333333,0.3125,0,2.33,5,4.36,0.140184550145896,1.81,1.81,7,0.0467281833819654,0.625,3.97,4.35,4.17,4.44,0,3.95,0.0467281833819654,5,0.125,-2.57,4.5,0,4.7,4.37,5,0.0467281833819654,4.38,1.81,8,0.5625,0.0467281833819654,0.140184550145896,8,0.0625,0
"134",0,0.0487424487937309,0,6,0.0531798606328587,0.0487424487937309,0.3125,0.0680012465429309,6,4.35,7,4.92,4.44,4.04,0.25,1.28,0.0521560799005113,-5.54,4,0.0487424487937309,0,-6.81,3.95,0,0.0625,-6.81,0,6,3.95,0,4.37,0,-8.72,0.875,-14.92,-14.92,0.9375,5,2.98,0.133333333333333,0.4375,0.0487424487937309,2.33,6,4.38,0,4.92,-2.57,7,0.0974848975874617,0.625,4.65,4.38,4.29,4.76,0.0974848975874617,4.38,0.0487424487937309,4,0.125,-5.54,4.29,0.0974848975874617,4.7,4.37,6,0.0487424487937309,4.66,-14.92,5,0.75,0.146227346381193,0,6,0.3125,0
"135",0.0486840129242072,0,0.0486840129242072,6,0.046223512120696,0.0486840129242072,0.1875,0.074439463665075,8,4.5,6,4.04,4.37,-5.54,0.5,0.94,0.0616016817056115,-6.81,7,0,0,0.94,4.38,0,0.0625,-0.14,0,6,4.44,0,3.95,0,-5.54,0.75,1.81,-8.72,0.625,8,4.04,0.0666666666666667,0.25,0.0486840129242072,2.33,7,4.76,0.0486840129242072,-14.92,-3.4,5,0.0973680258484143,0.875,3.97,4.44,3.97,4.37,0.0486840129242072,4.35,0.146052038772621,8,0.5,4.92,4.6,0.0486840129242072,4.7,4.29,8,0,4.44,4.04,7,0.6875,0.0486840129242072,0.0973680258484143,5,0.125,0
"136",0.048580381605144,0,0.048580381605144,7,0.0461336278682887,0.048580381605144,0.5,0.0802965093064884,4,4.38,7,-0.14,4.37,-5.54,0.1875,-5.54,0.0797853879149286,-4.66,7,0.048580381605144,0.048580381605144,4.04,4.44,0,0.25,-14.92,0.048580381605144,7,4.6,0.097160763210288,4.36,0,-3.4,0.9375,2.98,4.92,0.875,6,-8.72,0.2,0.125,0.048580381605144,2.33,7,4.17,0,4.04,-14.92,4,0.097160763210288,0.75,4.37,4.36,3.95,4.5,0,4.66,0.048580381605144,6,0.0625,-5.55,4.38,0,4.7,4.63,5,0,4.76,-5.55,8,0.6875,0.097160763210288,0,6,0.125,0
"137",0.0942110286048405,0.0471055143024202,0.0471055143024202,6,0.0574564697268151,0.0471055143024202,0.3125,0.103761954848294,6,3.95,5,4.92,4.17,4.92,0.1875,1.28,0.0510792163730753,-5.55,5,0.0471055143024202,0,-6.81,4.38,0,0.1875,-0.14,0.0471055143024202,6,3.95,0.0471055143024202,4.66,0.0942110286048405,-6.64,0.625,-3.4,-6.64,0.9375,6,-3.4,0.133333333333333,0.125,0,2.33,5,4.75,0,-14.92,4.92,5,0.0471055143024202,0.875,4.65,4.37,4.29,4.75,0.0942110286048405,4.5,0,5,0.0625,2.98,4.6,0.0471055143024202,4.7,4.36,6,0,4.5,-5.54,6,0.375,0.0471055143024202,0,5,0.125,0
"138",0.0954658596185591,0,0,4,0.0481728635394167,0.0477329298092796,0.25,0.0690296444321837,4,4.17,6,4.92,4.5,-3.4,0.3125,0.94,0.0862347246935281,-14.92,6,0,0,4.04,3.95,0,0.1875,-6.64,0.0954658596185591,5,4.17,0.0477329298092796,4.5,0.0477329298092796,-14.92,0.875,-5.55,-8.72,0.9375,5,-8.72,0.266666666666667,0.125,0.0954658596185591,2.33,4,4.76,0,4.04,4.92,6,0.0477329298092796,0.75,3.97,4.37,3.95,4.38,0,4.36,0,6,0.3125,-3.4,4.75,0,4.7,4.38,4,0,4.76,-5.54,7,0.4375,0.0954658596185591,0.0477329298092796,5,0.0625,0
"139",0,0,0.0485948770943336,5,0.0651754907640934,0.0485948770943336,0.3125,0.0623412559829439,5,4.6,7,-2.57,4.35,-2.57,0.375,1.81,0.0563076030846604,4.04,6,0.0485948770943336,0,-6.81,4.38,0,0.125,2.98,0,6,4.35,0.0485948770943336,4.36,0,-5.54,0.5625,-5.54,1.81,0.9375,5,-5.54,0.133333333333333,0.375,0,2.33,5,4.35,0.0971897541886672,-14.92,-0.14,7,0.145784631283001,0.875,4.35,4.35,4.29,4.37,0,4.37,0.0485948770943336,6,0.0625,-5.55,4.66,0.0485948770943336,4.7,4.44,5,0.145784631283001,4.37,-2.57,6,0.3125,0.0485948770943336,0,7,0.1875,0
"140",0,0,0,6,0.0684184026125378,0,0.0625,0.110179756998942,5,4.17,7,-2.57,4.17,4.92,0.375,4.92,0.0574743776546552,4.92,6,0,0,4.92,4.44,0,0.1875,1.81,0.233363759617932,6,4.35,0.0466727519235863,4.35,0,4.04,0.75,4.92,-5.55,0.875,5,-8.72,0.133333333333333,0.125,0.0466727519235863,4.04,6,4.36,0.0933455038471726,4.04,4.92,6,0,0,4.17,3.95,4.17,4.44,0.0933455038471726,3.95,0.0933455038471726,6,0.625,1.81,4.35,0,3.95,4.17,5,0.0466727519235863,4.76,4.92,6,0.5625,0,0,6,0.0625,0
"141",0,0.045552937308202,0,6,0.0606500304478586,0.0911058746164041,0.25,0.116946242805534,5,4.66,6,0.94,3.97,0.94,0.25,-6.64,0.0503710655837768,4.92,7,0.045552937308202,0,1.81,4.75,0,0.1875,1.28,0.136658811924606,6,3.97,0.045552937308202,4.7,0.136658811924606,4.04,0.875,4.92,4.92,0.8125,6,-5.55,0.133333333333333,0.375,0,2.33,6,4.17,0.045552937308202,-6.64,2.98,5,0,0.5,4.75,4.75,4.35,3.95,0,4.17,0,8,0.0625,2.33,4.65,0,4.7,4.17,6,0,4.36,-6.64,6,0.625,0,0.0911058746164041,5,0.25,0
"142",0.137664406915851,0,0,5,0.0478656053119004,0.091776271277234,0.1875,0.109401132719386,3,4.7,6,-3.4,3.97,0.94,0.625,1.81,0.0538289522324791,-2.57,6,0,0,4.04,3.97,0,0.25,0.94,0,6,4.5,0,4.44,0,4.92,0,-3.4,-3.4,0.875,3,-14.92,0,0.375,0,2.33,4,4.5,0.091776271277234,0.94,2.33,7,0,0.5,4.35,4.35,3.95,3.95,0.045888135638617,4.5,0.045888135638617,5,0.125,4.04,3.97,0,4.7,4.35,3,0.045888135638617,4.38,1.81,6,0.3125,0.045888135638617,0.137664406915851,7,0.0625,0
"143",0,0,0,6,0.0602085879771042,0.0897634821113511,0.375,0.12800588857853,6,4.63,6,1.81,4.35,1.81,0.3125,2.33,0.0519924786845164,4.04,3,0.0448817410556756,0.0897634821113511,-5.54,4.66,0,0.0625,0.94,0.0448817410556756,5,4.35,0.0448817410556756,4.17,0.0448817410556756,0.94,0.75,-5.55,-6.64,0.8125,6,-8.72,0.133333333333333,0.3125,0.0448817410556756,2.33,6,4.75,0.0897634821113511,2.98,-4.66,4,0.0448817410556756,0.9375,4.7,4.63,4.37,3.97,0,4.36,0,4,0.1875,4.92,3.97,0,4.7,3.95,6,0,4.76,-4.66,5,0.625,0,0.0897634821113511,3,0.125,0
