"","S15","PAC.R","PAC.T","PAC.V","AAindex.ANDN920101_15","PAC.3","PAC.K","H.9","AAindex.ANDN920101_8","CTD.D_medium_25.","H.7","AAindex.ANDN920101_13","AAindex.ANDN920101_14","AAindex.ANDN920101_4","S8","AAindex.ANDN920101_12","H.2","AAindex.ANDN920101_6","PAC.A","H.11","PAC.Q","PAC.L","PAC.W","AAindex.ANDN920101_9","PAC.1","class"
"1",8,0.108265411520214,0.054132705760107,0.054132705760107,4.5,0.0362064591968961,0.054132705760107,-14.92,4.5,0.3125,4.04,4.44,4.35,4.35,8,4.36,-6.81,4.44,0.108265411520214,-6.81,0,0,0,4.38,0.0649876302516508,1
"2",6,0,0.103818661384568,0.103818661384568,4.36,0.0308856474483214,0.103818661384568,-2.57,4.5,0.1875,-2.57,4.66,3.97,4.29,7,3.95,-5.54,3.95,0,4.92,0.103818661384568,0.0519093306922839,0,4.35,0.0955215738234033,1
"3",6,0,0.105309462956024,0,4.5,0.0253792836178655,0.105309462956024,-5.55,4.35,0.75,2.35,4.36,4.29,4.5,8,4.29,-2.57,4.5,0,-3.4,0,0,0,4.36,0.0806366979522825,1
"4",7,0,0.151116759422998,0,4.35,0.0264409552638075,0,-2.57,4.35,0.3125,-3.4,3.97,4.35,4.35,6,4.37,2.98,4.35,0.251861265704997,-8.72,0.100744506281999,0,0,4.35,0.112081352596819,1
"5",6,0,0.167473623382168,0,4.36,0.0308231765920272,0.0558245411273893,1.81,4.35,0.25,-2.57,4.35,4.35,4.37,7,3.97,0.94,4.5,0.223298164509557,-5.54,0.111649082254779,0,0,4.35,0.0459522843068605,1
"6",8,0,0.056256342410446,0.112512684820892,4.44,0.0238223648638077,0.056256342410446,-2.57,4.5,0.375,-5.55,3.95,4.17,4.44,6,4.75,-3.4,3.95,0.056256342410446,1.81,0,0.056256342410446,0,4.35,0.0553576892367074,1
"7",5,0,0.051135464007638,0.102270928015276,3.95,0.0755975829445314,0,4.92,4.5,0.1875,-3.4,4.66,4.5,4.17,8,4.35,-6.64,4.44,0.051135464007638,2.98,0,0.051135464007638,0,3.95,0.0589602128200525,1
"8",8,0,0,0.0524677084127199,4.5,0.0523798135159145,0.0524677084127199,-3.4,4.5,0.4375,4.04,3.97,4.44,4.36,7,4.5,-3.4,3.97,0,-3.4,0,0,0,4.5,0.062130895814169,1
"9",7,0,0,0.0511209870307791,4.37,0.0703792991727936,0.0511209870307791,-3.4,4.5,0.375,-3.4,4.44,4.5,4.66,8,3.97,2.98,3.95,0,-3.4,0.0511209870307791,0,0,4.5,0.0491104407422925,1
"10",6,0.0551030539125469,0.110206107825094,0.0551030539125469,4.36,0.0474953144194247,0.0551030539125469,4.92,4.5,0.3125,4.04,3.95,4.17,4.38,7,4.29,-8.72,4.17,0,-2.57,0,0.110206107825094,0,3.95,0.0407321405883614,1
"11",8,0.105966594004049,0.0529832970020246,0,4.5,0.0528267037779717,0,-0.14,4.35,0.375,4.92,3.97,4.37,4.5,5,4.35,-3.4,4.75,0.0529832970020246,4.04,0.0529832970020246,0.105966594004049,0,4.6,0.0469696483041884,1
"12",8,0,0.104950979083543,0,4.5,0.0496383806825785,0.0524754895417717,-5.55,4.5,0.125,0.94,4.35,4.5,4.35,8,4.17,4.92,4.6,0.104950979083543,-3.4,0,0.0524754895417717,0,4.36,0.0432758249022571,1
"13",8,0.0542951858329765,0.108590371665953,0,4.5,0.0444574898356026,0.0542951858329765,-14.92,4.5,0.3125,-3.4,4.63,4.44,4.35,8,4.6,-2.57,4.5,0,4.04,0,0,0,4.38,0.0418441027741725,1
"14",8,0.0510046665303578,0.102009333060716,0.0510046665303578,3.97,0.0394415449825028,0,-0.14,4.5,0.4375,4.04,4.38,4.35,4.35,6,4.52,-3.4,4.44,0.153013999591073,-8.72,0,0,0,4.6,0.0399144182953576,1
"15",8,0.152990261248216,0.101993507498811,0.0509967537494054,4.35,0.0385860058730454,0,-3.4,4.5,0.375,4.04,4.6,4.52,4.38,8,4.76,4.04,3.95,0.0509967537494054,0.94,0,0,0,4.5,0.0299368570833356,1
"16",8,0.102087139689104,0.102087139689104,0.0510435698445521,4.52,0.0364745863162442,0,-14.92,4.5,0.3125,-3.4,4.52,4.35,4.35,8,4.6,-2.57,4.44,0.0510435698445521,-8.72,0,0,0,4.38,0.0326214940531905,1
"17",7,0,0.103092981758698,0.103092981758698,4.35,0.0332990104919776,0.103092981758698,-6.81,4.5,0.125,4.04,4.35,3.95,4.36,7,4.36,4.92,4.35,0.154639472638046,-2.57,0,0.0515464908793488,0,4.29,0.0427575111296944,1
"18",8,0.053380428361511,0.053380428361511,0.053380428361511,3.95,0.0434670226370789,0.053380428361511,-6.81,4.35,0.25,4.92,4.36,4.6,4.29,8,4.38,0.94,4.44,0,4.04,0.053380428361511,0.053380428361511,0,4.29,0.0524998862403688,1
"19",8,0,0.104386282782448,0.104386282782448,4.44,0.0814274434676654,0.104386282782448,-2.57,4.5,0.1875,4.04,4.35,4.36,4.36,7,4.44,1.81,4.35,0.104386282782448,4.04,0,0,0,4.35,0.042860056546256,1
"20",8,0,0.167182777811455,0.111455185207636,4.35,0.0498055657593194,0.111455185207636,-3.4,4.35,0.125,-3.4,4.36,4.44,4.5,8,4.35,-6.81,3.95,0.111455185207636,4.04,0,0,0,4.5,0.0318312667558484,1
"21",7,0,0.151225293200584,0.0504084310668613,4.35,0.0821985135919966,0.0504084310668613,-6.81,4.35,0.1875,4.04,4.35,4.6,4.44,8,4.37,-6.81,4.36,0,-5.54,0.151225293200584,0,0.0504084310668613,4.29,0.0533998691133714,1
"22",7,0,0.0537872757307694,0.0537872757307694,4.66,0.0681885235693715,0.0537872757307694,1.28,4.35,0.3125,0.94,4.36,4.6,4.17,7,4.75,-8.72,3.97,0,-3.4,0,0.0537872757307694,0,4.65,0.0602710990983094,1
"23",7,0.0517614777041085,0.103522955408217,0.103522955408217,4.38,0.11726081802889,0,-2.57,4.5,0.1875,-8.72,3.97,4.35,4.17,7,4.44,4.04,3.95,0,4.04,0.0517614777041085,0.0517614777041085,0.0517614777041085,4.35,0.0493109842217484,1
"24",8,0,0.103808647798561,0.0519043238992805,4.17,0.0742021182010665,0,-6.81,4.35,0.375,4.04,4.5,4.35,4.6,7,4.35,-0.14,3.95,0.155712971697841,4.04,0,0.0519043238992805,0,4.29,0.0629811883506898,1
"25",7,0.10208992693085,0.10208992693085,0.10208992693085,4.5,0.107677929560156,0.10208992693085,-2.57,4.5,0.4375,4.92,4.37,4.38,4.35,7,3.95,-14.92,4.29,0.10208992693085,4.04,0.0510449634654249,0,0,4.35,0.0506206631447851,1
"26",8,0,0.27184445015066,0,4.5,0.0626005128999971,0,-2.57,4.5,0.1875,-2.57,4.35,4.44,4.44,8,4.35,-6.64,4.35,0.054368890030132,-5.54,0.054368890030132,0.054368890030132,0,4.35,0.0284172611729189,1
"27",8,0,0.0494528864538456,0.0989057729076912,4.35,0.130004535149676,0,1.81,4.5,0.25,4.04,4.44,4.5,4.17,8,4.5,-6.64,4.44,0.148358659361537,4.04,0,0.0494528864538456,0,4.35,0.0490235879989562,1
"28",8,0,0,0.161720478863502,4.5,0.0769590331737266,0,4.04,4.5,0.3125,1.81,4.35,3.95,4.44,8,4.5,4.92,4.5,0.161720478863502,4.04,0,0.0539068262878339,0,3.95,0.0357006445285247,1
"29",8,0,0,0.152439462544173,3.97,0.125875262335743,0,1.81,4.5,0.3125,4.04,4.35,4.75,4.5,8,4.5,-3.4,4.5,0.152439462544173,-3.4,0,0,0,4.35,0.0545882188716003,1
"30",8,0,0.0549363623841074,0.164809087152322,4.17,0.0579496369747719,0,-3.4,4.5,0.4375,4.04,4.35,3.95,4.44,8,3.97,4.04,4.35,0.109872724768215,-6.64,0,0.0549363623841074,0,4.5,0.0379861740668457,1
"31",7,0,0.259758760058612,0.0519517520117223,4.17,0.0790469812567256,0,-3.4,4.5,0.375,-2.57,3.95,4.35,4.17,8,4.35,-2.57,4.37,0,0.94,0.0519517520117223,0.103903504023445,0,4.5,0.0591444100683147,1
"32",8,0,0.151109845187084,0.10073989679139,4.52,0.122490805990851,0,-2.57,4.35,0.0625,4.04,4.63,4.52,4.5,7,3.97,2.35,3.95,0,0.94,0,0,0,4.35,0.0369726772224232,1
"33",8,0,0.156382730535704,0.0521275768452347,4.44,0.0761275961874807,0.0521275768452347,-2.57,4.5,0.1875,-5.55,4.35,4.5,4.5,8,4.44,4.92,4.75,0,-2.57,0,0.104255153690469,0,4.35,0.0580230772971399,1
"34",7,0.0549804924761097,0.219921969904439,0,4.5,0.0696009286582053,0.0549804924761097,4.04,4.5,0,-2.57,4.35,4.63,4.5,8,4.38,-3.4,4.44,0,4.04,0,0,0,4.44,0.031970216639728,1
"35",8,0.108133705649758,0.162200558474638,0.0540668528248792,4.38,0.0755122857852729,0,2.98,4.5,0.125,-0.14,4.35,4.29,4.29,6,4.35,4.92,3.97,0.0540668528248792,-2.57,0,0.0540668528248792,0,4.66,0.0633548405790492,1
"36",8,0.0533175318218459,0.0533175318218459,0,4.38,0.0917810477430635,0.106635063643692,4.04,4.35,0.3125,4.04,4.44,4.5,4.29,8,4.5,-5.55,4.17,0,4.92,0,0.159952595465538,0,4.44,0.03258402555327,1
"37",8,0,0.0533609834243285,0.106721966848657,3.97,0.0546412075318543,0,-3.4,4.5,0.1875,4.04,4.44,4.29,4.35,7,4.37,2.98,4.44,0,4.04,0.213443933697314,0,0,4.5,0.0757470505883038,1
"38",8,0,0.0517035128272199,0.15511053848166,4.35,0.0629232718742559,0,4.04,4.35,0.25,4.04,4.44,4.76,4.29,8,4.76,1.81,3.95,0.15511053848166,4.04,0,0,0,4.44,0.0961576842018503,1
"39",8,0.0538990625852375,0.107798125170475,0.161697187755713,4.44,0.0536578800379979,0,4.04,4.5,0.3125,4.04,4.35,3.97,3.95,8,4.35,-14.92,4.37,0.161697187755713,1.81,0.0538990625852375,0,0,3.95,0.0767657083459117,1
"40",6,0,0.105028698462371,0.105028698462371,4.63,0.0729297368323237,0,-2.57,4.5,0.125,-3.4,4.35,4.52,3.95,8,3.95,4.04,4.35,0.105028698462371,0.94,0,0,0,4.35,0.0565688410648677,1
"41",7,0,0.154558390755406,0.103038927170271,4.35,0.0615444601924173,0,-2.57,4.35,0.0625,-3.4,4.52,4.63,4.5,8,4.35,-3.4,4.5,0.103038927170271,4.04,0,0,0,4.35,0.0710531032329744,1
"42",8,0,0.162219456592269,0.0540731521974229,4.5,0.056173500617301,0,0.94,4.35,0.125,-2.57,4.63,4.35,4.35,8,4.52,4.92,4.5,0.108146304394846,1.81,0,0,0,3.97,0.0738045967918614,1
"43",7,0,0.267854633316897,0.107141853326759,4.35,0.065929931942759,0,-3.4,4.35,0.25,-4.66,4.5,3.95,3.95,8,4.5,-2.57,4.52,0.0535709266633794,-3.4,0,0,0,4.5,0.069445039347642,1
"44",8,0,0.190453224561399,0.0952266122806993,4.36,0.0835895138692069,0.0476133061403496,-2.57,4.5,0.1875,-2.57,3.95,4.35,4.35,8,4.5,0.94,4.63,0.0476133061403496,-3.4,0,0,0,4.35,0.0977646254052359,1
"45",8,0,0.156117336244855,0.104078224163237,4.5,0.084421443119496,0.0520391120816185,-3.4,4.35,0.125,-3.4,4.35,4.36,4.52,8,3.95,4.04,4.35,0.0520391120816185,-3.4,0,0,0,4.5,0.0529814252317512,1
"46",8,0,0.157818466491259,0.105212310994173,4.6,0.0694937606012961,0.0526061554970863,-3.4,4.5,0.0625,-2.57,4.36,4.5,4.63,8,4.35,1.81,4.5,0.0526061554970863,4.04,0,0,0,4.5,0.043820709026099,1
"47",8,0,0.160566785816208,0.0535222619387361,4.37,0.0535341835625318,0.0535222619387361,-5.55,4.35,0.4375,4.04,4.5,4.5,4.5,8,3.95,-3.4,4.5,0,-0.14,0.0535222619387361,0,0,4.36,0.059151083452251,1
"48",8,0,0.164293198807314,0.0547643996024381,4.75,0.0584903645975142,0.0547643996024381,-0.14,4.5,0.625,-5.55,4.37,4.35,4.5,8,4.5,-3.4,4.35,0,-3.4,0.0547643996024381,0,0,4.6,0.0492502148314378,1
"49",8,0,0.162933020311105,0.0543110067703683,4.63,0.0376821109084169,0.0543110067703683,-3.4,4.5,0.4375,4.92,4.76,4.35,4.36,8,4.75,4.04,4.6,0,-2.57,0.0543110067703683,0,0,4.5,0.0650610637435616,1
"50",8,0.0534392199517658,0.106878439903532,0,4.76,0.0550956367183559,0.106878439903532,-6.64,4.35,0.25,-5.54,4.36,4.38,3.95,8,4.63,-3.4,4.5,0,-2.57,0.0534392199517658,0,0,4.75,0.0678317077379867,1
"51",7,0.10824421076319,0.162366316144785,0,4.35,0.0211745594646073,0.0541221053815951,-0.14,4.35,0.0625,-8.72,4.44,4.38,4.63,8,4.35,-8.72,4.38,0.162366316144785,1.81,0,0,0,4.6,0.0677436207575257,1
"52",8,0.114322472394012,0.114322472394012,0.0571612361970058,4.5,0.0185281258747631,0.0571612361970058,4.04,4.35,0.8125,1.81,4.29,3.95,4.35,8,4.63,-14.92,4.35,0.171483708591017,1.81,0,0,0,4.44,0.0496721993108585,1
"53",7,0.109779181022138,0.109779181022138,0.164668771533208,3.95,0.0204586198610414,0,-6.81,4.5,0.4375,4.04,4.38,4.35,4.35,7,3.95,4.04,4.29,0.0548895905110692,-3.4,0,0,0,4.29,0.0671082551522058,1
"54",8,0.0559355272176531,0.0559355272176531,0.167806581652959,4.44,0.0158981859953334,0,4.04,4.5,0.25,4.92,4.6,4.44,3.95,4,3.95,-4.66,4.29,0.0559355272176531,-2.57,0,0,0,3.95,0.0611520705403183,1
"55",8,0.0555615817697827,0.0555615817697827,0.166684745309348,4.29,0.0172416868038049,0,4.04,4.35,0.25,-14.92,4.29,4.29,3.95,7,4.44,-3.4,3.95,0,4.04,0,0,0,3.95,0.0552036052957333,1
"56",8,0,0.109331245985262,0.163996868977893,3.97,0.0182472424079006,0.054665622992631,4.92,4.35,0.3125,-3.4,3.95,4.17,4.36,7,4.35,4.92,3.95,0,-3.4,0,0.163996868977893,0,4.17,0.0634032462653317,1
"57",8,0,0.159005626767043,0.0530018755890144,4.5,0.0219758925514009,0.0530018755890144,4.04,4.35,0.1875,-2.57,4.63,4.35,4.36,8,4.44,-6.81,4.29,0,4.04,0,0,0,3.95,0.096429158913042,1
"58",8,0,0.158392101573847,0,4.29,0.0167926195452779,0,4.04,4.35,0.75,-2.57,4.35,4.37,4.29,8,4.37,-3.4,4.5,0.0527973671912823,1.81,0.105594734382565,0,0,4.44,0.1029179899581,1
"59",8,0,0.161764579277896,0,4.44,0.0317893039452795,0.0539215264259655,-6.81,4.35,0.3125,-5.55,4.44,3.95,4.35,8,4.35,1.81,4.29,0.0539215264259655,4.04,0.107843052851931,0,0,4.29,0.0707241269826123,1
"60",6,0,0.101956099892655,0,4.36,0.0364548829255764,0.101956099892655,4.04,4.35,0.125,4.04,4.17,4.35,4.35,8,4.5,-6.81,3.97,0.0509780499463275,4.04,0.0509780499463275,0.0509780499463275,0,4.44,0.105619285933342,1
"61",8,0,0.106861023611332,0.106861023611332,4.37,0.0385799053604253,0.0534305118056658,4.04,4.35,0.4375,4.04,4.76,4.66,4.36,8,4.5,4.92,3.97,0.0534305118056658,2.98,0.0534305118056658,0.0534305118056658,0,3.95,0.086929000505297,1
"62",8,0,0.0528612287107758,0,4.44,0.0191361161173103,0,2.35,4.35,0.3125,1.81,3.95,4.5,4.76,7,4.44,-8.72,3.95,0.0528612287107758,4.04,0.0528612287107758,0.0528612287107758,0,4.52,0.0910505967899642,1
"63",8,0,0.0516366877159397,0,4.76,0.0340608020273825,0,4.04,4.5,0.4375,4.92,4.37,4.5,4.52,8,3.95,-2.57,4.44,0.103273375431879,4.04,0.0516366877159397,0,0,4.44,0.0693159965369969,1
"64",7,0,0,0,4.66,0.0413664263466767,0,-8.72,3.95,0.375,-5.54,4.17,4.5,4.44,7,3.97,2.33,3.95,0,-6.64,0.0512296957135454,0.0512296957135454,0.0512296957135454,4.76,0.0897965698035556,1
"65",7,0,0.108280888106975,0.0541404440534875,4.6,0.0352312100336048,0.0541404440534875,-2.57,4.35,0.25,4.04,4.29,4.5,4.29,7,4.36,4.04,4.75,0,2.35,0.0541404440534875,0,0,4.35,0.0769574444005129,1
"66",8,0,0.0526742949966741,0.0526742949966741,4.5,0.0253793905612121,0,4.92,4.5,0.3125,4.04,4.5,4.5,4.52,7,4.35,1.81,3.97,0.0526742949966741,-5.54,0.105348589993348,0.105348589993348,0,4.17,0.0956489621711991,1
"67",7,0.0540768147454377,0.0540768147454377,0,4.76,0.0443444979509489,0.0540768147454377,-6.81,4.5,0.5625,-8.72,4.5,3.97,4.6,8,3.97,1.28,4.36,0,-14.92,0,0,0,4.29,0.0525558311596463,1
"68",4,0.0544073829079395,0.0544073829079395,0.0544073829079395,4.17,0.0357950441141542,0.108814765815879,-3.4,4.35,0.25,-5.55,4.35,4.63,3.95,6,4.38,0.94,3.97,0.0544073829079395,4.92,0,0.108814765815879,0,4.5,0.0483823290935741,1
"69",6,0.106323610719673,0.0531618053598366,0.0531618053598366,4.38,0.0430106455031844,0.106323610719673,-4.66,4.5,0.1875,-2.57,4.63,4.17,4.6,8,4.35,-5.55,4.36,0.0531618053598366,-14.92,0,0.106323610719673,0,4.63,0.0584995899329691,1
"70",5,0.10303368916067,0,0,3.95,0.0323333290520529,0.10303368916067,-8.72,4.5,0.6875,-14.92,4.36,4.63,4.38,7,4.5,4.04,4.52,0,4.92,0,0.0515168445803352,0,4.76,0.0835436518931963,1
"71",8,0.0510196476999741,0.0510196476999741,0,4.37,0.0477919099663938,0.102039295399948,-5.55,4.5,0.4375,4.92,4.35,4.63,4.5,4,4.36,2.35,4.63,0,4.92,0.0510196476999741,0.0510196476999741,0,4.36,0.077310127008069,1
"72",6,0,0.104805318243163,0.104805318243163,4.6,0.0646233347606617,0.104805318243163,-2.57,4.5,0.4375,4.04,4.5,4.36,4.17,7,4.35,-5.55,4.5,0.0524026591215814,4.92,0,0.104805318243163,0,4.35,0.0496021967367899,1
"73",7,0.0530590261798797,0.159177078539639,0,4.6,0.0648759977589759,0.0530590261798797,2.98,4.5,0.125,4.92,4.36,4.35,4.38,7,4.35,4.92,4.66,0.0530590261798797,-2.57,0,0.106118052359759,0,4.66,0.0409190655045457,1
"74",7,0.051678974610716,0.051678974610716,0,3.95,0.0514374584989857,0,1.81,4.5,0.0625,1.81,4.38,4.35,4.44,7,4.17,-3.4,4.35,0.206715898442864,4.04,0,0.051678974610716,0,4.35,0.0512081334648378,1
"75",9,0,0.0519261315189248,0,4.44,0.0351696019025035,0,1.81,4.35,0.0625,4.04,4.44,4.44,4.44,8,4.29,0.94,4.5,0.10385226303785,4.04,0.0519261315189248,0,0,4.35,0.0630452405083274,1
"76",8,0,0.0555994907575741,0,4.29,0.0406204456503994,0,4.04,4.5,0.625,1.81,4.44,4.44,4.5,9,4.44,4.04,4.35,0.111198981515148,4.04,0,0,0,4.44,0.0349731177221131,1
"77",8,0,0.386915914716699,0.0552737021023856,4.35,0.0440764530058614,0.0552737021023856,-2.57,4.5,0.1875,-5.55,4.35,4.35,4.75,8,4.35,-2.57,4.35,0.0552737021023856,-2.57,0,0,0,4.35,0.0417224503444139,1
"78",7,0,0.417870660172169,0.104467665043042,4.36,0.0571279661043166,0.104467665043042,-2.57,4.35,0.375,-2.57,3.95,4.35,4.5,7,4.35,1.81,3.95,0.0522338325215211,-2.57,0,0,0,4.35,0.053365876945829,1
"79",8,0,0.150068908472991,0.150068908472991,4.35,0.0948000486809994,0.0500229694909968,0.94,4.5,0.25,4.92,4.35,3.97,3.95,8,4.35,4.04,4.44,0.0500229694909968,4.04,0,0,0,3.97,0.0547064281606257,1
"80",8,0,0.206925891797056,0.103462945898528,4.35,0.0537069293501213,0.103462945898528,-5.55,4.35,0.3125,-2.57,4.44,4.35,4.52,4,4.5,-2.57,4.17,0.051731472949264,0.94,0,0.051731472949264,0,4.36,0.032393736119794,1
"81",8,0,0.0965504785702443,0.0965504785702443,4.66,0.06532290306846,0.0482752392851222,2.98,4.35,0.4375,4.04,4.36,4.75,4.44,7,4.75,0.94,4.35,0.0482752392851222,-5.54,0.0965504785702443,0,0,4.66,0.0764482080258157,1
"82",7,0,0,0.0500957781327374,3.97,0.0614856149390055,0.0500957781327374,1.81,4.5,0.0625,4.04,4.36,4.66,4.5,7,4.66,0.94,4.44,0.0500957781327374,0.94,0,0,0,4.35,0.0620863067215034,1
"83",8,0,0.155189418138269,0,4.44,0.0507624664507571,0.103459612092179,-5.55,4.35,0.125,-3.4,4.35,4.5,4.35,8,4.66,-6.81,4.44,0.103459612092179,-6.81,0,0.0517298060460897,0,4.36,0.0545601657847575,1
"84",8,0.0500106388656322,0.100021277731264,0,4.5,0.0475228320425922,0,-3.4,4.35,0.375,-3.4,4.37,4.35,4.5,8,4.5,4.04,4.75,0,-5.54,0.100021277731264,0.0500106388656322,0,4.5,0.0631981754915963,1
"85",8,0.0472382890896528,0.141714867268958,0,4.35,0.0617934349004503,0,-3.4,4.5,0.3125,-2.57,4.35,4.5,4.38,8,4.37,4.04,4.5,0,-3.4,0.0944765781793056,0,0,4.5,0.0398814403451297,1
"86",8,0.0472148359174402,0.141644507752321,0.0472148359174402,4.44,0.0600962053590522,0.0472148359174402,-2.57,4.35,0.375,1.81,4.35,4.44,4.5,5,4.36,-2.57,3.95,0.0944296718348804,0.94,0,0,0,4.35,0.0560297278781344,1
"87",8,0.0502571583640689,0.150771475092207,0.0502571583640689,4.75,0.0285916731833677,0.0502571583640689,-3.4,4.35,0.3125,-2.57,4.44,4.44,4.5,8,4.35,-14.92,4.35,0.100514316728138,-5.55,0,0,0,4.5,0.0542316074636447,1
"88",7,0,0,0,4.5,0.0347236555554592,0.0526400835771716,1.28,4.5,0.25,0.94,3.95,4.75,4.17,8,4.76,4.04,3.97,0,-8.72,0,0.0526400835771716,0,4.65,0.0513420885799841,1
"89",8,0,0.0992108399147241,0.0992108399147241,4.76,0.0370460448334664,0,-6.81,4.35,0.3125,-3.4,3.95,4.17,4.6,8,4.35,4.04,4.75,0.049605419957362,-6.81,0,0.049605419957362,0,4.29,0.0549972885355672,1
"90",7,0,0.148230011534582,0,4.75,0.0502082061639393,0,-5.54,4.35,0.25,4.92,4.5,4.66,4.17,7,4.37,-2.57,4.75,0,-2.57,0.0988200076897212,0.0494100038448606,0,4.37,0.056919307105112,1
"91",8,0,0,0.0500509384212768,3.97,0.026181342745849,0,-6.64,4.5,0.3125,-6.81,4.75,3.97,4.76,8,4.17,-8.72,4.65,0,1.28,0.0500509384212768,0.0500509384212768,0,4.75,0.0676164077782014,1
"92",7,0,0.21435574545384,0.10717787272692,4.37,0.0323409913091148,0.0535889363634599,-5.54,4.5,0.375,4.04,4.35,3.95,3.95,7,4.35,-2.57,4.37,0.0535889363634599,-5.54,0.21435574545384,0,0,4.37,0.0618945002726639,1
"93",8,0,0,0.0530079641163081,3.97,0.036187438196243,0.0530079641163081,1.81,4.5,0.0625,4.04,4.36,4.66,4.5,6,4.66,0.94,4.44,0.0530079641163081,0.94,0,0,0,4.35,0.0571617581108533,1
"94",8,0.0526717104995796,0.158015131498739,0.0526717104995796,4.36,0.0265585442275278,0.105343420999159,-3.4,4.35,0.375,-8.72,4.17,4.38,4.5,7,4.35,-5.55,3.95,0.0526717104995796,-3.4,0,0.0526717104995796,0,4.5,0.0318235267730419,1
"95",7,0.0496601924241586,0.0993203848483173,0.0496601924241586,3.95,0.0505245929086767,0.0993203848483173,-3.4,4.5,0.3125,-2.57,4.38,4.36,4.76,8,4.17,1.81,4.76,0.0496601924241586,-2.57,0,0.0496601924241586,0,4.5,0.0548858231840261,1
"96",6,0.0515904485051394,0.0515904485051394,0.154771345515418,4.5,0.0491246036841457,0,-6.81,4.5,0.375,-2.57,4.17,4.17,4.38,8,3.95,0.94,4.75,0.0515904485051394,4.04,0,0.154771345515418,0,4.29,0.035636518008259,1
"97",6,0,0.151600851689731,0.202134468919642,3.95,0.0509940073283438,0.0505336172299105,-5.54,4.35,0.1875,4.04,3.95,4.36,4.5,8,4.35,-3.4,4.44,0,0.94,0.0505336172299105,0.0505336172299105,0,4.37,0.0576857287469668,1
"98",8,0,0,0,4.63,0.0426751438957649,0,4.04,4.5,0.125,4.04,4.35,4.63,3.95,8,4.44,4.92,4.5,0.0496622863592557,-4.66,0,0.0496622863592557,0,4.44,0.0817644516129774,1
"99",7,0,0.0998972105580206,0.0499486052790103,4.5,0.051427815705797,0.0499486052790103,-3.4,4.35,0.25,-5.55,4.5,3.95,4.17,8,4.35,-3.4,4.5,0.0499486052790103,-6.81,0,0.0499486052790103,0,4.5,0.0801029676255589,1
"100",8,0,0.210594867221241,0,4.5,0.039121262154962,0.0526487168053102,-3.4,4.5,0.1875,-5.55,4.75,4.35,4.17,8,4.35,-3.4,4.44,0,-3.4,0,0.10529743361062,0,4.5,0.0758730712971453,1
"101",7,0,0.0562694184673317,0.0562694184673317,4.36,0.0612678847194585,0.112538836934663,-3.4,4.35,0.4375,-5.54,3.95,4.5,4.5,8,4.17,-3.4,4.5,0.0562694184673317,-3.4,0.0562694184673317,0.0562694184673317,0,4.5,0.0267421815611035,1
"102",5,0,0.0550957055713651,0,4.35,0.0508321578024193,0.0550957055713651,1.81,4.35,0.25,0.94,4.5,4.36,4.17,8,4.5,-3.4,4.37,0.165287116714095,0.94,0.11019141114273,0.0550957055713651,0,4.35,0.0280550881788505,1
"103",8,0,0.0572456541913303,0.114491308382661,4.5,0.0411707132995138,0.114491308382661,4.04,4.35,0.125,-3.4,4.35,4.36,4.5,8,4.44,-6.64,4.44,0.0572456541913303,-6.81,0,0,0,3.95,0.0226760903130463,1
"104",7,0.0536891655441146,0.161067496632344,0.161067496632344,3.95,0.0480159952170308,0.0536891655441146,1.81,4.35,0.1875,1.81,4.36,3.95,4.38,7,4.35,-5.54,4.44,0.107378331088229,-5.54,0.107378331088229,0,0,4.35,0.0230809211809952,1
"105",8,0,0.100471248377122,0,4.5,0.0586276942868109,0,-6.81,4.37,0.25,4.92,4.35,4.35,4.17,7,4.35,-8.72,4.35,0.100471248377122,-3.4,0.100471248377122,0.0502356241885612,0,4.29,0.0307598295453539,1
"106",7,0,0.103794034335296,0,4.17,0.0443422155499599,0,1.81,4.5,0.125,-8.72,4.29,4.5,3.95,8,4.5,-5.54,4.29,0.103794034335296,-2.57,0.103794034335296,0.103794034335296,0,4.35,0.03505135772045,1
"107",5,0,0.0504200367757701,0.0504200367757701,4.17,0.0718180634979929,0.10084007355154,-8.72,4.35,0.25,4.04,4.36,3.95,4.29,8,4.44,-3.4,4.36,0.0504200367757701,4.04,0.0504200367757701,0.10084007355154,0,4.76,0.0324472342100539,1
"108",6,0,0.0565053532885511,0.0565053532885511,4.37,0.0590370963971992,0.0565053532885511,0.94,4.5,0.125,-3.4,4.35,4.36,4.29,8,3.95,-6.81,4.44,0,0.94,0.0565053532885511,0.169516059865653,0,3.97,0.0218945297360194,1
"109",6,0.0558199396242175,0.111639879248435,0.111639879248435,4.38,0.0621663128782063,0,4.92,4.5,0.3125,4.04,3.95,4.35,4.44,6,4.75,-6.81,4.44,0,-3.4,0,0,0,3.95,0.0351132720180696,1
"110",8,0,0.0551371762024617,0.0551371762024617,4.36,0.0726943436436229,0.110274352404923,0.94,4.5,0.75,-2.57,4.17,4.75,4.36,7,3.95,2.35,4.37,0.0551371762024617,-0.14,0.0551371762024617,0.0551371762024617,0,3.97,0.0315058295586799,1
"111",8,0.0571964285004692,0,0.114392857000938,4.36,0.04849583170504,0.0571964285004692,-3.4,4.5,0.25,4.04,4.75,4.75,3.95,6,4.66,-14.92,4.44,0,-8.72,0,0,0,4.5,0.0325120415265202,1
"112",6,0,0.275885141755802,0,4.5,0.0567945552417727,0.0551770283511605,-2.57,4.5,0.6875,-2.57,4.5,3.95,4.36,8,4.75,-2.57,4.6,0,-6.64,0,0,0,4.35,0.0243256613773717,1
"113",6,0.0546197125509848,0.0546197125509848,0,4.38,0.0367415570551814,0,-5.54,4.35,0.1875,0.94,4.37,3.97,4.5,8,4.44,4.92,4.17,0.0546197125509848,4.04,0.163859137652954,0.218478850203939,0,4.37,0.0327637124879832,1
"114",7,0.165506863864694,0.165506863864694,0.11033790924313,4.35,0.0283254062966836,0,-2.57,4.35,0.125,4.04,4.5,4.38,4.38,7,4.44,4.04,4.44,0.11033790924313,4.04,0,0,0,4.35,0.022570166016933,1
"115",8,0.163045191262331,0.163045191262331,0.108696794174887,4.5,0.049818469018654,0,1.81,4.35,0.0625,-2.57,4.38,4.35,4.35,7,4.5,-14.92,4.44,0.108696794174887,4.04,0,0,0,4.35,0.0280245392658003,1
"116",6,0.0554231407565183,0.221692563026073,0.110846281513037,4.35,0.0395764738327023,0,-14.92,4.5,0.75,4.04,3.95,4.17,4.35,7,4.17,4.04,3.95,0.0554231407565183,-3.4,0,0.110846281513037,0,4.38,0.0206536530863233,1
"117",5,0.0539540526644813,0.161862157993444,0,4.36,0.0429457637404607,0.0539540526644813,-2.57,4.35,0.0625,-14.92,4.17,4.17,4.35,7,3.97,2.98,4.35,0.107908105328963,-3.4,0,0.107908105328963,0,4.35,0.0318452310007448,1
"118",7,0.0534090740432809,0.106818148086562,0,4.76,0.0484309182329054,0,4.04,4.5,0.25,-3.4,4.35,4.65,4.17,7,4.44,1.81,4.17,0.160227222129843,4.04,0,0.106818148086562,0,4.44,0.0249352878950069,1
"119",8,0.161285372031249,0.0537617906770831,0,4.44,0.0549190194272227,0,-14.92,4.5,0.1875,4.04,3.97,4.35,4.66,6,4.17,0.94,3.97,0.0537617906770831,-2.57,0,0.107523581354166,0,4.38,0.0315359927436481,1
"120",5,0,0.0517946347011497,0.155383904103449,3.95,0.0591914870396749,0,4.04,4.35,0.1875,4.04,4.44,4.35,4.63,8,4.17,-6.81,4.17,0.0517946347011497,4.92,0,0.155383904103449,0,4.44,0.028171382733835,1
"121",7,0.0531905360089479,0.0531905360089479,0,4.44,0.0403107567235983,0,-3.4,3.97,0.3125,-6.64,4.65,4.65,4.17,8,4.35,1.81,3.97,0.106381072017896,-14.92,0.0531905360089479,0.0531905360089479,0,4.5,0.030158881222599,1
"122",4,0.0572120494004948,0.171636148201484,0,4.37,0.0412172673282267,0,-2.57,4.66,0.1875,-6.64,4.29,4.35,4.35,6,4.35,-14.92,4.5,0.11442409880099,-3.4,0.0572120494004948,0.0572120494004948,0,4.35,0.0263657702304109,1
"123",6,0,0.104675435732512,0,4.76,0.099186798625909,0.104675435732512,-5.54,4.35,0.1875,1.81,4.35,4.6,3.97,6,4.36,-5.55,4.6,0.0523377178662562,-5.54,0.104675435732512,0.104675435732512,0,4.37,0.0268191476584903,1
"124",7,0,0.10143859807263,0.152157897108945,4.75,0.0667359925341461,0.10143859807263,4.04,4.35,0.5625,0.94,4.75,4.36,4.35,5,4.52,0.94,4.44,0,4.04,0,0,0,3.95,0.0464574345373852,0
"125",5,0.0505515327953003,0.101103065590601,0.0505515327953003,4.63,0.0786372806706629,0.101103065590601,-6.81,4.35,0.125,-14.92,3.95,4.36,4.17,7,4.29,4.92,4.44,0,4.92,0.0505515327953003,0.101103065590601,0,4.29,0.0511051586800611,0
"126",7,0.0964833374774756,0.0482416687387378,0.0482416687387378,3.95,0.0813400638383524,0,-14.92,4.35,0.25,0.94,4.66,4.38,4.37,7,4.66,0.94,4.63,0,-6.64,0.0482416687387378,0,0,4.38,0.066242174072864,0
"127",4,0,0.0455828451062102,0.0911656902124205,4.17,0.0949904513576045,0,1.28,4.35,0.125,4.92,4.76,4.66,4.75,5,4.52,4.04,4.35,0.136748535318631,-8.72,0,0.0911656902124205,0,4.65,0.0732914858681994,0
"128",5,0.0481691570319001,0.0481691570319001,0,3.97,0.0380257196147507,0,4.04,4.35,0.4375,-6.81,3.97,4.29,4.75,7,4.75,-3.4,3.97,0.0481691570319001,-14.92,0.0481691570319001,0,0,4.44,0.0898917544367324,0
"129",5,0,0.148789247332649,0,4.76,0.0790943305123362,0,-5.54,4.35,0.125,0.94,4.35,4.35,4.75,6,4.29,-5.54,4.35,0.099192831555099,4.92,0.099192831555099,0.099192831555099,0,4.37,0.0426820470943431,0
"130",6,0,0.188027401973033,0,4.29,0.0827208640520309,0,1.28,4.35,0.6875,-2.57,4.37,4.75,4.35,5,4.44,2.35,3.97,0,4.92,0.0470068504932583,0.0470068504932583,0,4.65,0.0726845057487293,0
"131",5,0.0467571989434033,0.0467571989434033,0.0935143978868067,4.29,0.0950314459891302,0,-8.72,4.35,0.1875,1.81,3.95,4.63,4.5,7,3.95,-14.92,4.5,0.0467571989434033,-0.14,0,0.0467571989434033,0,4.76,0.0760505386878159,0
"132",6,0,0.0885897278231765,0.0885897278231765,4.35,0.0797752759180423,0.0442948639115882,1.81,4.35,0.1875,-5.55,3.97,4.35,4.65,6,4.35,0.94,4.63,0.132884591734765,4.92,0,0.0885897278231765,0,4.35,0.0998463698708832,0
"133",4,0,0.0475864844307394,0,4.35,0.056922864511271,0.0475864844307394,-6.64,4.35,0.5625,4.04,3.95,4.35,4.5,6,4.36,-3.4,4.5,0.0951729688614788,-8.72,0,0.0475864844307394,0,4.75,0.083416649385761,0
"134",7,0,0.0476555824890214,0,4.44,0.0725098637413052,0.0476555824890214,-8.72,4.35,0.125,-6.81,3.97,4.5,4.7,6,4.5,-6.64,4.29,0,-3.4,0,0.0953111649780428,0.0476555824890214,4.76,0.0655208199543623,0
"135",6,0.179301956953315,0.0448254892383289,0,3.97,0.0755926309697621,0,4.04,4.35,0.0625,2.98,4.38,4.38,4.63,7,4.38,-4.66,4.5,0,4.04,0,0.0448254892383289,0,4.44,0.104601477854119,0
"136",5,0.0494755859949767,0.0989511719899533,0,4.35,0.0630425424373998,0,4.04,4.35,0.75,0.94,4.5,4.29,4.5,8,4.29,1.81,4.35,0.197902343979907,1.81,0,0,0,4.44,0.0398343730625217,0
"137",7,0.0509050163030452,0.0509050163030452,0.152715048909136,4.63,0.0727085208924524,0,-5.54,4.5,0.125,1.28,4.35,4.75,4.5,6,3.95,-6.64,4.37,0.0509050163030452,1.81,0.10181003260609,0,0,4.37,0.0401870546984677,0
"138",5,0,0.105389870733349,0.0526949353666747,4.52,0.0485094911021393,0.0526949353666747,-2.57,4.5,0.125,1.28,4.17,4.76,4.5,5,4.35,-6.64,4.6,0.0526949353666747,0.94,0,0.0526949353666747,0,4.35,0.0481593144388195,0
"139",4,0.0501607249557242,0.0501607249557242,0,4.66,0.0733870927206067,0.150482174867173,-0.14,4.35,0.75,2.98,4.38,3.95,3.97,4,4.17,-3.4,4.66,0,0.94,0,0.0501607249557242,0,4.6,0.0482811553581096,0
"140",5,0.105559814175971,0.105559814175971,0.0527799070879853,3.95,0.059402015555673,0.0527799070879853,4.04,4.17,0.125,-2.57,3.95,4.5,4.6,7,4.35,-6.81,4.36,0,-3.4,0,0.158339721263956,0,4.44,0.0563300762457063,0
"141",5,0,0.0509468959551689,0,4.35,0.0544641799387658,0,2.33,4.5,0.1875,-3.4,4.35,4.35,4.5,6,4.5,-8.72,4.5,0.152840687865507,-8.72,0,0,0.0509468959551689,4.7,0.0610622955994345,0
"142",7,0,0.10039990453356,0,4.76,0.0796140049263139,0.10039990453356,-5.54,4.35,0.4375,4.92,4.36,4.35,4.76,6,4.17,4.04,3.97,0,-8.72,0.0501999522667801,0.0501999522667801,0,4.37,0.0469817311396606,0
"143",6,0.0482452620220549,0.0964905240441097,0,4.5,0.106106868047088,0,2.98,4.35,0.6875,-3.4,4.75,4.5,3.97,6,4.76,-2.57,4.35,0.0482452620220549,-6.81,0,0,0,4.66,0.043814536083106,0
"144",8,0,0.146986461300251,0.0489954871000837,4.44,0.0646242589221683,0,1.81,4.35,0.0625,1.81,4.35,3.97,4.35,5,4.44,-2.57,4.35,0.293972922600502,4.04,0,0,0,4.35,0.0571044636900816,0
"145",3,0.0473350978060608,0.0473350978060608,0.0946701956121216,3.95,0.104933789232245,0,4.04,4.35,0.8125,-14.92,3.95,3.95,4.35,8,4.76,-8.72,4.44,0.0946701956121216,2.98,0,0,0,4.44,0.0385304256778684,0
"146",6,0.0523465837476772,0.0523465837476772,0.104693167495354,4.35,0.0783238402824791,0.0523465837476772,-5.55,4.35,0.3125,2.98,4.44,4.17,4.35,6,4.66,2.33,4.5,0.104693167495354,-5.54,0.104693167495354,0.0523465837476772,0.0523465837476772,4.36,0.0343809771879681,0
"147",4,0.0493586938954643,0.0493586938954643,0,4.35,0.0904824657219374,0,-8.72,3.97,0.625,4.92,3.95,4.17,4.6,7,4.76,-3.4,4.38,0.0493586938954643,4.92,0,0.0987173877909285,0,4.76,0.0479818334668815,0
"148",5,0,0,0.10496481182763,4.29,0.0527857464109126,0.157447217741444,-5.54,4.35,0.1875,4.92,4.44,4.29,4.36,5,4.36,-6.64,4.36,0.10496481182763,4.04,0.0524824059138148,0.0524824059138148,0,4.37,0.0350448146960731,0
"149",5,0,0.0498375015588001,0.1495125046764,4.36,0.0846540266125912,0.0996750031176002,4.04,4.35,0.3125,-8.72,4.35,4.17,4.35,6,4.44,-5.55,4.44,0.1495125046764,-6.81,0,0.0996750031176002,0,3.95,0.0327039847808525,0
"150",5,0,0.0959813047603845,0,4.17,0.0677577073343748,0,-2.57,4.35,0.375,-0.14,4.76,4.66,4.35,5,4.76,0.94,3.95,0.143971957140577,2.35,0.0959813047603845,0.0479906523801922,0,4.35,0.0329095860872582,0
"151",5,0,0.152200706436759,0,4.29,0.0637755113858613,0.152200706436759,-6.81,4.5,0.5625,-5.55,4.36,4.29,4.37,6,4.35,1.81,4.35,0.101467137624506,-6.64,0.0507335688122529,0,0,4.29,0.0416253625399352,0
"152",6,0,0,0.0472886861749646,4.37,0.0544072645335088,0.0472886861749646,1.81,4.5,0.6875,1.81,4.29,3.95,4.76,6,4.36,-8.72,4.76,0.0945773723499292,4.92,0.0472886861749646,0.0472886861749646,0,4.35,0.0600639973347241,0
"153",4,0.0471803315143517,0.0943606630287034,0.141540994543055,3.95,0.0708407221665376,0,-6.81,4.5,0.1875,-3.4,4.35,3.95,4.44,7,3.95,4.92,3.97,0,4.04,0,0.0943606630287034,0,4.29,0.0615929275393898,0
"154",4,0.0942907080704702,0,0.0471453540352351,4.17,0.0537863478407617,0,-3.4,4.5,0.25,1.81,4.38,3.95,3.95,6,4.17,-5.54,4.35,0.0942907080704702,-14.92,0.0942907080704702,0.0942907080704702,0,4.5,0.0661116081738219,0
"155",7,0.049145151233034,0.098290302466068,0,3.97,0.0511521477750377,0.098290302466068,-14.92,4.35,0.375,4.92,4.37,4.5,4.63,5,4.7,2.98,4.37,0,4.92,0.098290302466068,0.098290302466068,0.049145151233034,4.38,0.0758337825007811,0
"156",5,0.0507488427021465,0.0507488427021465,0.101497685404293,3.95,0.0584216760243913,0.0507488427021465,-5.55,4.35,0.3125,2.35,4.76,4.6,4.44,5,4.7,4.92,4.37,0,4.04,0.101497685404293,0,0.0507488427021465,4.36,0.0341580024705478,0
"157",6,0.0502906397693473,0.150871919308042,0,4.65,0.0576770127388604,0,2.35,4.35,0.4375,-6.81,4.35,4.75,4.17,6,4.37,1.81,4.44,0.100581279538695,0.94,0.0502906397693473,0.0502906397693473,0,4.52,0.057533858868894,0
"158",4,0.052116411942339,0.104232823884678,0,4.35,0.0390491073071918,0,-6.64,4.5,0.125,4.92,3.95,4.35,4.35,5,4.76,4.92,4.29,0.104232823884678,-14.92,0,0.156349235827017,0,4.75,0.0545856077253405,0
"159",6,0.104930924167168,0.0524654620835838,0,3.97,0.0412338195620891,0,-5.54,4.5,0.25,1.81,4.29,4.66,4.37,5,4.38,-0.14,4.38,0.0524654620835838,2.33,0.104930924167168,0.0524654620835838,0.0524654620835838,4.37,0.0508842493401643,0
"160",6,0.107716331031323,0.107716331031323,0,3.95,0.0416307612113865,0.0538581655156613,-8.72,4.35,0.125,-14.92,4.76,4.29,4.35,7,4.29,-5.54,4.35,0.0538581655156613,-14.92,0.0538581655156613,0.0538581655156613,0,4.76,0.0381000734512252,0
"161",4,0.107126806795127,0.107126806795127,0,4.76,0.0599640785511858,0.0535634033975635,-14.92,4.35,0.125,0.94,4.38,4.29,4.37,6,4.5,-6.64,4.35,0.0535634033975635,-8.72,0.107126806795127,0.0535634033975635,0,4.38,0.0506491034921798,0
"162",7,0.0542242470452762,0.108448494090552,0,4.76,0.0598437871031277,0,1.28,4.35,0.0625,1.28,4.76,4.5,4.75,4,4.5,2.98,4.17,0,-2.57,0,0.108448494090552,0,4.65,0.0376988669371856,0
"163",6,0.0497416000544412,0.0497416000544412,0.0994832001088824,4.38,0.0783368628528045,0.0497416000544412,-6.64,4.35,0.1875,-3.4,4.7,3.97,4.75,7,4.35,4.04,4.35,0.149224800163324,1.81,0,0,0.0497416000544412,4.75,0.0439099023729202,0
"164",5,0,0.149529978428893,0.0996866522859287,4.35,0.0582944834983431,0,4.04,4.35,0.25,-4.66,4.44,4.35,4.29,6,4.44,4.92,4.52,0.0996866522859287,4.04,0,0.0498433261429643,0,3.95,0.0527278709477986,0
"165",5,0.0474667563428613,0.142400269028584,0,4.38,0.059103893062892,0.0474667563428613,-5.54,4.35,0.125,-3.4,4.35,4.7,4.35,7,4.35,-6.64,4.17,0.0949335126857227,-6.81,0.0474667563428613,0.0949335126857227,0.0474667563428613,4.37,0.0725446079931597,0
"166",6,0.0492433811972744,0.0984867623945488,0,3.97,0.0564719753454508,0,-2.57,4.35,0.25,1.81,3.97,4.44,4.29,4,3.97,2.35,4.44,0.0984867623945488,-14.92,0,0,0,4.35,0.0431392254452076,0
"167",6,0,0.0519666986494317,0.0519666986494317,4.44,0.0703136538010498,0,-3.4,4.35,0.125,4.92,3.97,4.35,4.44,4,4.44,4.04,4.65,0.103933397298863,-5.54,0.0519666986494317,0.0519666986494317,0,4.5,0.0438724415535811,0
"168",4,0,0.141732019469594,0.0472440064898648,4.35,0.0740983023026201,0,4.04,4.35,0.1875,-3.4,4.35,3.95,4.35,4,4.35,1.81,4.35,0.236220032449324,4.92,0.0472440064898648,0.0944880129797295,0,3.95,0.0686608440695801,0
"169",6,0,0.0497705488421622,0.0995410976843244,4.7,0.0652075590586476,0,-6.64,4.35,0.375,0.94,4.29,4.44,4.44,7,3.95,4.04,3.95,0,0.94,0,0,0.0497705488421622,4.75,0.0575812291969211,0
"170",5,0,0.0511936072703539,0,4.36,0.0326127556300589,0.0511936072703539,-8.72,4.35,0.0625,2.33,4.75,4.35,4.66,5,4.29,2.35,4.6,0.0511936072703539,0.94,0,0,0.102387214540708,4.76,0.0815015788118804,0
"171",5,0.0527726775765308,0.158318032729592,0,4.37,0.0491683920626054,0,-6.81,4.35,0.4375,4.92,4.35,4.65,3.97,5,4.63,-4.66,4.38,0,0.94,0.0527726775765308,0.0527726775765308,0,4.29,0.0657951747619403,0
"172",8,0.050964561497396,0.203858245989584,0,4.44,0.043537262080871,0,-14.92,4.5,0.4375,-5.54,4.5,4.5,4.35,6,4.35,4.04,4.5,0.050964561497396,4.92,0.050964561497396,0.050964561497396,0,4.38,0.0593263374070204,0
"173",6,0.0982666593676713,0,0,4.66,0.0522155013748784,0.0491333296838356,-14.92,4.5,0.75,-4.66,4.44,4.38,3.97,5,4.29,4.04,3.97,0.0491333296838356,1.81,0,0,0,4.38,0.0521282931466976,0
"174",5,0,0.0508081633412809,0.0508081633412809,4.35,0.0509204467196475,0,4.92,4.35,0.375,1.28,4.17,4.6,3.95,8,4.17,0.94,3.95,0.0508081633412809,4.92,0,0.203232653365124,0,3.95,0.0628594376831544,0
"175",5,0.107245973778557,0.0536229868892783,0.0536229868892783,4.63,0.0548673138898172,0.0536229868892783,-6.81,4.35,0.25,-14.92,4.36,4.29,4.75,4,4.17,0.94,4.38,0,2.98,0,0.107245973778557,0,4.29,0.0504672643547873,0
"176",6,0,0,0.0504553073334229,4.5,0.0637679826917198,0.151365922000269,4.04,4.5,0.5625,1.81,4.29,4.66,4.63,6,4.5,-5.55,4.76,0.0504553073334229,2.98,0,0,0,3.95,0.0526600073535067,0
"177",7,0.0516779137752716,0,0,4.5,0.0588624148168241,0.0516779137752716,1.81,4.5,0.0625,4.04,4.66,4.65,4.36,5,4.17,1.81,4.44,0.103355827550543,2.98,0,0.0516779137752716,0,4.35,0.0654855048422043,0
"178",7,0,0.157530840152371,0.0525102800507904,4.35,0.0406276941396666,0.0525102800507904,-2.57,4.35,0.1875,1.28,3.95,4.65,4.5,7,4.36,4.04,4.44,0.0525102800507904,-6.64,0,0.0525102800507904,0,4.35,0.0651244649649794,0
"179",6,0,0,0.100429766101712,4.5,0.0333744778758344,0,0.94,4.35,0.3125,4.04,4.5,4.52,4.76,6,4.29,-4.66,4.52,0.0502148830508559,2.35,0.0502148830508559,0,0,3.97,0.0387045939389995,0
"180",8,0.0508385240970776,0.0508385240970776,0,3.97,0.0323818107007778,0.0508385240970776,-6.81,4.35,0.4375,-6.81,4.35,4.76,4.6,8,4.65,1.28,4.38,0.101677048194155,1.81,0,0,0,4.29,0.0505733948312544,0
"181",8,0,0.0503508327539372,0.0503508327539372,4.76,0.0429490640141396,0.151052498261812,-5.55,4.35,0.125,1.81,4.36,4.35,4.63,7,3.95,4.04,4.52,0.201403331015749,4.92,0,0,0,4.36,0.0557540187931164,0
"182",7,0,0.0488405447104094,0.0976810894208187,4.29,0.0551998704327062,0,4.04,4.35,0.25,4.04,4.5,3.95,3.95,9,4.66,4.92,4.29,0.0488405447104094,1.81,0,0.0976810894208187,0,3.95,0.0562180733287215,0
"183",7,0.099779164203624,0.099779164203624,0.049889582101812,3.97,0.0723550612866585,0,-6.81,4.35,0.4375,4.04,4.38,4.29,4.37,5,4.17,-14.92,4.35,0.049889582101812,4.92,0.099779164203624,0.099779164203624,0,4.29,0.045278898412336,0
"184",8,0.0980561835756712,0.0490280917878356,0.0980561835756712,4.44,0.0615178808071383,0,-3.4,4.35,0.125,4.92,4.38,4.35,4.17,6,4.17,4.04,3.95,0.0980561835756712,-3.4,0,0.196112367151342,0,4.5,0.102334399541834,0
"185",7,0.0941315497933857,0.0941315497933857,0,4.36,0.0647175998991063,0.0470657748966928,-14.92,4.35,0.375,-0.14,4.66,4.38,4.44,5,4.35,1.28,3.95,0,4.92,0,0.0941315497933857,0,4.38,0.107364483298938,0
"186",6,0,0.0964355921695884,0.0482177960847942,3.95,0.0672681612946544,0,-2.57,4.35,0.6875,-3.4,4.35,4.17,4.76,8,4.7,2.33,4.35,0.0964355921695884,4.92,0,0.0482177960847942,0.144653388254383,4.35,0.0715039769906926,0
"187",8,0,0.0461183883725019,0,4.5,0.0847223707616548,0,-3.4,4.35,0.3125,1.81,4.37,4.76,4.44,8,4.5,-3.4,4.44,0.0461183883725019,-4.66,0.0461183883725019,0.0461183883725019,0,4.5,0.101451432429698,0
"188",8,0.0928969281489737,0.0464484640744869,0,4.44,0.0617949903129527,0.0464484640744869,-14.92,4.35,0.125,-3.4,4.17,4.17,4.5,8,4.44,-6.81,4.44,0.0464484640744869,2.98,0,0.0928969281489737,0,4.38,0.0753687624451443,0
"189",7,0.0483055050605938,0.144916515181781,0,4.29,0.0574310318997003,0.0966110101211876,-0.14,4.35,0.4375,-6.64,4.75,4.35,4.35,7,4.36,2.98,4.44,0.0483055050605938,-14.92,0,0,0,4.6,0.103004449161629,0
"190",7,0.0479897840854525,0.095979568170905,0,4.36,0.0638191218597612,0.0479897840854525,0.94,4.35,0.4375,-6.81,4.75,4.76,4.35,8,4.75,-14.92,4.35,0.0479897840854525,-6.81,0,0,0,3.97,0.100684379366399,0
"191",7,0,0.0510252019129815,0.0510252019129815,4.63,0.05083596021602,0,-3.4,4.35,0.1875,1.28,4.29,3.97,4.29,5,4.37,1.28,3.97,0,-3.4,0.0510252019129815,0,0,4.5,0.0776491651109485,0
"192",7,0.155039931031849,0.103359954021233,0.103359954021233,4.6,0.0577660126637361,0.0516799770106163,-4.66,4.35,0.125,-14.92,4.38,4.44,4.38,4,3.95,4.92,3.95,0,0.94,0,0.0516799770106163,0,4.63,0.049939459824171,0
"193",7,0,0.0519387449814017,0,4.37,0.0467367678075064,0,4.92,4.35,0.5625,1.81,4.44,4.35,4.44,4,4.7,1.28,3.97,0.103877489962803,1.28,0.0519387449814017,0.0519387449814017,0.0519387449814017,3.95,0.0483130362104189,0
"194",6,0.102839986400806,0.0514199932004028,0.102839986400806,4.38,0.0578699208579244,0,-8.72,4.35,0.4375,4.92,3.95,4.35,4.35,7,3.95,-14.92,4.44,0.154259979601209,1.81,0,0,0,4.76,0.0542024168457181,0
"195",7,0.0510189447872211,0.102037889574442,0.0510189447872211,4.44,0.0719007661829247,0,-6.64,4.35,0.25,2.98,4.5,4.17,4.75,6,4.35,-14.92,4.44,0.0510189447872211,-2.57,0.0510189447872211,0.0510189447872211,0,4.75,0.0514739482772806,0
"196",6,0,0.0491984842319178,0,4.37,0.0535196635895455,0.0491984842319178,1.81,4.35,0.375,-6.81,4.35,4.29,4.35,6,4.76,-5.54,4.17,0.196793936927671,1.81,0.0983969684638356,0.0491984842319178,0,4.35,0.0736806574692591,0
"197",8,0,0.0506729778320283,0,4.5,0.0565766355473118,0,-5.54,4.35,0.375,4.92,4.63,3.95,4.29,5,4.5,4.92,4.29,0,-5.54,0.101345955664057,0.0506729778320283,0,4.37,0.0648049432086619,0
"198",8,0.0480304110061766,0.0480304110061766,0,4.29,0.0973428778383805,0.14409123301853,4.92,4.35,0.25,2.33,4.75,4.36,4.17,6,4.29,-5.55,4.36,0,-8.72,0,0.0480304110061766,0.0480304110061766,3.95,0.0796299703873747,0
"199",8,0,0.147096442919309,0.0490321476397696,4.75,0.0953108277735817,0.147096442919309,4.92,4.35,0.3125,-5.55,4.35,4.29,4.44,6,4.44,-6.81,4.17,0,-8.72,0,0.0980642952795392,0,4.17,0.0364614031537494,0
"200",8,0.0483755500453555,0.0483755500453555,0.0483755500453555,4.29,0.115020227865332,0.096751100090711,-14.92,4.35,0.25,0.94,4.76,4.17,4.17,4,4.36,-5.55,4.66,0,-6.81,0,0.096751100090711,0,4.38,0.0473218229178985,0
"201",6,0,0.0994023577764186,0,4.6,0.116553862831165,0,4.92,4.35,0.125,1.28,4.35,3.95,4.66,7,3.97,-5.54,4.76,0,4.92,0.0994023577764186,0,0,3.95,0.0608559811954592,0
"202",8,0,0.162899085135081,0,4.35,0.0445336254548635,0.0542996950450269,4.92,4.35,0.3125,-5.55,4.35,4.76,4.17,4,4.75,1.81,4.66,0.108599390090054,-8.72,0,0.217198780180108,0,4.17,0.0694033404345335,0
"203",4,0.0519459362286887,0.155837808686066,0.0519459362286887,3.95,0.0362338997002674,0.0519459362286887,4.92,4.35,0.375,-5.55,3.97,4.17,4.35,4,4.29,-14.92,4.29,0.0519459362286887,1.81,0,0.103891872457377,0,4.17,0.0720809056834179,0
"204",7,0.0567173057345928,0.113434611469186,0,4.65,0.0282541604301526,0.0567173057345928,0.94,4.35,0.25,-4.66,4.6,4.29,4.37,8,4.44,4.92,3.95,0,-5.55,0.0567173057345928,0.0567173057345928,0,3.97,0.0134100355050919,0
"205",4,0.0531900445916681,0.106380089183336,0,4.35,0.0338212447667361,0,4.92,4.35,0.375,4.92,3.95,4.63,3.97,5,4.38,1.28,4.37,0,-5.54,0.106380089183336,0.159570133775004,0,4.17,0.0121788469863543,0
"206",6,0.0525065186954583,0.0525065186954583,0,4.65,0.0658945598290708,0.0525065186954583,0.94,4.35,0.125,-4.66,4.6,4.29,4.37,8,4.44,-5.54,3.95,0,-5.55,0.105013037390917,0,0,3.97,0.0119455866698026,0
"207",7,0.0548918262169212,0.109783652433842,0.109783652433842,4.52,0.0361431091311072,0,-4.66,4.35,0.125,2.35,4.37,3.97,3.95,5,4.75,-6.81,4.35,0.0548918262169212,4.92,0.0548918262169212,0,0,4.63,0.0126017467566252,0
"208",8,0.100108889579229,0.100108889579229,0.0500544447896143,3.97,0.0253796553452723,0.0500544447896143,-2.57,4.35,0.375,4.92,4.7,3.97,4.5,5,4.66,-14.92,3.95,0,4.92,0,0.0500544447896143,0.0500544447896143,4.35,0.0515653699660698,0
"209",6,0,0.105475986208619,0.0527379931043094,4.17,0.0583016124096563,0,-8.72,4.35,0.375,4.92,4.29,4.37,3.97,7,4.35,-2.57,4.37,0.0527379931043094,2.35,0.105475986208619,0.0527379931043094,0,4.76,0.0627924363801275,0
"210",7,0,0.10415792201995,0,4.63,0.0309255362284671,0.10415792201995,4.92,4.35,0.1875,-8.72,4.75,4.36,3.95,5,4.35,-6.64,4.76,0,-5.55,0,0.0520789610099751,0,3.95,0.064962985037971,0
"211",7,0.0972740157749397,0.0486370078874699,0,4.29,0.0457728514617307,0,1.81,4.35,0.8125,-14.92,4.17,4.29,4.35,4,4.38,-3.4,4.44,0.14591102366241,1.81,0,0.0486370078874699,0,4.35,0.0597457673227274,0
"212",8,0,0.0959688862433936,0,4.37,0.0435590575936341,0.0959688862433936,-6.64,4.35,0.3125,-5.55,4.6,4.5,4.35,6,3.95,-8.72,4.17,0,-4.66,0.0479844431216968,0.0479844431216968,0,4.75,0.0676663444490915,0
"213",8,0.0483062846448166,0.0483062846448166,0.0483062846448166,4.29,0.0395611845790929,0,1.81,4.35,0.6875,4.04,4.37,4.44,4.66,8,4.35,4.04,4.52,0.14491885393445,4.92,0.0483062846448166,0.0483062846448166,0,4.35,0.0701673969881216,0
"214",6,0.047276522677906,0.141829568033718,0.047276522677906,3.97,0.0348565347758102,0.047276522677906,4.04,4.35,0.3125,-2.57,4.35,4.5,4.35,5,4.75,-14.92,4.7,0.047276522677906,-5.55,0,0,0.047276522677906,3.95,0.087080672999674,0
"215",6,0,0.0501317168255197,0.100263433651039,4.17,0.0469983733841169,0.0501317168255197,4.04,4.35,0.375,-5.54,4.36,4.29,4.63,8,4.6,1.81,4.17,0.100263433651039,-3.4,0.0501317168255197,0.100263433651039,0.0501317168255197,3.95,0.104379517060529,0
"216",7,0.0498354797640583,0.149506439292175,0,4.37,0.0619540421679783,0.0498354797640583,4.92,4.35,0.5625,-0.14,4.35,4.36,4.35,6,4.63,-6.64,4.5,0,-8.72,0.0498354797640583,0.0498354797640583,0,4.17,0.0878661666575425,0
"217",5,0.0477951271599201,0.0477951271599201,0.0477951271599201,4.17,0.0688956211410087,0,4.92,4.35,0.3125,4.04,4.76,4.76,4.65,6,4.38,-3.4,4.17,0,-3.4,0.0477951271599201,0.19118050863968,0,4.17,0.0914348257038037,0
"218",7,0,0.100654580384397,0,4.5,0.0491538674097064,0.100654580384397,-5.54,4.35,0.25,-4.66,4.6,4.66,4.29,7,4.36,-5.55,4.66,0,-3.4,0.0503272901921987,0.0503272901921987,0,4.37,0.0564510732399138,0
"219",7,0.0499893369540302,0.0499893369540302,0,3.95,0.0452919410869273,0.199957347816121,0.94,4.38,0.25,4.04,3.97,4.52,4.17,8,4.36,-6.81,4.36,0,-2.57,0,0.0499893369540302,0,3.97,0.0746539737177938,0
"220",7,0,0.144303289610463,0,4.35,0.0348050801314555,0.0481010965368211,-5.55,4.35,0.125,-4.66,4.66,4.63,4.35,8,3.97,4.92,4.17,0,-6.81,0,0.144303289610463,0,4.36,0.0881069878367768,0
"221",4,0.0500248631484388,0.100049726296878,0.0500248631484388,3.95,0.0475081888800129,0,-14.92,4.35,0.25,-8.72,4.6,4.63,3.95,8,4.17,-2.57,4.5,0.0500248631484388,1.81,0,0.100049726296878,0,4.38,0.0607859318892187,0
"222",7,0.100416085730012,0.0502080428650059,0,4.6,0.0890601602737894,0.0502080428650059,-6.81,4.35,0.4375,-6.64,4.6,4.76,4.76,7,4.36,-14.92,4.76,0,-6.81,0,0,0,4.29,0.0642779089079402,0
"223",4,0.0489836370385072,0.0489836370385072,0,4.66,0.092749999841865,0.0489836370385072,-6.81,4.35,0.375,-3.4,4.44,4.75,4.35,7,4.38,1.81,3.95,0.0979672740770143,2.98,0,0.0489836370385072,0,4.29,0.0676937659072155,0
"224",8,0.0482695549542186,0.144808664862656,0.0965391099084372,4.35,0.0925763342427652,0.0965391099084372,-4.66,4.35,0.3125,4.04,4.6,4.17,4.17,3,4.37,-14.92,4.17,0,4.92,0.0482695549542186,0.193078219816874,0,4.63,0.0650070701877426,0
"225",7,0.137699589932075,0.137699589932075,0,4.5,0.0986593468905014,0.0458998633106918,4.92,4.35,0.25,-5.55,4.52,4.6,4.17,7,4.35,-2.57,4.38,0.0458998633106918,-14.92,0.0458998633106918,0.0917997266213836,0,4.17,0.0669968868276059,0
"226",7,0.0477258705634072,0.0954517411268144,0,4.6,0.0745252910628237,0.0477258705634072,-8.72,4.35,0.3125,4.92,3.95,4.35,4.52,5,4.75,-5.54,4.29,0.0477258705634072,-6.64,0.0477258705634072,0.0954517411268144,0,4.76,0.0676735575952423,0
"227",6,0.0501177834575696,0.0501177834575696,0.100235566915139,4.75,0.0767671413916853,0,2.98,3.95,0.25,-6.64,3.95,4.75,4.29,5,3.95,4.92,4.52,0,-2.57,0,0.0501177834575696,0,4.66,0.0229770832306151,0
"228",5,0,0.0479825340976177,0.0959650681952355,3.95,0.0857357654369661,0.143947602292853,-8.72,4.63,0.375,-6.81,4.36,4.36,3.97,8,3.95,-2.57,3.95,0.0479825340976177,4.04,0,0,0,4.76,0.0350054649310198,0
"229",5,0.0947390978636841,0,0.0473695489318421,4.6,0.0880890576143691,0.0473695489318421,4.92,4.37,0.5,2.98,3.95,4.36,4.38,6,4.5,-3.4,4.29,0,-6.81,0.0473695489318421,0.0473695489318421,0,4.17,0.0518689641590145,0
"230",4,0.0476654902555934,0.0953309805111867,0.0476654902555934,3.97,0.0419409944129873,0,4.04,4.35,0.125,-6.81,4.65,4.5,3.95,4,3.97,4.92,4.35,0,-8.72,0,0.0953309805111867,0,4.44,0.043338518174785,0
"231",7,0.0493920513147344,0.0493920513147344,0.0493920513147344,4.65,0.0471010084482845,0.0987841026294687,0.94,4.35,0.125,-4.66,4.6,4.36,4.37,8,4.44,4.92,3.95,0,-5.55,0.0987841026294687,0,0,3.97,0.049430637488449,0
"232",6,0.0511629175964616,0.0511629175964616,0.0511629175964616,4.65,0.0563041328357492,0.102325835192923,0.94,4.35,0.25,-4.66,4.6,4.36,4.37,8,4.44,1.81,3.95,0.0511629175964616,-5.55,0.102325835192923,0,0,3.97,0.0428416252210214,0
"233",4,0.0514405029619834,0,0.0514405029619834,4.75,0.0568890787770031,0.102881005923967,0.94,4.38,0.4375,-6.81,3.95,4.29,4.76,5,3.95,1.81,4.5,0.102881005923967,-5.55,0,0,0,3.97,0.0363521490682273,0
"234",8,0.103352041004259,0.0516760205021297,0.0516760205021297,4.35,0.0847610032188664,0,-5.54,4.35,0.1875,-14.92,4.35,4.35,4.29,4,4.17,-6.81,4.76,0.155028061506389,-14.92,0.0516760205021297,0.103352041004259,0,4.37,0.0463151812581111,0
"235",5,0,0,0,4.29,0.0600444347751099,0.103175969575627,1.81,4.29,0.1875,-5.55,4.35,4.29,3.95,5,3.95,-5.54,4.17,0.103175969575627,-4.66,0.103175969575627,0.103175969575627,0,4.35,0.0336758878971565,0
"236",7,0.0512115507756549,0.10242310155131,0.0512115507756549,3.95,0.0562674297149292,0,2.35,4.35,0.3125,4.92,4.66,3.95,4.38,3,4.35,-3.4,4.17,0,0.94,0.0512115507756549,0.10242310155131,0,4.52,0.0733909144572051,0
"237",8,0.0941827392575713,0.0941827392575713,0,3.97,0.0745476933168227,0,-6.81,4.35,0.375,-8.72,4.38,4.35,4.6,8,4.29,2.98,3.95,0,4.92,0,0.0470913696287857,0.0470913696287857,4.29,0.0604783574008043,0
"238",7,0.0985445339936816,0.0985445339936816,0,4.17,0.0263530355573763,0,0.94,4.35,0.3125,-14.92,4.37,4.76,4.38,8,4.35,-2.57,4.29,0.0492722669968408,0.94,0.0492722669968408,0.0985445339936816,0,3.97,0.0675189043225486,0
"239",4,0.0478656325702761,0.0957312651405522,0,4.35,0.0317614962728072,0.0478656325702761,-2.57,4.35,0.3125,4.04,4.17,4.35,4.35,7,4.35,2.98,3.97,0.287193795421657,-14.92,0,0.0478656325702761,0,4.35,0.0698935521235121,0
"240",6,0,0.053047085578407,0,4.37,0.0305579046480006,0.053047085578407,-0.14,4.35,0.6875,4.92,4.63,3.95,4.44,5,4.36,2.98,3.97,0,4.92,0.053047085578407,0.106094171156814,0,4.6,0.0369341604847883,0
"241",6,0,0.052523109285692,0.052523109285692,4.17,0.0317479378796041,0,2.98,4.35,0.1875,4.92,4.5,3.97,4.44,7,4.44,0.94,4.5,0.052523109285692,-3.4,0.052523109285692,0.052523109285692,0,4.66,0.0620110856540155,0
"242",3,0.0501397321363634,0.100279464272727,0.0501397321363634,4.35,0.0597491818998156,0,-14.92,4.35,0.4375,4.92,4.6,4.17,4.44,3,4.6,2.98,4.63,0.0501397321363634,4.92,0,0.0501397321363634,0,4.38,0.0595590584965224,0
"243",8,0.0480020748659686,0.0480020748659686,0,4.5,0.0638690756653373,0,4.04,4.35,0.625,1.81,4.5,4.65,4.38,8,4.5,-3.4,4.35,0.0960041497319372,-8.72,0.0480020748659686,0,0.0480020748659686,4.44,0.0794582508657734,0
"244",5,0,0.18319627380052,0.0915981369002599,4.35,0.0653870109444044,0.0457990684501299,-2.57,4.35,0.1875,4.04,3.97,4.35,4.17,6,4.36,4.04,4.66,0,-6.64,0,0.0457990684501299,0,4.35,0.0919247011497943,0
"245",6,0,0.0990382051291839,0.049519102564592,4.35,0.0498677095525485,0,1.81,4.35,0.125,4.92,4.29,4.5,4.44,5,4.6,4.04,4.29,0.049519102564592,-6.81,0,0.049519102564592,0,4.35,0.0608561978824176,0
"246",8,0,0.188732652058457,0,4.44,0.0646987071481737,0,-2.57,4.35,0.25,1.81,4.37,4.5,4.29,4,4.35,-3.4,4.5,0.0471831630146143,-3.4,0.0471831630146143,0.0471831630146143,0,4.35,0.077999300493415,0
"247",4,0,0.152801271880898,0.101867514587265,3.97,0.0501261529352337,0.0509337572936326,1.81,4.35,0.25,4.04,4.7,3.95,3.95,5,4.76,-6.64,4.17,0.101867514587265,-2.57,0,0.0509337572936326,0.0509337572936326,4.35,0.106425464298722,0
"248",5,0.0494518299978626,0.0989036599957251,0,4.38,0.0721264427081599,0,1.81,4.35,0.375,-5.54,4.7,4.76,4.35,7,4.35,2.33,4.17,0.0989036599957251,-6.81,0.0494518299978626,0.0989036599957251,0.0989036599957251,4.35,0.0702733619609211,0
"249",6,0,0.0484742109084413,0.0969484218168826,4.5,0.0687294882918899,0,4.92,4.35,0.25,1.81,3.97,4.17,4.37,8,4.29,4.04,3.95,0.0969484218168826,0.94,0.0969484218168826,0.0969484218168826,0,4.17,0.108747312301438,0
"250",7,0.0507736579207791,0.101547315841558,0.0507736579207791,3.97,0.0758025857384794,0,-3.4,4.35,0.375,1.28,4.38,3.97,4.65,4,4.5,4.04,4.29,0,2.98,0,0,0,4.5,0.0955502308420547,0
"251",5,0.105176067063823,0.105176067063823,0.0525880335319115,3.95,0.0642402854214593,0.0525880335319115,0.94,4.35,0.125,-5.55,4.52,3.97,4.66,6,3.95,4.92,4.38,0,-14.92,0,0.105176067063823,0,3.97,0.0586170819174631,0
"252",6,0,0.149140932615103,0.0497136442050342,4.5,0.0596757989170251,0,-6.81,4.35,0.5625,1.28,3.95,4.66,4.65,7,4.5,2.98,4.63,0,-2.57,0,0,0,4.29,0.0951436818822618,0
"253",7,0.049496190502569,0.049496190502569,0,4.44,0.0537503593984726,0,4.04,4.35,0.4375,-5.54,4.35,4.17,4.5,7,3.97,-14.92,3.97,0.049496190502569,4.04,0.049496190502569,0.049496190502569,0,4.44,0.0950832354494974,0
"254",8,0,0.150563818960176,0.0501879396533921,3.97,0.0779594861896998,0,2.98,4.35,0.6875,1.81,3.95,3.97,4.35,8,4.37,-2.57,4.35,0.25093969826696,-6.81,0.0501879396533921,0,0,4.66,0.0682488604681653,0
"255",6,0.0486268497801443,0.145880549340433,0.0486268497801443,3.95,0.0781830769805626,0,1.81,4.35,0.625,1.81,4.5,3.97,4.44,4,4.5,4.04,4.35,0.0972536995602887,-14.92,0,0,0,4.35,0.0625467661212846,0
"256",8,0,0.153752628944265,0,4.5,0.0491277869586049,0.051250876314755,-2.57,4.35,0.25,2.98,4.36,4.29,4.37,6,3.95,4.92,4.44,0,1.28,0.051250876314755,0.10250175262951,0,4.35,0.0657417410547539,0
"257",6,0.0487505730112878,0.0487505730112878,0.0487505730112878,3.95,0.0871872323531684,0.0487505730112878,1.81,4.35,0.1875,-5.55,4.6,4.35,3.97,8,3.95,4.92,4.29,0.0975011460225756,-14.92,0,0.146251719033863,0,4.35,0.0462817915634514,0
"258",6,0.141199748548187,0.0470665828493958,0,3.95,0.0788564284073445,0,4.04,4.35,0.375,4.92,4.66,4.76,4.38,7,4.63,-14.92,4.17,0.0470665828493958,2.98,0,0.0941331656987916,0,4.44,0.074822939822611,0
"259",6,0.0485629290902317,0.0485629290902317,0.0485629290902317,4.5,0.0662079666173588,0,-4.66,4.35,0.0625,-14.92,4.37,4.65,4.35,8,4.44,1.81,4.44,0.0971258581804635,1.28,0.0485629290902317,0,0,4.63,0.0765411052130602,0
"260",8,0.0486007140981156,0.0972014281962313,0.0972014281962313,4.35,0.074750671978604,0,1.81,4.35,0.3125,4.04,4.35,4.29,4.35,4,4.35,1.81,4.38,0.291604284588694,-4.66,0,0,0,4.35,0.056222074333769,0
"261",4,0,0.139713202337602,0,4.17,0.0787173209929692,0,2.98,4.35,0.25,-6.81,4.35,4.35,4.37,5,4.35,1.28,4.5,0.0931421348917345,-2.57,0.0465710674458673,0.0465710674458673,0,4.66,0.0736108370882202,0
"262",5,0.0924645822839193,0.0924645822839193,0.0462322911419596,3.95,0.0698683854470653,0.0462322911419596,1.81,4.35,0.9375,4.04,3.97,4.35,3.97,6,4.44,-14.92,4.63,0.0462322911419596,-3.4,0,0,0,4.35,0.0660340201748016,0
"263",5,0.0467745775227316,0.0935491550454633,0,4.5,0.0918202450524463,0,-3.4,4.35,0.125,-8.72,4.35,4.38,4.5,6,4.76,4.92,4.76,0,2.98,0.0467745775227316,0.0467745775227316,0,4.5,0.0833218876913685,0
"264",4,0.0455029905482251,0.0455029905482251,0,4.29,0.0765545816235191,0.0455029905482251,-3.4,4.35,0.375,4.04,4.44,4.17,4.36,7,4.38,-8.72,4.37,0.0455029905482251,0.94,0.0455029905482251,0.0910059810964503,0,4.5,0.0930646314708004,0
"265",7,0,0.0482859589785341,0.0965719179570682,3.95,0.067337209051544,0.0965719179570682,4.04,4.35,0.375,1.81,4.36,4.29,4.5,7,4.17,4.04,4.17,0.0482859589785341,-6.81,0,0.0965719179570682,0,3.95,0.0880873091706204,0
"266",4,0.0485312407282557,0.145593722184767,0.0970624814565115,4.6,0.0523130979343361,0.0485312407282557,-14.92,4.35,0.375,4.92,4.17,4.36,4.35,4,3.97,4.04,3.95,0.0485312407282557,-6.81,0,0.0970624814565115,0,4.38,0.0897904507866706,0
"267",7,0.0465531167205889,0.0465531167205889,0.0931062334411778,4.65,0.0703714864886902,0.0465531167205889,-5.55,4.35,0.125,1.81,4.75,4.6,3.95,6,4.35,4.92,4.29,0.139659350161767,1.81,0,0.0465531167205889,0,4.36,0.096523926575448,0
"268",4,0,0.0488139530827032,0.0976279061654064,3.95,0.0517681005137007,0,4.92,4.35,0.25,-6.81,4.76,4.66,4.29,4,4.76,4.04,4.17,0,-8.72,0,0.0976279061654064,0,4.17,0.0689951012360519,0
"269",4,0,0.0960184872521857,0,3.95,0.0509483952493821,0,4.92,4.35,0.3125,4.92,4.17,4.17,4.35,7,4.5,4.92,4.35,0.0480092436260929,-5.54,0.0480092436260929,0.33606470538265,0,4.17,0.080720287502454,0
"270",6,0.0480267295345118,0.0960534590690236,0.0480267295345118,4.5,0.0288325307032868,0.0480267295345118,4.92,4.35,0.4375,4.92,4.38,4.35,3.95,5,3.95,0.94,3.97,0,4.92,0,0.144080188603535,0,4.17,0.0824069374916911,0
"271",7,0.102725353386673,0.102725353386673,0.0513626766933365,4.37,0.0352671365450251,0.0513626766933365,-14.92,4.35,0.375,-6.81,4.17,4.29,4.75,5,4.29,1.81,4.17,0.0513626766933365,-14.92,0.0513626766933365,0.102725353386673,0,4.38,0.0544105665433825,0
"272",5,0.0990921695789721,0.0495460847894861,0,4.63,0.0333616125738179,0,4.92,4.35,0.125,-3.4,4.38,4.76,4.38,4,4.37,4.92,4.6,0,-6.81,0.0990921695789721,0.0990921695789721,0,4.17,0.0655841303426264,0
"273",5,0.0518162152365529,0.0518162152365529,0,4.35,0.0290080839994069,0,-14.92,4.35,0.25,-8.72,4.17,4.35,4.75,6,4.17,-6.81,4.29,0.155448645709659,-5.54,0.155448645709659,0.155448645709659,0,4.38,0.0855606299569341,0
"274",4,0.0495537523062686,0.247768761531343,0,4.35,0.0773372454050343,0,2.98,4.35,0.25,-2.57,4.17,4.35,4.37,5,4.35,2.98,4.17,0.0495537523062686,-14.92,0.148661256918806,0.0991075046125372,0,4.66,0.0733186110979756,0
"275",6,0,0.102223440001142,0.0511117200005708,4.5,0.0705836128132607,0,1.81,4.35,0.3125,-3.4,4.17,4.37,4.44,6,4.65,1.81,4.66,0.102223440001142,-2.57,0.0511117200005708,0.102223440001142,0,4.35,0.0313832066233427,0
"276",5,0.0519603793946864,0.155881138184059,0,4.35,0.0426477688571517,0,4.92,4.35,0.4375,-5.54,4.37,4.38,4.44,5,4.66,-3.4,4.37,0.0519603793946864,-2.57,0.155881138184059,0.0519603793946864,0,4.17,0.0556231932082285,0
"277",6,0.0507931053780779,0.101586210756156,0.0507931053780779,3.95,0.0684761004575366,0.101586210756156,1.81,4.35,0.3125,-6.81,4.36,3.97,4.17,5,4.35,-8.72,3.95,0.101586210756156,-5.55,0,0.0507931053780779,0,4.35,0.0513667181515517,0
"278",4,0.0486095146784623,0.0486095146784623,0.0972190293569246,4.5,0.111886161021239,0.145828544035387,-8.72,4.35,0.1875,0.94,4.7,3.95,4.36,7,4.36,0.94,4.36,0.0486095146784623,4.04,0,0,0.0486095146784623,4.76,0.063649536870175,0
"279",5,0,0.0502005056795144,0,4.5,0.0789207083586658,0,4.04,4.35,0.125,-3.4,4.6,3.97,3.97,8,4.35,4.92,4.63,0.0502005056795144,-3.4,0,0.0502005056795144,0,4.44,0.0673831508847166,0
"280",5,0.0489700731268722,0.0489700731268722,0,4.5,0.0643100216345266,0.0489700731268722,-5.55,4.35,0.1875,4.92,4.63,4.38,4.63,4,4.44,-6.81,4.76,0.0489700731268722,1.81,0,0.0489700731268722,0,4.36,0.0852522067470999,0
"281",7,0.0484017601385678,0.0968035202771356,0,3.97,0.0887347796199285,0.0484017601385678,-6.81,4.35,0.0625,0.94,3.97,4.35,4.76,7,4.35,-5.55,4.38,0.0968035202771356,1.81,0,0.0484017601385678,0,4.29,0.078022454569235,0
"282",6,0,0.100293232896044,0,4.75,0.0659344628310573,0.0501466164480218,4.92,4.35,0.4375,-6.81,4.66,4.37,4.6,4,4.75,-6.64,4.35,0.0501466164480218,-2.57,0.0501466164480218,0.0501466164480218,0,3.95,0.074929897972645,0
"283",7,0.139749443305412,0.139749443305412,0,4.35,0.0754315151017549,0,1.81,4.35,0,-14.92,4.38,4.35,4.38,6,4.35,1.28,3.97,0.139749443305412,0.94,0,0,0,4.35,0.0806574329340329,0
"284",7,0.0511768390905221,0.102353678181044,0.0511768390905221,3.97,0.0523149804952436,0,1.81,4.35,0.1875,2.33,4.5,4.5,4.35,5,4.76,1.81,4.35,0.153530517271566,4.04,0,0,0.0511768390905221,4.35,0.0354856751723412,0
"285",7,0.0509205935951405,0.101841187190281,0.101841187190281,4.76,0.0788443447280001,0,4.92,4.35,0.375,-6.64,4.35,4.35,4.29,4,4.17,-14.92,4.17,0.101841187190281,-5.54,0.0509205935951405,0.152761780785422,0,4.17,0.0414136180646323,0
"286",5,0.0526242725107183,0.105248545021437,0.0526242725107183,4.38,0.0548366254920846,0,-8.72,4.35,0.375,-0.14,4.35,4.37,4.29,5,4.63,-8.72,3.95,0,4.04,0.105248545021437,0,0.0526242725107183,4.76,0.0335935880698706,0
"287",4,0.0504653237055493,0.0504653237055493,0,4.7,0.0604889574625614,0.0504653237055493,4.04,4.35,0.125,1.28,4.17,4.17,4.7,6,4.36,-6.81,4.66,0.0504653237055493,-14.92,0,0.151395971116648,0.100930647411099,4.44,0.027189645182313,0
"288",6,0.048931564918361,0.048931564918361,0,4.38,0.0694719295487756,0.146794694755083,-5.55,4.35,0.1875,1.28,3.95,4.5,4.66,6,4.36,-8.72,3.97,0,4.92,0,0.048931564918361,0,4.36,0.0614694819286829,0
"289",5,0,0.0976762624021768,0.0488381312010884,4.7,0.0790034646271727,0.146514393603265,4.92,4.35,0.375,4.92,4.44,3.97,4.76,6,4.36,4.92,3.95,0,4.04,0,0.0488381312010884,0.0488381312010884,3.95,0.0602175269319886,0
"290",6,0.0499564388256711,0.149869316477013,0.0999128776513423,4.5,0.0541535367206547,0,4.92,4.35,0.25,1.81,4.38,4.44,4.17,4,4.35,1.81,4.35,0.149869316477013,-2.57,0,0.0999128776513423,0.0499564388256711,4.17,0.0672704625755649,0
"291",4,0.0489071574698303,0.0978143149396606,0,4.17,0.0734431565351127,0,4.92,4.35,0.6875,4.04,4.76,4.35,4.38,7,4.37,-2.57,4.5,0.0978143149396606,-6.81,0.0489071574698303,0.0978143149396606,0,4.17,0.0697460389109091,0
"292",5,0.0515977468617016,0.103195493723403,0,4.7,0.060311464931739,0.0515977468617016,4.04,4.35,0.625,0.94,4.17,4.38,4.44,8,4.35,-5.55,4.5,0,4.04,0,0.0515977468617016,0.0515977468617016,4.44,0.0593302715375525,0
"293",7,0.0505263678977436,0,0.0505263678977436,4.38,0.049833408342955,0.0505263678977436,-3.4,3.95,0.4375,-6.64,4.6,4.66,3.97,6,4.75,-0.14,4.37,0.0505263678977436,1.81,0.0505263678977436,0,0.0505263678977436,4.5,0.061047857067702,0
"294",6,0.0533021963322713,0.106604392664543,0,4.17,0.0474329384474374,0.0533021963322713,-14.92,4.7,0.75,-2.57,4.37,3.97,4.6,7,4.37,-4.66,4.35,0,-5.55,0.106604392664543,0.0533021963322713,0.106604392664543,4.38,0.061779146074749,0
"295",5,0,0.0519694817151569,0.103938963430314,4.29,0.0412797652984974,0.103938963430314,0.94,4.36,0.6875,0.94,3.97,4.75,4.35,7,4.17,4.04,4.5,0,4.04,0,0.0519694817151569,0,3.97,0.0804781997535858,0
"296",4,0,0.10429962066801,0.10429962066801,4.35,0.0442909225966264,0.0521498103340051,-8.72,4.35,0.375,2.98,4.35,3.95,4.44,5,4.76,-2.57,3.95,0.10429962066801,-5.55,0,0,0,4.76,0.0309661768211721,0
"297",7,0.0532124279296578,0.159637283788973,0.0532124279296578,4.17,0.0417041566254687,0.0532124279296578,4.04,4.35,0.5625,0.94,4.36,4.44,3.97,5,3.97,1.81,4.35,0.0532124279296578,-14.92,0,0.0532124279296578,0.0532124279296578,3.95,0.0428433463157092,0
"298",4,0,0.104872594197786,0,4.35,0.0527276452562829,0.0524362970988932,-5.55,4.35,0.375,1.81,4.44,4.35,4.5,6,4.66,1.81,4.75,0.209745188395573,-6.64,0,0,0.0524362970988932,4.36,0.0291859557379966,0
"299",7,0,0,0,3.97,0.0575492986298824,0.0497937050073448,-5.55,3.95,0.1875,2.98,4.35,4.6,3.95,7,4.37,-6.81,4.75,0.0995874100146896,4.92,0.0497937050073448,0.0497937050073448,0,4.36,0.0312956894838702,0
"300",6,0,0.156067152298405,0,4.35,0.0521749225175228,0.104044768198937,-5.55,4.76,0.375,-2.57,4.37,4.35,4.36,8,4.76,-8.72,4.37,0,2.98,0.104044768198937,0,0,4.36,0.046026300562192,0
"301",5,0.0528914631202523,0.0528914631202523,0.0528914631202523,4.75,0.0525570316098905,0,0.94,4.35,0.25,4.04,3.97,4.44,3.95,4,3.95,-6.64,4.29,0,-3.4,0,0,0.0528914631202523,3.97,0.0299642473031197,0
"302",6,0.0506686028632319,0.0506686028632319,0.0506686028632319,4.29,0.0784609446460137,0.202674411452928,4.04,4.35,0.125,-6.81,4.38,4.29,4.36,4,4.52,4.92,3.97,0,-5.55,0,0,0,3.95,0.034476189594401,0
"303",4,0.0503232398497074,0.0503232398497074,0,4.37,0.0771228152111724,0.0503232398497074,-6.81,4.35,0.125,1.81,4.29,4.38,3.95,6,4.5,4.92,4.75,0.100646479699415,-3.4,0.100646479699415,0,0,4.29,0.0296050048911795,0
"304",4,0.0488000403134715,0.0488000403134715,0.097600080626943,4.35,0.0904945423830806,0.0488000403134715,0.94,4.35,0.25,-3.4,4.37,3.95,3.95,7,3.95,-5.55,4.29,0.097600080626943,-5.54,0.097600080626943,0,0,3.97,0.0513656716878927,0
"305",6,0.0503715848986046,0.0503715848986046,0.0503715848986046,4.17,0.0713435847492594,0,-4.66,4.35,0.125,-0.14,4.35,3.97,4.52,7,4.44,-6.64,4.76,0.0503715848986046,-6.64,0,0.0503715848986046,0,4.63,0.0533299657682048,0
"306",7,0,0.102141393140522,0.255353482851305,4.17,0.0808640507448685,0,4.92,4.35,0.25,4.04,3.95,3.95,4.17,7,4.44,1.81,4.35,0.102141393140522,4.04,0,0.204282786281044,0,4.17,0.0416264078951559,0
"307",3,0.0481925664773099,0.0481925664773099,0.0481925664773099,4.17,0.125061248192398,0,1.81,4.35,0.3125,-14.92,4.44,3.95,4.66,6,3.95,2.98,4.5,0.0963851329546198,1.81,0,0.0481925664773099,0,4.35,0.048136562939991,0
"308",5,0.0471114654055101,0.14133439621653,0,4.17,0.0945836529279245,0.0942229308110201,-8.72,4.35,0.125,-3.4,4.35,4.17,4.76,7,4.37,4.92,4.36,0,-5.55,0.0471114654055101,0.23555732702755,0,4.76,0.0884224821092447,0
"309",6,0.0463473984378871,0.0926947968757742,0.0463473984378871,4.36,0.0939624283250368,0.0926947968757742,-5.54,4.35,0.125,-6.64,4.17,4.38,4.36,5,4.35,4.92,4.35,0.0463473984378871,-4.66,0.0463473984378871,0.0463473984378871,0,4.37,0.0835154569803161,0
"310",5,0.0992946065395998,0.0992946065395998,0,4.63,0.0567581150841039,0.0496473032697999,-5.55,4.35,0.125,4.92,4.35,4.52,3.97,6,4.6,-5.54,4.76,0,-6.81,0.0496473032697999,0.0992946065395998,0,4.36,0.0555470582200484,0
"311",6,0.049208895926014,0.049208895926014,0,4.29,0.0374400416414826,0,4.92,4.35,0.375,4.92,4.38,3.95,3.97,8,4.17,4.92,3.95,0.0984177918520279,1.81,0,0.196835583704056,0,4.17,0.106987561150287,0
"312",6,0.0481923711132632,0.0481923711132632,0,4.36,0.0301614062820794,0.0481923711132632,-5.54,4.35,0.3125,1.81,4.5,4.35,4.7,5,4.29,4.92,4.52,0.0963847422265263,2.98,0.0963847422265263,0.0963847422265263,0.0481923711132632,4.37,0.0703674937582179,0
"313",6,0.0476614199746136,0.0476614199746136,0.142984259923841,3.95,0.0298891027781703,0.0953228399492272,-14.92,4.35,0.3125,0.94,4.36,4.75,4.36,6,4.7,4.92,3.95,0,4.92,0,0.0476614199746136,0.0476614199746136,4.38,0.0756799863418442,0
"314",4,0.0499208512702256,0.0499208512702256,0.0998417025404513,4.35,0.0763284737316712,0,4.04,4.35,0.1875,4.04,3.95,4.65,4.38,6,3.97,4.04,4.35,0.249604256351128,1.81,0,0.0499208512702256,0,4.44,0.0528453102173274,0
"315",6,0.0487904761035515,0.0487904761035515,0.0487904761035515,4.76,0.0826481810417817,0.097580952207103,2.33,4.35,0.25,4.92,3.95,4.38,4.17,7,4.5,4.92,4.29,0,2.35,0.0487904761035515,0.146371428310655,0.0487904761035515,4.7,0.0626546737304703,0
"316",6,0.106713368220428,0.053356684110214,0.053356684110214,4.37,0.0588406419432012,0,-8.72,4.35,0.3125,-8.72,4.17,3.95,4.29,8,4.38,1.81,4.29,0.106713368220428,-14.92,0.053356684110214,0.053356684110214,0,4.76,0.0416720259020227,0
"317",7,0,0.051076552865867,0,3.97,0.0854677818554102,0,-3.4,4.35,0.25,-0.14,4.37,4.35,3.95,6,4.35,4.04,4.5,0.153229658597601,1.81,0.051076552865867,0,0,4.5,0.0412694336371191,0
"318",4,0,0.0959755949885981,0,4.35,0.0648506568849169,0,2.98,4.35,0.75,-0.14,4.75,4.17,4.75,5,4.17,2.98,4.6,0.047987797494299,2.98,0,0.0959755949885981,0,4.66,0.0539401971129951,0
"319",5,0,0.0491396597045917,0,4.35,0.0565352288265656,0,0.94,4.35,0.3125,4.92,4.35,4.76,4.52,5,4.44,0.94,4.75,0.0982793194091834,4.92,0,0.147418979113775,0,3.97,0.0492142278245164,0
"320",4,0,0.0899913692421226,0,4.17,0.046345517647067,0.0449956846210613,-2.57,4.5,0.1875,0.94,4.35,3.97,4.17,6,4.35,-3.4,4.35,0.134987053863184,-4.66,0,0.0899913692421226,0.0449956846210613,4.35,0.0889588369813095,0
"321",4,0.14878946208858,0,0.0495964873628598,4.38,0.0639498992335672,0,-0.14,4.5,0.125,0.94,4.37,4.29,4.76,8,4.38,4.92,4.29,0,4.92,0.0495964873628598,0.14878946208858,0,4.6,0.0576317394900624,0
"322",7,0,0,0.0981819252738064,4.35,0.0450615868242908,0.14727288791071,4.04,4.52,0.4375,-6.81,4.36,4.36,4.35,5,4.17,4.92,4.52,0.14727288791071,4.04,0,0.0490909626369032,0,3.95,0.0833141815493609,0
"323",8,0.0978390080619125,0.146758512092869,0,4.38,0.0719123906140544,0,-2.57,4.35,0.3125,2.98,3.95,4.76,3.97,6,4.38,-8.72,3.95,0.0489195040309562,1.81,0,0,0,4.35,0.0704419009796057,0
"324",4,0,0.0955204383095485,0.143280657464323,4.5,0.0519938134003647,0,-5.54,4.35,0.1875,2.98,4.35,3.95,4.35,7,3.95,-8.72,3.95,0.0477602191547742,2.98,0.0477602191547742,0,0,4.37,0.0275570687977798,0
"325",8,0,0.20437822735124,0.05109455683781,4.44,0.0543494617827625,0.05109455683781,-2.57,4.35,0.125,4.04,4.76,4.5,3.95,8,4.44,-6.64,4.35,0,-5.55,0,0,0.05109455683781,4.35,0.0289219981351892,0
"326",8,0,0.0504264372862251,0,4.29,0.0889698374991182,0,-6.81,4.35,0.4375,-6.81,4.44,4.76,4.5,5,3.95,0.94,4.35,0.0504264372862251,4.92,0.0504264372862251,0.10085287457245,0,4.29,0.0217797199039544,0
"327",7,0.0481136273418215,0.144340882025464,0.096227254683643,4.35,0.102689146295839,0,1.28,4.35,0.1875,4.92,4.5,4.35,3.95,7,3.95,-3.4,4.65,0,-14.92,0.0481136273418215,0.144340882025464,0,4.65,0.0286709457960589,0
"328",7,0,0.0500414760576932,0,4.36,0.0499533922506636,0.100082952115386,4.92,4.35,0.0625,-3.4,4.35,4.36,4.35,4,4.37,-3.4,4.63,0.150124428173079,1.81,0.0500414760576932,0,0,3.95,0.0606209936706008,0
"329",7,0,0.0945014132321539,0,4.35,0.0842902310018039,0.047250706616077,-6.81,4.35,0.25,4.92,4.52,4.36,4.37,7,4.5,1.81,4.29,0.047250706616077,-6.81,0.047250706616077,0.141752119848231,0,4.29,0.0822070428296693,0
"330",4,0,0.0932867953538402,0.0466433976769201,4.6,0.0663256994625467,0.0466433976769201,4.92,4.35,0.5625,0.94,4.35,4.6,3.95,8,4.75,4.04,4.5,0,-8.72,0,0.0466433976769201,0,4.17,0.109094006323197,0
"331",8,0.0494754691753895,0.0494754691753895,0,4.38,0.0517025249925177,0.0989509383507789,-6.81,4.35,0.5625,-5.54,4.37,4.29,4.36,8,4.37,-5.55,4.5,0,-6.81,0.148426407526168,0,0,4.29,0.126037523102145,0
"332",7,0,0.0517706244910602,0.10354124898212,4.37,0.0699673700402885,0.0517706244910602,-8.72,4.35,0.6875,-5.55,4.5,4.76,4.44,8,3.95,0.94,4.35,0.0517706244910602,4.04,0.0517706244910602,0,0,4.76,0.0602995235021941,0
"333",7,0,0.151581553099429,0,4.35,0.0750765743162726,0.0505271843664765,-5.55,4.35,0.6875,-2.57,4.5,3.95,3.97,7,4.29,2.98,4.5,0,-6.81,0,0,0,4.36,0.0476235773936295,0
"334",4,0.049733341799198,0.149200025397594,0.049733341799198,4.75,0.0697365356468815,0.049733341799198,-3.4,4.35,0.1875,-14.92,4.35,4.36,4.35,5,4.75,4.04,4.66,0,-6.81,0,0,0,4.5,0.0467672423728099,0
"335",5,0.10043583611772,0.0502179180588601,0.0502179180588601,4.65,0.0566706742592469,0.0502179180588601,0.94,4.35,0.125,-4.66,4.63,3.95,4.38,7,4.44,-5.54,3.95,0,-5.55,0.0502179180588601,0,0,3.97,0.0693602676524966,0
"336",7,0.0512741387297273,0.0512741387297273,0.0512741387297273,4.65,0.0658227093897463,0.153822416189182,0.94,4.35,0.0625,-4.66,4.6,4.36,4.63,7,4.44,-5.55,3.95,0,-5.55,0,0,0,3.97,0.0371832621670725,0
"337",7,0,0.0512401067500876,0.0512401067500876,4.17,0.0527060781706091,0.0512401067500876,2.98,4.35,0.75,-5.55,4.5,3.95,4.76,4,4.75,1.28,3.97,0,-5.54,0.0512401067500876,0.0512401067500876,0,4.66,0.0681995939746328,0
"338",8,0,0.0987274172021435,0.0493637086010718,4.44,0.0721181174338723,0,2.35,4.35,0.375,-5.54,4.52,4.35,4.63,8,4.17,-3.4,4.17,0.0987274172021435,-5.54,0.0987274172021435,0.0987274172021435,0,4.52,0.0669639128925957,0
"339",5,0,0.199288767219259,0.0498221918048147,4.36,0.0515986447438488,0.0996443836096294,-2.57,4.35,0.1875,-2.57,3.95,4.17,4.5,7,4.76,4.04,4.35,0,-8.72,0,0.149466575414444,0,4.35,0.0751483144726916,0
"340",6,0,0.101998393502365,0,4.63,0.0771374797410809,0.0509991967511825,4.04,4.35,0.3125,2.35,4.6,4.29,4.66,8,4.52,-2.57,4.17,0,-5.54,0.152997590253548,0.0509991967511825,0,4.44,0.0368862774660059,0
