"","X","S1","S2","S3","S4","S5","S6","S7","S8","S9","S10","S11","S12","S13","S14","S15","AAindex.ANDN920101_1","AAindex.ANDN920101_2","AAindex.ANDN920101_3","AAindex.ANDN920101_4","AAindex.ANDN920101_5","AAindex.ANDN920101_6","AAindex.ANDN920101_7","AAindex.ANDN920101_8","AAindex.ANDN920101_9","AAindex.ANDN920101_10","AAindex.ANDN920101_11","AAindex.ANDN920101_12","AAindex.ANDN920101_13","AAindex.ANDN920101_14","AAindex.ANDN920101_15","CTD.C_small","CTD.C_medium","CTD.C_large","CTD.T_small_medium","CTD.T_small_large","CTD.T_medium_large","CTD.D_small_1st","CTD.D_small_25.","CTD.D_small_50.","CTD.D_small_75.","CTD.D_small_100.","CTD.D_medium_1st","CTD.D_medium_25.","CTD.D_medium_50.","CTD.D_medium_75.","CTD.D_medium_100.","CTD.D_large_1st","CTD.D_large_25.","CTD.D_large_50.","CTD.D_large_75.","CTD.D_large_100.","H.1","H.2","H.3","H.4","H.5","H.6","H.7","H.8","H.9","H.10","H.11","H.12","H.13","H.14","H.15","PAC.R","PAC.K","PAC.E","PAC.D","PAC.Q","PAC.N","PAC.W","PAC.G","PAC.A","PAC.S","PAC.T","PAC.P","PAC.H","PAC.Y","PAC.C","PAC.V","PAC.L","PAC.I","PAC.M","PAC.F","PAC.1","PAC.2","PAC.3","PAC.4","class"
"1","VKPPQFTWAQWFETQ.",6,7,7,7,8,7,8,8,8,8,7,8,8,8,7,3.95,4.36,4.44,4.44,4.37,4.66,4.35,4.7,4.35,4.37,4.7,4.66,4.29,4.35,4.37,0.3125,0.3125,0.3125,0.266666666666667,0.266666666666667,0.266666666666667,0.1875,0.25,0.4375,0.875,0,0.0625,0.3125,0.625,0.9375,0,0.125,0.375,0.5,0.75,0,4.04,-5.55,4.04,4.04,-5.54,2.98,-2.57,2.33,1.81,-5.54,2.33,2.98,-6.81,-2.57,-5.54,0,0.0487463364109299,0.0487463364109299,0,0.14623900923279,0,0.0974926728218599,0,0.0487463364109299,0,0.0974926728218599,0.0974926728218599,0,0,0,0.0487463364109299,0,0,0,0.0974926728218599,0.0835907060927176,0.0766762706224563,0.0412961943328439,0.0672417827880331,1
"2","CVREVCRWSSWYNGH.",7,6,6,6,7,7,7,7,7,7,7,7,8,7,7,4.65,3.95,4.38,4.29,3.95,4.65,4.38,4.7,4.5,4.5,4.7,4.6,4.75,3.97,4.63,0.3125,0.25,0.375,0.2,0.266666666666667,0.2,0.0625,0.375,0.5625,0.875,0,0.125,0.25,0.3125,0.8125,0,0.1875,0.4375,0.6875,0.9375,0,1.28,4.04,-14.92,-6.81,4.04,1.28,-14.92,2.33,-3.4,-3.4,2.33,-0.14,-6.64,0.94,-4.66,0.0914371438234876,0,0.0457185719117438,0,0,0.0457185719117438,0.0914371438234876,0.0457185719117438,0,0.0914371438234876,0,0,0.0457185719117438,0.0457185719117438,0.0914371438234876,0.0914371438234876,0,0,0,0,0.0669548575464907,0.0685912654290254,0.0891026349499179,0.0895726633984093,1
"3","TCQPRCQWTEWFDED.",6,6,7,7,8,8,8,8,7,7,7,7,8,8,8,4.35,4.65,4.37,4.44,4.38,4.65,4.37,4.7,4.35,4.29,4.7,4.66,4.76,4.29,4.76,0.4375,0.25,0.25,0.4,0.266666666666667,0.133333333333333,0.0625,0.125,0.375,0.8125,0,0.1875,0.4375,0.625,0.875,0,0.3125,0.5,0.6875,0.75,0,-2.57,1.28,-5.54,4.04,-14.92,1.28,-5.54,2.33,-2.57,-6.81,2.33,2.98,-8.72,-6.81,-8.72,0.0461474805406805,0,0.092294961081361,0.092294961081361,0.092294961081361,0,0.092294961081361,0,0,0,0.092294961081361,0.0461474805406805,0,0,0.092294961081361,0,0,0,0,0.0461474805406805,0.0536000018398618,0.0824933844720095,0.0851229981464403,0.0865714074314805,1
"4","RCQPKCEWTEWFDVD.",8,8,8,8,8,7,7,7,7,7,7,8,8,8,8,4.38,4.65,4.37,4.44,4.36,4.65,4.29,4.7,4.35,4.29,4.7,4.66,4.76,3.95,4.76,0.375,0.25,0.3125,0.4,0.333333333333333,0.133333333333333,0.125,0.25,0.5625,0.9375,0,0.1875,0.4375,0.625,0.875,0,0.0625,0.3125,0.5,0.75,0,-14.92,1.28,-5.54,4.04,-5.55,1.28,-6.81,2.33,-2.57,-6.81,2.33,2.98,-8.72,4.04,-8.72,0.0472636103714345,0.0472636103714345,0.094527220742869,0.094527220742869,0.0472636103714345,0,0.094527220742869,0,0,0,0.0472636103714345,0.0472636103714345,0,0,0.094527220742869,0.0472636103714345,0,0,0,0.0472636103714345,0.0843226829150484,0.0871817956452703,0.0855664967615225,0.0339748691066416,1
"5","GCEPQCAWSEWLDYS.",8,8,8,8,8,7,6,6,6,6,6,7,8,8,8,3.97,4.65,4.29,4.44,4.37,4.65,4.35,4.7,4.5,4.29,4.7,4.17,4.76,4.6,4.5,0.5,0.25,0.1875,0.4,0.266666666666667,0.133333333333333,0.0625,0.25,0.4375,0.8125,0,0.1875,0.3125,0.625,0.75,0,0.5,0.5,0.6875,0.875,0,0.94,1.28,-6.81,4.04,-5.54,1.28,1.81,2.33,-3.4,-6.81,2.33,4.92,-8.72,-0.14,-3.4,0,0,0.0916782621564338,0.0458391310782169,0.0458391310782169,0,0.0916782621564338,0.0458391310782169,0.0458391310782169,0.0916782621564338,0,0.0458391310782169,0,0.0458391310782169,0.0916782621564338,0,0.0458391310782169,0,0,0,0.106766245751516,0.0829876056892563,0.0388333114738507,0.0838258709121233,1
"6","GCEPQCAWSEWLDYS..1",7,7,7,7,6,6,7,7,7,7,7,8,8,8,8,3.97,4.65,4.29,4.44,4.37,4.65,4.35,4.7,4.5,4.29,4.7,4.17,4.76,4.6,4.5,0.5,0.25,0.1875,0.4,0.266666666666667,0.133333333333333,0.0625,0.25,0.4375,0.8125,0,0.1875,0.3125,0.625,0.75,0,0.5,0.5,0.6875,0.875,0,0.94,1.28,-6.81,4.04,-5.54,1.28,1.81,2.33,-3.4,-6.81,2.33,4.92,-8.72,-0.14,-3.4,0,0,0.0871287747401057,0.0435643873700529,0.0435643873700529,0,0.0871287747401057,0.0435643873700529,0.0435643873700529,0.0871287747401057,0,0.0435643873700529,0,0.0435643873700529,0.0871287747401057,0,0.0435643873700529,0,0,0,0.140655312800479,0.036906228022125,0.0849042641170849,0.0840683845095185,1
"7","GCEPQCAWSEWLDYS..2",7,7,8,7,7,7,7,8,7,6,5,6,8,8,8,3.97,4.65,4.29,4.44,4.37,4.65,4.35,4.7,4.5,4.29,4.7,4.17,4.76,4.6,4.5,0.5,0.25,0.1875,0.4,0.266666666666667,0.133333333333333,0.0625,0.25,0.4375,0.8125,0,0.1875,0.3125,0.625,0.75,0,0.5,0.5,0.6875,0.875,0,0.94,1.28,-6.81,4.04,-5.54,1.28,1.81,2.33,-3.4,-6.81,2.33,4.92,-8.72,-0.14,-3.4,0,0,0.0891253070383754,0.0445626535191877,0.0445626535191877,0,0.0891253070383754,0.0445626535191877,0.0445626535191877,0.0891253070383754,0,0.0445626535191877,0,0.0445626535191877,0.0891253070383754,0,0.0445626535191877,0,0,0,0.0728745509112484,0.0868498223563259,0.0836434792669873,0.088192344677623,1
"8","GCEPQCAWSEWLDYS..3",8,8,8,7,7,6,6,7,7,7,7,8,8,8,8,3.97,4.65,4.29,4.44,4.37,4.65,4.35,4.7,4.5,4.29,4.7,4.17,4.76,4.6,4.5,0.5,0.25,0.1875,0.4,0.266666666666667,0.133333333333333,0.0625,0.25,0.4375,0.8125,0,0.1875,0.3125,0.625,0.75,0,0.5,0.5,0.6875,0.875,0,0.94,1.28,-6.81,4.04,-5.54,1.28,1.81,2.33,-3.4,-6.81,2.33,4.92,-8.72,-0.14,-3.4,0,0,0.0944960798839691,0.0472480399419846,0.0472480399419846,0,0.0944960798839691,0.0472480399419846,0.0472480399419846,0.0944960798839691,0,0.0472480399419846,0,0.0472480399419846,0.0944960798839691,0,0.0472480399419846,0,0,0,0.0622446697677469,0.0871530746485512,0.102806764166528,0.0390748922874048,1
"9","DRYYSSSWSEWASVP.",8,7,6,6,7,7,6,5,5,5,5,6,7,8,8,4.76,4.38,4.6,4.6,4.5,4.5,4.5,4.7,4.5,4.29,4.7,4.35,4.5,3.95,4.44,0.5,0.125,0.3125,0.2,0.333333333333333,0.0666666666666667,0.0625,0.375,0.5625,0.8125,0,0.625,0.625,0.875,0,0,0.125,0.1875,0.25,0.6875,0,-8.72,-14.92,-0.14,-0.14,-3.4,-3.4,-3.4,2.33,-3.4,-6.81,2.33,1.81,-3.4,4.04,4.04,0.0457581495808223,0,0.0457581495808223,0.0457581495808223,0,0,0.0915162991616445,0,0.0457581495808223,0.228790747904111,0,0.0457581495808223,0,0.0915162991616445,0,0.0457581495808223,0,0,0,0,0.0720808513447122,0.0828409960041285,0.0696715356534664,0.0890343732853589,1
"10","QWDFYAPWSECNGCT.",8,7,8,8,8,8,8,7,7,7,7,8,8,8,8,4.37,4.7,4.76,4.66,4.6,4.35,4.44,4.7,4.5,4.29,4.65,4.75,3.97,4.65,4.35,0.5,0.1875,0.25,0.266666666666667,0.333333333333333,0.0666666666666667,0.1875,0.4375,0.6875,0.875,0,0.0625,0.0625,0.625,0.75,0,0.125,0.25,0.3125,0.5,0,-5.54,2.33,-8.72,2.98,-0.14,1.81,4.04,2.33,-3.4,-6.81,1.28,-6.64,0.94,1.28,-2.57,0,0,0.0462479471161857,0.0462479471161857,0.0462479471161857,0.0462479471161857,0.0924958942323714,0.0462479471161857,0.0462479471161857,0.0462479471161857,0.0462479471161857,0.0462479471161857,0,0.0462479471161857,0.0924958942323714,0,0,0,0,0.0462479471161857,0.0814271218443753,0.0391796461482767,0.0874318984252212,0.0982421268393417,1
"11","AGGVDGGWSCWSSWS.",8,8,8,8,8,8,7,6,5,5,6,7,8,7,6,4.35,3.97,3.97,3.95,4.76,3.97,3.97,4.7,4.5,4.65,4.7,4.5,4.5,4.7,4.5,0.6875,0.0625,0.1875,0.133333333333333,0.4,0,0.0625,0.1875,0.4375,0.75,0,0.25,0.25,0.25,0,0,0.5,0.5,0.6875,0.875,0,1.81,0.94,0.94,4.04,-8.72,0.94,0.94,2.33,-3.4,1.28,2.33,-3.4,-3.4,2.33,-3.4,0,0,0,0.045929735212465,0,0,0.137789205637395,0.18371894084986,0.045929735212465,0.18371894084986,0,0,0,0,0.045929735212465,0.045929735212465,0,0,0,0,0.0722578859536902,0.0895141790054782,0.0780642875884536,0.0712176192654028,1
"12","VDGGWSCWSSWSPCV.",6,7,7,6,6,6,6,5,5,5,5,6,7,8,8,3.95,4.76,3.97,3.97,4.7,4.5,4.65,4.7,4.5,4.5,4.7,4.5,4.44,4.65,3.95,0.625,0.125,0.1875,0.133333333333333,0.4,0,0.125,0.25,0.5625,0.8125,0,0.0625,0.0625,0.9375,0,0,0.3125,0.3125,0.5,0.6875,0,4.04,-8.72,0.94,0.94,2.33,-3.4,1.28,2.33,-3.4,-3.4,2.33,-3.4,4.04,1.28,4.04,0,0,0,0.0483977829651024,0,0,0.145193348895307,0.0967955659302048,0,0.19359113186041,0,0.0483977829651024,0,0,0.0967955659302048,0.0967955659302048,0,0,0,0,0.0806217995550191,0.0892738745726005,0.0661321251626339,0.0380054562332105,1
"13","GWSCWSSWSPCVQGK.",8,7,7,7,7,7,7,7,5,4,4,5,6,7,8,3.97,4.7,4.5,4.65,4.7,4.5,4.5,4.7,4.5,4.44,4.65,3.95,4.37,3.97,4.36,0.5625,0.125,0.25,0.133333333333333,0.466666666666667,0,0.0625,0.25,0.4375,0.6875,0,0.75,0.75,0.8125,0,0,0.125,0.3125,0.5,0.9375,0,0.94,2.33,-3.4,1.28,2.33,-3.4,-3.4,2.33,-3.4,4.04,1.28,4.04,-5.54,0.94,-5.55,0,0.0460833172329978,0,0,0.0460833172329978,0,0.138249951698994,0.0921666344659957,0,0.184333268931991,0,0.0460833172329978,0,0,0.0921666344659957,0.0460833172329978,0,0,0,0,0.0961415780390423,0.0834296826625995,0.042988394681718,0.0861905861216727,1
"14","GILISSCWILSAAHC",6,4,4,4,3,4,5,4,5,5,7,8,8,6,7,3.97,3.95,4.17,3.95,4.5,4.5,4.65,4.7,3.95,4.17,4.5,4.35,4.35,4.63,4.65,0.5,0.3125,0.125,0.2,0.2,0.0666666666666667,0.0625,0.375,0.6875,0.8125,0,0.125,0.1875,0.25,0.625,0,0.5,0.5,0.875,0,0,0.94,4.92,4.92,4.92,-3.4,-3.4,1.28,2.33,4.92,4.92,-3.4,1.81,1.81,-4.66,1.28,0,0,0,0,0,0,0.0491749180144099,0.0491749180144099,0.0983498360288199,0.14752475404323,0,0,0.0491749180144099,0,0.0983498360288199,0,0.0983498360288199,0.14752475404323,0,0,0.0336692221451449,0.0779683191983261,0.0853238842605278,0.0654148041798523,0
"15","TLVGIISWGLGCGQK",8,9,9,9,9,8,7,5,5,6,6,7,8,5,5,4.35,4.17,3.95,3.97,3.95,3.95,4.5,4.7,3.97,4.17,3.97,4.65,3.97,4.37,4.36,0.4375,0.375,0.125,0.466666666666667,0.133333333333333,0.0666666666666667,0.0625,0.25,0.5625,0.75,0,0.125,0.1875,0.375,0.875,0,0.5,0.5,0.9375,0,0,-2.57,4.92,4.04,0.94,4.92,4.92,-3.4,2.33,0.94,4.92,0.94,1.28,0.94,-5.54,-5.55,0,0.0461047903847289,0,0,0.0461047903847289,0,0.0461047903847289,0.184419161538915,0,0.0461047903847289,0.0461047903847289,0,0,0,0.0461047903847289,0.0461047903847289,0.0922095807694577,0.0922095807694577,0,0,0.0465890770009943,0.11945113760432,0.0765552107468289,0.0658327188769241,0
"16","KVTNYLDWIRDNMRP",5,6,7,8,9,9,9,9,9,8,7,5,8,8,7,4.36,3.95,4.35,4.75,4.6,4.17,4.76,4.7,3.95,4.38,4.76,4.75,4.52,4.38,4.44,0.25,0.3125,0.375,0.266666666666667,0.2,0.4,0.1875,0.4375,0.6875,0.9375,0,0.125,0.25,0.375,0.75,0,0.0625,0.3125,0.625,0.875,0,-5.55,4.04,-2.57,-6.64,-0.14,4.92,-8.72,2.33,4.92,-14.92,-8.72,-6.64,2.35,-14.92,4.04,0.0953140322489504,0.0476570161244752,0,0.0953140322489504,0,0.0953140322489504,0.0476570161244752,0,0,0,0.0476570161244752,0.0476570161244752,0,0.0476570161244752,0,0.0476570161244752,0.0476570161244752,0.0476570161244752,0.0476570161244752,0,0.0598647164383208,0.116537350676541,0.0516080440432658,0.0571346469747444,0
"17","ADIASHPWQAAIFAK",7,5,5,6,7,8,7,6,5,4,3,3,4,4,4,4.35,4.76,3.95,4.35,4.5,4.63,4.44,4.7,4.37,4.35,4.35,3.95,4.66,4.35,4.36,0.5,0.1875,0.25,0.266666666666667,0.333333333333333,0.133333333333333,0.0625,0.25,0.4375,0.6875,0,0.1875,0.1875,0.5625,0.75,0,0.375,0.5,0.8125,0.9375,0,1.81,-8.72,4.92,1.81,-3.4,-4.66,4.04,2.33,-5.54,1.81,1.81,4.92,2.98,1.81,-5.55,0,0.0483052067149486,0,0.0483052067149486,0.0483052067149486,0,0.0483052067149486,0,0.241526033574743,0.0483052067149486,0,0.0483052067149486,0.0483052067149486,0,0,0,0,0.0966104134298971,0,0.0483052067149486,0.0521866361733591,0.07415114823174,0.0708471446088122,0.0782369702618602,0
"18","LEHQQERWDLGVTEW",5,6,6,6,6,6,6,6,7,7,7,7,7,6,6,4.17,4.29,4.63,4.37,4.37,4.29,4.38,4.7,4.76,4.17,3.97,3.95,4.35,4.29,4.7,0.1875,0.5,0.25,0.333333333333333,0.0666666666666667,0.266666666666667,0.5625,0.5625,0.6875,0.8125,0,0.0625,0.25,0.375,0.75,0,0.1875,0.4375,0.5,0.9375,0,4.92,-6.81,-4.66,-5.54,-5.54,-6.81,-14.92,2.33,-8.72,4.92,0.94,4.04,-2.57,-6.81,2.33,0.0454190943339218,0,0.136257283001765,0.0454190943339218,0.0908381886678435,0,0.0908381886678435,0.0454190943339218,0,0,0.0454190943339218,0,0.0454190943339218,0,0,0.0454190943339218,0.0908381886678435,0,0,0,0.0621091100383026,0.106911226802233,0.0667640985127707,0.0829291496378672,0
"19","LSVSSANWTCSSASW",6,6,6,7,7,8,8,7,7,7,7,7,7,7,7,4.17,4.5,3.95,4.5,4.5,4.35,4.75,4.7,4.35,4.65,4.5,4.5,4.35,4.5,4.7,0.625,0.1875,0.125,0.266666666666667,0.133333333333333,0.0666666666666667,0.125,0.3125,0.625,0.8125,0,0.0625,0.0625,0.1875,0.4375,0,0.5,0.5,0.9375,0,0,4.92,-3.4,4.04,-3.4,-3.4,1.81,-6.64,2.33,-2.57,1.28,-3.4,-3.4,1.81,-3.4,2.33,0,0,0,0,0,0.0498609414106452,0.0997218828212904,0,0.0997218828212904,0.299165648463871,0.0498609414106452,0,0,0,0.0498609414106452,0.0498609414106452,0.0498609414106452,0,0,0,0.0457500252408623,0.0579799025420589,0.0815780382561469,0.0667779128012541,0
"20","WDLGVTEWVQSSLQE",7,7,7,7,6,5,4,4,4,4,5,5,4,4,4,4.7,4.76,4.17,3.97,3.95,4.35,4.29,4.7,3.95,4.37,4.5,4.5,4.17,4.37,4.29,0.3125,0.5,0.125,0.466666666666667,0.0666666666666667,0.133333333333333,0.125,0.25,0.375,0.75,0,0.1875,0.4375,0.625,0.875,0,0.0625,0.0625,0.5,0,0,2.33,-8.72,4.92,0.94,4.04,-2.57,-6.81,2.33,4.04,-5.54,-3.4,-3.4,4.92,-5.54,-6.81,0,0,0.095065244975048,0.047532622487524,0.095065244975048,0,0.095065244975048,0.047532622487524,0,0.095065244975048,0.047532622487524,0,0,0,0,0.095065244975048,0.095065244975048,0,0,0,0.0626317496065057,0.0698650587635178,0.0754450493928642,0.079068804924252,0
"21","RACRSPRWSFIRPMS",5,5,6,7,8,7,6,5,4,4,5,6,6,6,7,4.38,4.35,4.65,4.38,4.5,4.44,4.38,4.7,4.5,4.66,3.95,4.38,4.44,4.52,4.5,0.4375,0.0625,0.4375,0,0.6,0.133333333333333,0.125,0.1875,0.375,0.8125,0,0.6875,0.6875,0.6875,0,0,0.0625,0.25,0.5,0.75,0,-14.92,1.81,1.28,-14.92,-3.4,4.04,-14.92,2.33,-3.4,2.98,4.92,-14.92,4.04,2.35,-3.4,0.19379291045144,0,0,0,0,0,0.0484482276128599,0,0.0484482276128599,0.14534468283858,0,0.0968964552257198,0,0,0.0484482276128599,0,0,0.0484482276128599,0.0484482276128599,0.0484482276128599,0.066862601979678,0.06720820911839,0.084703315129104,0.0545024595799297,0
"22","ERSPLLEWLPTLCFY",7,7,7,6,4,4,4,4,4,4,5,5,4,4,4,4.29,4.38,4.5,4.44,4.17,4.17,4.29,4.7,4.17,4.44,4.35,4.17,4.65,4.66,4.6,0.3125,0.375,0.25,0.266666666666667,0.133333333333333,0.2,0.1875,0.25,0.625,0.8125,0,0.0625,0.3125,0.4375,0.75,0,0.125,0.5,0.875,0.9375,0,-6.81,-14.92,-3.4,4.04,4.92,4.92,-6.81,2.33,4.92,4.04,-2.57,4.92,1.28,2.98,-0.14,0.0454154763689564,0,0.0908309527379127,0,0,0,0.0454154763689564,0,0,0.0454154763689564,0.0454154763689564,0.0908309527379127,0,0.0454154763689564,0.0454154763689564,0,0.181661905475825,0,0,0.0454154763689564,0.0996583326768561,0.0785248843785242,0.0772300313754654,0.0633546060348089,0
"23","AYSKNDLWVVSKTLD",4,5,7,8,8,7,5,6,6,5,4,4,4,4,4,4.35,4.6,4.5,4.36,4.75,4.76,4.17,4.7,3.95,3.95,4.5,4.36,4.35,4.17,4.76,0.375,0.3125,0.25,0.333333333333333,0.333333333333333,0.2,0.0625,0.1875,0.6875,0.9375,0,0.3125,0.4375,0.5625,0.875,0,0.125,0.25,0.5,0.75,0,1.81,-0.14,-3.4,-5.55,-6.64,-8.72,4.92,2.33,4.04,4.04,-3.4,-5.55,-2.57,4.92,-8.72,0,0.0981625418036069,0,0.0981625418036069,0,0.0490812709018034,0.0490812709018034,0,0.0490812709018034,0.0981625418036069,0.0490812709018034,0,0,0.0490812709018034,0,0.0981625418036069,0.0981625418036069,0,0,0,0.094252853539894,0.0707962261735382,0.0556303696256516,0.0431014871338646,0
"24","TIGNARPWKLLISSS",5,6,7,7,7,7,7,6,4,4,4,4,5,5,6,4.35,3.95,3.97,4.75,4.35,4.38,4.44,4.7,4.36,4.17,4.17,3.95,4.5,4.5,4.5,0.4375,0.3125,0.1875,0.333333333333333,0.2,0.0666666666666667,0.0625,0.1875,0.4375,0.875,0,0.125,0.25,0.625,0.75,0,0.375,0.375,0.5,0.5625,0,-2.57,4.92,0.94,-6.64,1.81,-14.92,4.04,2.33,-5.55,4.92,4.92,4.92,-3.4,-3.4,-3.4,0.0485236552321462,0.0485236552321462,0,0,0,0.0485236552321462,0.0485236552321462,0.0485236552321462,0.0485236552321462,0.145570965696439,0.0485236552321462,0.0485236552321462,0,0,0,0,0.0970473104642925,0.0970473104642925,0,0,0.0689134626278217,0.081787028342013,0.0792202206620894,0.0422244598858824,0
"25","ISQDSESWVKDILVN",6,6,6,7,6,4,5,5,7,8,8,7,6,6,7,3.95,4.5,4.37,4.76,4.5,4.29,4.5,4.7,3.95,4.36,4.76,3.95,4.17,3.95,4.75,0.3125,0.5,0.125,0.4,0.133333333333333,0.133333333333333,0.125,0.25,0.3125,0.6875,0,0.0625,0.375,0.75,0.875,0,0.5,0.5,0.625,0,0,4.92,-3.4,-5.54,-8.72,-3.4,-6.81,-3.4,2.33,4.04,-5.55,-8.72,4.92,4.92,4.04,-6.64,0,0.0451122387386143,0.0451122387386143,0.0902244774772286,0.0451122387386143,0.0451122387386143,0.0451122387386143,0,0,0.135336716215843,0,0,0,0,0,0.0902244774772286,0.0451122387386143,0.0902244774772286,0,0,0.0697846128633451,0.088909683416336,0.0960036725960928,0.0686184500450117,0
"26","TIAMVLSWIFLILLR",7,7,7,8,8,8,8,8,9,9,9,9,8,8,7,4.35,3.95,4.35,4.52,3.95,4.17,4.5,4.7,3.95,4.66,4.17,3.95,4.17,4.17,4.38,0.1875,0.5,0.25,0.2,0.133333333333333,0.333333333333333,0.0625,0.0625,0.1875,0.4375,0,0.125,0.375,0.6875,0.8125,0,0.25,0.5,0.625,0.9375,0,-2.57,4.92,1.81,2.35,4.04,4.92,-3.4,2.33,4.92,2.98,4.92,4.92,4.92,4.92,-14.92,0.0449191205926441,0,0,0,0,0,0.0449191205926441,0,0.0449191205926441,0.0449191205926441,0.0449191205926441,0,0,0,0,0.0449191205926441,0.179676482370577,0.134757361777932,0.0449191205926441,0.0449191205926441,0.0576477404754949,0.0857816377797139,0.087977780955356,0.0948060318997733,0
"27","DYARTWYWILIGLTI",6,5,5,5,5,7,8,8,9,9,9,9,8,9,9,4.76,4.6,4.35,4.38,4.35,4.7,4.6,4.7,3.95,4.17,3.95,3.97,4.17,4.35,3.95,0.3125,0.3125,0.3125,0.266666666666667,0.333333333333333,0.0666666666666667,0.0625,0.1875,0.3125,0.875,0,0.5625,0.625,0.6875,0.9375,0,0.125,0.25,0.375,0.5,0,-8.72,-0.14,1.81,-14.92,-2.57,2.33,-0.14,2.33,4.92,4.92,4.92,0.94,4.92,-2.57,4.92,0.0436778879603508,0,0,0.0436778879603508,0,0,0.0873557759207015,0.0436778879603508,0.0436778879603508,0,0.0873557759207015,0,0,0.0873557759207015,0,0,0.0873557759207015,0.131033663881052,0,0,0.0639914692221724,0.0765834581785473,0.102837750947061,0.101419002246958,0
"28","GAFATYYWAMKKPDD",9,9,9,8,8,8,7,4,4,5,7,8,8,8,7,3.97,4.35,4.66,4.35,4.35,4.6,4.6,4.7,4.35,4.52,4.36,4.36,4.44,4.76,4.76,0.5,0,0.4375,0,0.4,0,0.0625,0.25,0.5625,0.875,0,0,0,0,0,0,0.1875,0.375,0.5,0.6875,0,0.94,1.81,2.98,1.81,-2.57,-0.14,-0.14,2.33,1.81,2.35,-5.55,-5.55,4.04,-8.72,-8.72,0,0.0968282784441489,0,0.0968282784441489,0,0,0.0484141392220745,0.0484141392220745,0.145242417666223,0,0.0484141392220745,0.0484141392220745,0,0.0968282784441489,0,0,0,0,0.0484141392220745,0.0484141392220745,0.0678271168963465,0.0682784607015731,0.0483753659219903,0.0893069681489733,0
"29","CCLRCCFWCLENAIK",6,7,8,9,8,8,8,8,8,8,7,5,5,5,5,4.65,4.65,4.17,4.38,4.65,4.65,4.66,4.7,4.65,4.17,4.29,4.75,4.35,3.95,4.36,0.375,0.3125,0.25,0.266666666666667,0.2,0.133333333333333,0.0625,0.125,0.375,0.8125,0,0.1875,0.625,0.6875,0.875,0,0.25,0.4375,0.5,0.9375,0,1.28,1.28,4.92,-14.92,1.28,1.28,2.98,2.33,1.28,4.92,-6.81,-6.64,1.81,4.92,-5.55,0.0471134914958316,0.0471134914958316,0.0471134914958316,0,0,0.0471134914958316,0.0471134914958316,0,0.0471134914958316,0,0,0,0,0,0.235567457479158,0,0.0942269829916632,0.0471134914958316,0,0.0471134914958316,0.0597086739255062,0.0786012689138293,0.0746120246983761,0.0803756600248141,0
"30","LSETMRKADIWLMRN",5,5,5,5,6,6,6,7,6,4,7,4,4,4,4,4.17,4.5,4.29,4.35,4.52,4.38,4.36,4.35,4.76,3.95,4.7,4.17,4.52,4.38,4.75,0.25,0.3125,0.375,0.266666666666667,0.133333333333333,0.266666666666667,0.125,0.25,0.5,0.5625,0,0.0625,0.1875,0.625,0.9375,0,0.3125,0.375,0.6875,0.875,0,4.92,-3.4,-6.81,-2.57,2.35,-14.92,-5.55,1.81,-8.72,4.92,2.33,4.92,2.35,-14.92,-6.64,0.0915035218817046,0.0457517609408523,0.0457517609408523,0.0457517609408523,0,0.0457517609408523,0.0457517609408523,0,0.0457517609408523,0.0457517609408523,0.0457517609408523,0,0,0,0,0,0.0915035218817046,0.0457517609408523,0.0915035218817046,0,0.0832269637878489,0.0973423422997062,0.0539999869279945,0.079154292871666,0
"31","ITHGGANGIYEAIYH",5,7,7,7,7,6,6,5,4,3,4,4,3,4,4,3.95,4.35,4.63,3.97,3.97,4.35,4.75,3.97,3.95,4.6,4.29,4.35,3.95,4.6,4.63,0.375,0.3125,0.25,0.4,0.133333333333333,0.2,0.125,0.25,0.375,0.75,0,0.0625,0.4375,0.5625,0.8125,0,0.1875,0.625,0.875,0.9375,0,4.92,-2.57,-4.66,0.94,0.94,1.81,-6.64,0.94,4.92,-0.14,-6.81,1.81,4.92,-0.14,-4.66,0,0,0.0488376699424194,0,0,0.0488376699424194,0,0.146513009827258,0.0976753398848387,0,0.0488376699424194,0,0.0976753398848387,0.0976753398848387,0,0,0,0.146513009827258,0,0,0.0720366813423793,0.0682000823207951,0.0310620517197029,0.0961361354808321,0
"32","SHSFSPGYSFERHSG",6,6,6,7,8,8,8,6,5,5,5,6,6,8,8,4.5,4.63,4.5,4.66,4.5,4.44,3.97,4.6,4.5,4.66,4.29,4.38,4.63,4.5,3.97,0.5,0.0625,0.375,0,0.533333333333333,0.133333333333333,0.0625,0.3125,0.4375,0.875,0,0.6875,0.6875,0.6875,0,0,0.125,0.25,0.625,0.8125,0,-3.4,-4.66,-3.4,2.98,-3.4,4.04,0.94,-0.14,-3.4,2.98,-6.81,-14.92,-4.66,-3.4,0.94,0.045703246934121,0,0.045703246934121,0,0,0,0,0.091406493868242,0,0.228516234670605,0,0.045703246934121,0.091406493868242,0.045703246934121,0,0,0,0,0,0.091406493868242,0.0970914709603939,0.0785534008993386,0.0646494246464747,0.0741569994819781,0
"33","NIPFVYSHSFSPGYS",8,7,4,5,5,5,7,7,5,6,7,7,7,6,7,4.75,3.95,4.44,4.66,3.95,4.6,4.5,4.63,4.5,4.66,4.5,4.44,3.97,4.6,4.5,0.4375,0.1875,0.3125,0.0666666666666667,0.533333333333333,0.133333333333333,0.1875,0.4375,0.6875,0.8125,0,0.0625,0.0625,0.125,0.3125,0,0.25,0.375,0.5,0.875,0,-6.64,4.92,4.04,2.98,4.04,-0.14,-3.4,-4.66,-3.4,2.98,-3.4,4.04,0.94,-0.14,-3.4,0,0,0,0,0,0.045882790160569,0,0.045882790160569,0,0.183531160642276,0,0.091765580321138,0.045882790160569,0.091765580321138,0,0.045882790160569,0,0.045882790160569,0,0.091765580321138,0.10770140091559,0.0876601152108906,0.0583809848047917,0.058015646660193,0
"34","GKLQPEDWTSLDGPL",7,6,6,7,7,7,6,5,5,5,7,8,8,7,7,3.97,4.36,4.17,4.37,4.44,4.29,4.76,4.7,4.35,4.5,4.17,4.76,3.97,4.44,4.17,0.5,0.3125,0.125,0.4,0.2,0.0666666666666667,0.0625,0.4375,0.625,0.8125,0,0.1875,0.25,0.375,0.9375,0,0.125,0.125,0.5,0,0,0.94,-5.55,4.92,-5.54,4.04,-6.81,-8.72,2.33,-2.57,-3.4,4.92,-8.72,0.94,4.04,4.92,0,0.0496257384339511,0.0496257384339511,0.0992514768679021,0.0496257384339511,0,0.0496257384339511,0.0992514768679021,0,0.0496257384339511,0.0496257384339511,0.0992514768679021,0,0,0,0,0.148877215301853,0,0,0,0.0516998416774215,0.0685349423138368,0.0932818979545004,0.0420972415449755,0
"35","SGALPVAWLERTMRS",6,6,6,6,5,4,4,4,7,7,7,7,7,5,6,4.5,3.97,4.35,4.17,4.44,3.95,4.35,4.7,4.17,4.29,4.38,4.35,4.52,4.38,4.5,0.4375,0.25,0.25,0.266666666666667,0.266666666666667,0.133333333333333,0.0625,0.125,0.3125,0.75,0,0.25,0.375,0.5625,0.625,0,0.5,0.6875,0.8125,0.875,0,-3.4,0.94,1.81,4.92,4.04,4.04,1.81,2.33,4.92,-6.81,-14.92,-2.57,2.35,-14.92,-3.4,0.100503112895151,0,0.0502515564475755,0,0,0,0.0502515564475755,0.0502515564475755,0.100503112895151,0.100503112895151,0.0502515564475755,0.0502515564475755,0,0,0,0.0502515564475755,0.100503112895151,0,0.0502515564475755,0,0.0497161382489897,0.0570750064482392,0.0607231586183934,0.0787123499707458,0
"36","SLGLYPCWLLFWNVL",6,7,7,6,6,5,4,4,5,7,7,7,7,7,5,4.5,4.17,3.97,4.17,4.6,4.44,4.65,4.7,4.17,4.17,4.66,4.7,4.75,3.95,4.17,0.25,0.4375,0.25,0.2,0.133333333333333,0.266666666666667,0.0625,0.1875,0.375,0.4375,0,0.125,0.25,0.625,0.875,0,0.3125,0.5,0.6875,0.75,0,-3.4,4.92,0.94,4.92,-0.14,4.04,1.28,2.33,4.92,4.92,2.98,2.33,-6.64,4.04,4.92,0,0,0,0,0,0.0508967020892301,0.10179340417846,0.0508967020892301,0,0.0508967020892301,0,0.0508967020892301,0,0.0508967020892301,0.0508967020892301,0.0508967020892301,0.254483510446151,0,0,0.0508967020892301,0.0605176354258382,0.0462976911496207,0.0682301049019721,0.0615040371841171,0
"37","ESATRRKWKHYWVSL",5,5,4,5,4,5,5,6,6,6,5,5,5,5,5,4.29,4.5,4.35,4.35,4.38,4.38,4.36,4.7,4.36,4.63,4.6,4.7,3.95,4.5,4.17,0.25,0.1875,0.5,0.2,0.0666666666666667,0.0666666666666667,0.125,0.1875,0.25,0.875,0,0.0625,0.0625,0.8125,0.9375,0,0.3125,0.4375,0.5625,0.6875,0,-6.81,-3.4,1.81,-2.57,-14.92,-14.92,-5.55,2.33,-5.55,-4.66,-0.14,2.33,4.04,-3.4,4.92,0.102515752763629,0.102515752763629,0.0512578763818146,0,0,0,0.102515752763629,0,0.0512578763818146,0.102515752763629,0.0512578763818146,0,0.0512578763818146,0.0512578763818146,0,0.0512578763818146,0.0512578763818146,0,0,0,0.0723303884321014,0.0595697753506798,0.0301887532780619,0.0690429372119384,0
"38","RRKWKHYWVSLKGCT",5,6,6,6,6,6,5,5,4,5,5,5,6,7,7,4.38,4.38,4.36,4.7,4.36,4.63,4.6,4.7,3.95,4.5,4.17,4.36,3.97,4.65,4.35,0.25,0.125,0.5625,0.133333333333333,0.0666666666666667,0.133333333333333,0.625,0.8125,0.875,0.9375,0,0.5625,0.5625,0.6875,0,0,0.0625,0.1875,0.3125,0.5,0,-14.92,-14.92,-5.55,2.33,-5.55,-4.66,-0.14,2.33,4.04,-3.4,4.92,-5.55,0.94,1.28,-2.57,0.0970382845317497,0.145557426797625,0,0,0,0,0.0970382845317497,0.0485191422658748,0,0.0485191422658748,0.0485191422658748,0,0.0485191422658748,0.0485191422658748,0.0485191422658748,0.0485191422658748,0.0485191422658748,0,0,0,0.0798194886770345,0.050837588627751,0.0650335967611564,0.0765221919459356,0
"39","DAESEEHYHLDVAIK",7,7,7,7,7,7,7,7,6,5,4,4,5,5,5,4.76,4.35,4.29,4.5,4.29,4.29,4.63,4.6,4.63,4.17,4.76,3.95,4.35,3.95,4.36,0.3125,0.375,0.25,0.466666666666667,0,0.2,0.0625,0.125,0.25,0.8125,0,0.1875,0.3125,0.625,0.875,0,0.4375,0.5,0.5625,0.9375,0,-8.72,1.81,-6.81,-3.4,-6.81,-6.81,-4.66,-0.14,-4.66,4.92,-8.72,4.04,1.81,4.92,-5.55,0,0.0491865620012734,0.14755968600382,0.0983731240025469,0,0,0,0,0.0983731240025469,0.0491865620012734,0,0,0.0983731240025469,0.0491865620012734,0,0.0491865620012734,0.0491865620012734,0.0491865620012734,0,0,0.0800525638612811,0.0761297821967663,0.0272830968467619,0.0787361270760892,0
"40","ILDQIFVWEQNLEQF",5,4,4,4,4,3,3,4,5,5,5,4,5,5,5,3.95,4.17,4.76,4.37,3.95,4.66,3.95,4.7,4.29,4.37,4.75,4.17,4.29,4.37,4.66,0.0625,0.6875,0.1875,0.133333333333333,0,0.333333333333333,0.1875,0.1875,0.1875,0,0,0.0625,0.25,0.5625,0.75,0,0.375,0.375,0.5,0.9375,0,4.92,4.92,-8.72,-5.54,4.92,2.98,4.04,2.33,-6.81,-5.54,-6.64,4.92,-6.81,-5.54,2.98,0,0,0.0949746372607801,0.0474873186303901,0.14246195589117,0.0474873186303901,0.0474873186303901,0,0,0,0,0,0,0,0,0.0474873186303901,0.0949746372607801,0.0949746372607801,0,0.0949746372607801,0.0881933225336035,0.0610770163721363,0.0772078200541017,0.0612120615843076,0
